Global frequency set at 1000000000000 ticks per second
warn: No dot file generated. Please install pydot to generate the dot file and pdf.
[1;36mColumns: 1024[0m
[1;33mreadres scaling 0 gwrite scaling 64[0m
WARNING: Output directory ext/dramsim3/PIMony/experiment_logs not exists! Using current directory for output!
      0: system.mem_ctrl: Instantiated DRAMsim3 with clock 0.937647 ns and queue size 96
src/base/statistics.hh:279: warn: One of the stats is a legacy stat. Legacy stat is a stat that does not belong to any statistics::Group. Legacy stat is deprecated.
system.remote_gdb: Listening for connections on port 7000
gem5 Simulator System.  https://www.gem5.org
gem5 is copyrighted software; use the --copyright option for details.

gem5 version 23.0.0.1
gem5 compiled Jun 18 2026 17:39:28
gem5 started Jun 18 2026 19:51:40
gem5 executing on 38edebfd5db7, pid 1426
command line: build/RISCV/gem5.opt --debug-flags=DRAMsim3 configs/pimony/basic_pimony_system.py tests/test-progs/pim_dispatch/pim_dispatch_wait_test

Beginning simulation!
src/sim/simulate.cc:194: info: Entering event queue @ 0.  Starting simulation...
  23000: system.mem_ctrl: Enqueueing address 1472
[1;33m[1;35m [AddTransaction(RD)] cid: 2 clk: 25 | READ | addr: 0X5C0[0m
[1;33m[1;35m [AddTransaction(RD)] cid: 3 clk: 25 | READ | addr: 0X5E0[0m
[1;33m[1;36m [AddCommand] cid: 2 clk: 25 | READ | (address) rank: 0 bankgroup: 3 bank: 0 row: 0 column: 2 addr: 0X5C0[0m
[1;33m[1;36m [AddCommand] cid: 3 clk: 25 | READ | (address) rank: 0 bankgroup: 3 bank: 0 row: 0 column: 2 addr: 0X5E0[0m
[1;33m[1;36m [IssueCommand] cid: 2 clk: 26 | ACTIVATE | (address) rank: 0 bankgroup: 3 bank: 0 row: 0 column: 2 addr: 0X5C0[0m
[1;33m[1;36m [IssueCommand] cid: 3 clk: 26 | ACTIVATE | (address) rank: 0 bankgroup: 3 bank: 0 row: 0 column: 2 addr: 0X5E0[0m
[1;33m[1;36m [IssueCommand] cid: 2 clk: 45 | READ | (address) rank: 0 bankgroup: 3 bank: 0 row: 0 column: 2 addr: 0X5C0[0m
[1;33m[1;36m [IssueCommand] cid: 3 clk: 45 | READ | (address) rank: 0 bankgroup: 3 bank: 0 row: 0 column: 2 addr: 0X5E0[0m
[1;33m[1;35m [ReturnDoneRead] cid: 2 clk: 70 | READ | addr: 0X5C0[0m
[1;33m[1;35m [ReturnDoneRead] cid: 3 clk: 70 | READ | addr: 0X5E0[0m
  65590: system.mem_ctrl: Read to address 1472 complete
  65590: system.mem_ctrl: Access for address 1472
  65590: system.mem_ctrl: Queuing response for address 1472
  73590: system.mem_ctrl: Attempting to send response
  73590: system.mem_ctrl: Have 0 read, 0 write, 0 responses outstanding
 122000: system.mem_ctrl: Enqueueing address 1536
[1;33m[1;35m [AddTransaction(RD)] cid: 0 clk: 131 | READ | addr: 0X600[0m
[1;33m[1;35m [AddTransaction(RD)] cid: 1 clk: 131 | READ | addr: 0X620[0m
[1;33m[1;36m [AddCommand] cid: 0 clk: 131 | READ | (address) rank: 0 bankgroup: 0 bank: 0 row: 0 column: 3 addr: 0X600[0m
[1;33m[1;36m [AddCommand] cid: 1 clk: 131 | READ | (address) rank: 0 bankgroup: 0 bank: 0 row: 0 column: 3 addr: 0X620[0m
[1;33m[1;36m [IssueCommand] cid: 0 clk: 132 | ACTIVATE | (address) rank: 0 bankgroup: 0 bank: 0 row: 0 column: 3 addr: 0X600[0m
[1;33m[1;36m [IssueCommand] cid: 1 clk: 132 | ACTIVATE | (address) rank: 0 bankgroup: 0 bank: 0 row: 0 column: 3 addr: 0X620[0m
[1;33m[1;36m [IssueCommand] cid: 0 clk: 151 | READ | (address) rank: 0 bankgroup: 0 bank: 0 row: 0 column: 3 addr: 0X600[0m
[1;33m[1;36m [IssueCommand] cid: 1 clk: 151 | READ | (address) rank: 0 bankgroup: 0 bank: 0 row: 0 column: 3 addr: 0X620[0m
[1;33m[1;35m [ReturnDoneRead] cid: 0 clk: 176 | READ | addr: 0X600[0m
[1;33m[1;35m [ReturnDoneRead] cid: 1 clk: 176 | READ | addr: 0X620[0m
 164912: system.mem_ctrl: Read to address 1536 complete
 164912: system.mem_ctrl: Access for address 1536
 164912: system.mem_ctrl: Queuing response for address 1536
 172912: system.mem_ctrl: Attempting to send response
 172912: system.mem_ctrl: Have 0 read, 0 write, 0 responses outstanding
 241000: system.mem_ctrl: Enqueueing address 450304
[1;33m[1;35m [AddTransaction(RD)] cid: 0 clk: 258 | READ | addr: 0X6DF00[0m
[1;33m[1;35m [AddTransaction(RD)] cid: 1 clk: 258 | READ | addr: 0X6DF20[0m
[1;33m[1;36m [AddCommand] cid: 0 clk: 258 | READ | (address) rank: 1 bankgroup: 2 bank: 1 row: 1 column: 47 addr: 0X6DF00[0m
[1;33m[1;36m [AddCommand] cid: 1 clk: 258 | READ | (address) rank: 1 bankgroup: 2 bank: 1 row: 1 column: 47 addr: 0X6DF20[0m
[1;33m[1;36m [IssueCommand] cid: 0 clk: 259 | ACTIVATE | (address) rank: 1 bankgroup: 2 bank: 1 row: 1 column: 47 addr: 0X6DF00[0m
[1;33m[1;36m [IssueCommand] cid: 1 clk: 259 | ACTIVATE | (address) rank: 1 bankgroup: 2 bank: 1 row: 1 column: 47 addr: 0X6DF20[0m
[1;33m[1;36m [IssueCommand] cid: 0 clk: 278 | READ | (address) rank: 1 bankgroup: 2 bank: 1 row: 1 column: 47 addr: 0X6DF00[0m
[1;33m[1;36m [IssueCommand] cid: 1 clk: 278 | READ | (address) rank: 1 bankgroup: 2 bank: 1 row: 1 column: 47 addr: 0X6DF20[0m
[1;33m[1;35m [ReturnDoneRead] cid: 0 clk: 303 | READ | addr: 0X6DF00[0m
[1;33m[1;35m [ReturnDoneRead] cid: 1 clk: 303 | READ | addr: 0X6DF20[0m
 283911: system.mem_ctrl: Read to address 450304 complete
 283911: system.mem_ctrl: Access for address 450304
 283911: system.mem_ctrl: Queuing response for address 450304
 291911: system.mem_ctrl: Attempting to send response
 291911: system.mem_ctrl: Have 0 read, 0 write, 0 responses outstanding
 354000: system.mem_ctrl: Enqueueing address 1856
[1;33m[1;35m [AddTransaction(RD)] cid: 2 clk: 378 | READ | addr: 0X740[0m
[1;33m[1;35m [AddTransaction(RD)] cid: 3 clk: 378 | READ | addr: 0X760[0m
[1;33m[1;36m [AddCommand] cid: 2 clk: 378 | READ | (address) rank: 0 bankgroup: 2 bank: 0 row: 0 column: 3 addr: 0X740[0m
[1;33m[1;36m [AddCommand] cid: 3 clk: 378 | READ | (address) rank: 0 bankgroup: 2 bank: 0 row: 0 column: 3 addr: 0X760[0m
[1;33m[1;36m [IssueCommand] cid: 2 clk: 379 | ACTIVATE | (address) rank: 0 bankgroup: 2 bank: 0 row: 0 column: 3 addr: 0X740[0m
[1;33m[1;36m [IssueCommand] cid: 3 clk: 379 | ACTIVATE | (address) rank: 0 bankgroup: 2 bank: 0 row: 0 column: 3 addr: 0X760[0m
[1;33m[1;36m [IssueCommand] cid: 2 clk: 398 | READ | (address) rank: 0 bankgroup: 2 bank: 0 row: 0 column: 3 addr: 0X740[0m
[1;33m[1;36m [IssueCommand] cid: 3 clk: 398 | READ | (address) rank: 0 bankgroup: 2 bank: 0 row: 0 column: 3 addr: 0X760[0m
[1;33m[1;35m [ReturnDoneRead] cid: 2 clk: 423 | READ | addr: 0X740[0m
[1;33m[1;35m [ReturnDoneRead] cid: 3 clk: 423 | READ | addr: 0X760[0m
 396351: system.mem_ctrl: Read to address 1856 complete
 396351: system.mem_ctrl: Access for address 1856
 396351: system.mem_ctrl: Queuing response for address 1856
 404351: system.mem_ctrl: Attempting to send response
 404351: system.mem_ctrl: Have 0 read, 0 write, 0 responses outstanding
 459000: system.mem_ctrl: Enqueueing address 450240
[1;33m[1;35m [AddTransaction(RD)] cid: 2 clk: 490 | READ | addr: 0X6DEC0[0m
[1;33m[1;35m [AddTransaction(RD)] cid: 3 clk: 490 | READ | addr: 0X6DEE0[0m
[1;33m[1;36m [AddCommand] cid: 2 clk: 490 | READ | (address) rank: 1 bankgroup: 1 bank: 1 row: 1 column: 47 addr: 0X6DEC0[0m
[1;33m[1;36m [AddCommand] cid: 3 clk: 490 | READ | (address) rank: 1 bankgroup: 1 bank: 1 row: 1 column: 47 addr: 0X6DEE0[0m
[1;33m[1;36m [IssueCommand] cid: 2 clk: 491 | ACTIVATE | (address) rank: 1 bankgroup: 1 bank: 1 row: 1 column: 47 addr: 0X6DEC0[0m
[1;33m[1;36m [IssueCommand] cid: 3 clk: 491 | ACTIVATE | (address) rank: 1 bankgroup: 1 bank: 1 row: 1 column: 47 addr: 0X6DEE0[0m
[1;33m[1;36m [IssueCommand] cid: 2 clk: 510 | READ | (address) rank: 1 bankgroup: 1 bank: 1 row: 1 column: 47 addr: 0X6DEC0[0m
[1;33m[1;36m [IssueCommand] cid: 3 clk: 510 | READ | (address) rank: 1 bankgroup: 1 bank: 1 row: 1 column: 47 addr: 0X6DEE0[0m
[1;33m[1;35m [ReturnDoneRead] cid: 2 clk: 535 | READ | addr: 0X6DEC0[0m
[1;33m[1;35m [ReturnDoneRead] cid: 3 clk: 535 | READ | addr: 0X6DEE0[0m
 501295: system.mem_ctrl: Read to address 450240 complete
 501295: system.mem_ctrl: Access for address 450240
 501295: system.mem_ctrl: Queuing response for address 450240
 509295: system.mem_ctrl: Attempting to send response
 509295: system.mem_ctrl: Have 0 read, 0 write, 0 responses outstanding
 562000: system.mem_ctrl: Enqueueing address 1920
[1;33m[1;35m [AddTransaction(RD)] cid: 0 clk: 600 | READ | addr: 0X780[0m
[1;33m[1;35m [AddTransaction(RD)] cid: 1 clk: 600 | READ | addr: 0X7A0[0m
[1;33m[1;36m [AddCommand] cid: 0 clk: 600 | READ | (address) rank: 0 bankgroup: 3 bank: 0 row: 0 column: 3 addr: 0X780[0m
[1;33m[1;36m [AddCommand] cid: 1 clk: 600 | READ | (address) rank: 0 bankgroup: 3 bank: 0 row: 0 column: 3 addr: 0X7A0[0m
[1;33m[1;36m [IssueCommand] cid: 0 clk: 601 | ACTIVATE | (address) rank: 0 bankgroup: 3 bank: 0 row: 0 column: 3 addr: 0X780[0m
[1;33m[1;36m [IssueCommand] cid: 1 clk: 601 | ACTIVATE | (address) rank: 0 bankgroup: 3 bank: 0 row: 0 column: 3 addr: 0X7A0[0m
[1;33m[1;36m [IssueCommand] cid: 0 clk: 620 | READ | (address) rank: 0 bankgroup: 3 bank: 0 row: 0 column: 3 addr: 0X780[0m
[1;33m[1;36m [IssueCommand] cid: 1 clk: 620 | READ | (address) rank: 0 bankgroup: 3 bank: 0 row: 0 column: 3 addr: 0X7A0[0m
[1;33m[1;35m [ReturnDoneRead] cid: 0 clk: 645 | READ | addr: 0X780[0m
[1;33m[1;35m [ReturnDoneRead] cid: 1 clk: 645 | READ | addr: 0X7A0[0m
 604365: system.mem_ctrl: Read to address 1920 complete
 604365: system.mem_ctrl: Access for address 1920
 604365: system.mem_ctrl: Queuing response for address 1920
 612365: system.mem_ctrl: Attempting to send response
 612365: system.mem_ctrl: Have 0 read, 0 write, 0 responses outstanding
 693000: system.mem_ctrl: Enqueueing address 450176
[1;33m[1;35m [AddTransaction(RD)] cid: 0 clk: 740 | READ | addr: 0X6DE80[0m
[1;33m[1;35m [AddTransaction(RD)] cid: 1 clk: 740 | READ | addr: 0X6DEA0[0m
[1;33m[1;36m [AddCommand] cid: 0 clk: 740 | READ | (address) rank: 1 bankgroup: 1 bank: 1 row: 1 column: 47 addr: 0X6DE80[0m
[1;33m[1;36m [AddCommand] cid: 1 clk: 740 | READ | (address) rank: 1 bankgroup: 1 bank: 1 row: 1 column: 47 addr: 0X6DEA0[0m
[1;33m[1;36m [IssueCommand] cid: 0 clk: 741 | ACTIVATE | (address) rank: 1 bankgroup: 1 bank: 1 row: 1 column: 47 addr: 0X6DE80[0m
[1;33m[1;36m [IssueCommand] cid: 1 clk: 741 | ACTIVATE | (address) rank: 1 bankgroup: 1 bank: 1 row: 1 column: 47 addr: 0X6DEA0[0m
[1;33m[1;36m [IssueCommand] cid: 0 clk: 760 | READ | (address) rank: 1 bankgroup: 1 bank: 1 row: 1 column: 47 addr: 0X6DE80[0m
[1;33m[1;36m [IssueCommand] cid: 1 clk: 760 | READ | (address) rank: 1 bankgroup: 1 bank: 1 row: 1 column: 47 addr: 0X6DEA0[0m
[1;33m[1;35m [ReturnDoneRead] cid: 0 clk: 785 | READ | addr: 0X6DE80[0m
[1;33m[1;35m [ReturnDoneRead] cid: 1 clk: 785 | READ | addr: 0X6DEA0[0m
 735545: system.mem_ctrl: Read to address 450176 complete
 735545: system.mem_ctrl: Access for address 450176
 735545: system.mem_ctrl: Queuing response for address 450176
 743545: system.mem_ctrl: Attempting to send response
 743545: system.mem_ctrl: Have 0 read, 0 write, 0 responses outstanding
 818000: system.mem_ctrl: Enqueueing address 443200
[1;33m[1;35m [AddTransaction(RD)] cid: 2 clk: 873 | READ | addr: 0X6C340[0m
[1;33m[1;35m [AddTransaction(RD)] cid: 3 clk: 873 | READ | addr: 0X6C360[0m
[1;33m[1;36m [AddCommand] cid: 2 clk: 873 | READ | (address) rank: 1 bankgroup: 2 bank: 1 row: 1 column: 33 addr: 0X6C340[0m
[1;33m[1;36m [AddCommand] cid: 3 clk: 873 | READ | (address) rank: 1 bankgroup: 2 bank: 1 row: 1 column: 33 addr: 0X6C360[0m
[1;33m[1;36m [IssueCommand] cid: 2 clk: 874 | ACTIVATE | (address) rank: 1 bankgroup: 2 bank: 1 row: 1 column: 33 addr: 0X6C340[0m
[1;33m[1;36m [IssueCommand] cid: 3 clk: 874 | ACTIVATE | (address) rank: 1 bankgroup: 2 bank: 1 row: 1 column: 33 addr: 0X6C360[0m
[1;33m[1;36m [IssueCommand] cid: 2 clk: 893 | READ | (address) rank: 1 bankgroup: 2 bank: 1 row: 1 column: 33 addr: 0X6C340[0m
[1;33m[1;36m [IssueCommand] cid: 3 clk: 893 | READ | (address) rank: 1 bankgroup: 2 bank: 1 row: 1 column: 33 addr: 0X6C360[0m
[1;33m[1;35m [ReturnDoneRead] cid: 2 clk: 918 | READ | addr: 0X6C340[0m
[1;33m[1;35m [ReturnDoneRead] cid: 3 clk: 918 | READ | addr: 0X6C360[0m
 860166: system.mem_ctrl: Read to address 443200 complete
 860166: system.mem_ctrl: Access for address 443200
 860166: system.mem_ctrl: Queuing response for address 443200
 868166: system.mem_ctrl: Attempting to send response
 868166: system.mem_ctrl: Have 0 read, 0 write, 0 responses outstanding
 925000: system.mem_ctrl: Enqueueing address 412544
[1;33m[1;35m [AddTransaction(RD)] cid: 0 clk: 988 | READ | addr: 0X64B80[0m
[1;33m[1;35m [AddTransaction(RD)] cid: 1 clk: 988 | READ | addr: 0X64BA0[0m
[1;33m[1;36m [AddCommand] cid: 0 clk: 988 | READ | (address) rank: 1 bankgroup: 3 bank: 0 row: 1 column: 37 addr: 0X64B80[0m
[1;33m[1;36m [AddCommand] cid: 1 clk: 988 | READ | (address) rank: 1 bankgroup: 3 bank: 0 row: 1 column: 37 addr: 0X64BA0[0m
[1;33m[1;36m [IssueCommand] cid: 0 clk: 989 | ACTIVATE | (address) rank: 1 bankgroup: 3 bank: 0 row: 1 column: 37 addr: 0X64B80[0m
[1;33m[1;36m [IssueCommand] cid: 1 clk: 989 | ACTIVATE | (address) rank: 1 bankgroup: 3 bank: 0 row: 1 column: 37 addr: 0X64BA0[0m
[1;33m[1;36m [IssueCommand] cid: 0 clk: 1008 | READ | (address) rank: 1 bankgroup: 3 bank: 0 row: 1 column: 37 addr: 0X64B80[0m
[1;33m[1;36m [IssueCommand] cid: 1 clk: 1008 | READ | (address) rank: 1 bankgroup: 3 bank: 0 row: 1 column: 37 addr: 0X64BA0[0m
[1;33m[1;35m [ReturnDoneRead] cid: 0 clk: 1033 | READ | addr: 0X64B80[0m
[1;33m[1;35m [ReturnDoneRead] cid: 1 clk: 1033 | READ | addr: 0X64BA0[0m
 967921: system.mem_ctrl: Read to address 412544 complete
 967921: system.mem_ctrl: Access for address 412544
 967921: system.mem_ctrl: Queuing response for address 412544
 975921: system.mem_ctrl: Attempting to send response
 975921: system.mem_ctrl: Have 0 read, 0 write, 0 responses outstanding
1038000: system.mem_ctrl: Enqueueing address 84608
[1;33m[1;35m [AddTransaction(RD)] cid: 0 clk: 1108 | READ | addr: 0X14A80[0m
[1;33m[1;35m [AddTransaction(RD)] cid: 1 clk: 1108 | READ | addr: 0X14AA0[0m
[1;33m[1;36m [AddCommand] cid: 0 clk: 1108 | READ | (address) rank: 0 bankgroup: 1 bank: 2 row: 0 column: 37 addr: 0X14A80[0m
[1;33m[1;36m [AddCommand] cid: 1 clk: 1108 | READ | (address) rank: 0 bankgroup: 1 bank: 2 row: 0 column: 37 addr: 0X14AA0[0m
[1;33m[1;36m [IssueCommand] cid: 0 clk: 1109 | ACTIVATE | (address) rank: 0 bankgroup: 1 bank: 2 row: 0 column: 37 addr: 0X14A80[0m
[1;33m[1;36m [IssueCommand] cid: 1 clk: 1109 | ACTIVATE | (address) rank: 0 bankgroup: 1 bank: 2 row: 0 column: 37 addr: 0X14AA0[0m
[1;33m[1;36m [IssueCommand] cid: 0 clk: 1128 | READ | (address) rank: 0 bankgroup: 1 bank: 2 row: 0 column: 37 addr: 0X14A80[0m
[1;33m[1;36m [IssueCommand] cid: 1 clk: 1128 | READ | (address) rank: 0 bankgroup: 1 bank: 2 row: 0 column: 37 addr: 0X14AA0[0m
[1;33m[1;35m [ReturnDoneRead] cid: 0 clk: 1153 | READ | addr: 0X14A80[0m
[1;33m[1;35m [ReturnDoneRead] cid: 1 clk: 1153 | READ | addr: 0X14AA0[0m
1080361: system.mem_ctrl: Read to address 84608 complete
1080361: system.mem_ctrl: Access for address 84608
1080361: system.mem_ctrl: Queuing response for address 84608
1088361: system.mem_ctrl: Attempting to send response
1088361: system.mem_ctrl: Have 0 read, 0 write, 0 responses outstanding
1145000: system.mem_ctrl: Enqueueing address 443264
[1;33m[1;35m [AddTransaction(RD)] cid: 0 clk: 1222 | READ | addr: 0X6C380[0m
[1;33m[1;35m [AddTransaction(RD)] cid: 1 clk: 1222 | READ | addr: 0X6C3A0[0m
[1;33m[1;36m [AddCommand] cid: 0 clk: 1222 | READ | (address) rank: 1 bankgroup: 3 bank: 1 row: 1 column: 33 addr: 0X6C380[0m
[1;33m[1;36m [AddCommand] cid: 1 clk: 1222 | READ | (address) rank: 1 bankgroup: 3 bank: 1 row: 1 column: 33 addr: 0X6C3A0[0m
[1;33m[1;36m [IssueCommand] cid: 0 clk: 1223 | ACTIVATE | (address) rank: 1 bankgroup: 3 bank: 1 row: 1 column: 33 addr: 0X6C380[0m
[1;33m[1;36m [IssueCommand] cid: 1 clk: 1223 | ACTIVATE | (address) rank: 1 bankgroup: 3 bank: 1 row: 1 column: 33 addr: 0X6C3A0[0m
[1;33m[1;36m [IssueCommand] cid: 0 clk: 1242 | READ | (address) rank: 1 bankgroup: 3 bank: 1 row: 1 column: 33 addr: 0X6C380[0m
[1;33m[1;36m [IssueCommand] cid: 1 clk: 1242 | READ | (address) rank: 1 bankgroup: 3 bank: 1 row: 1 column: 33 addr: 0X6C3A0[0m
[1;33m[1;35m [ReturnDoneRead] cid: 0 clk: 1267 | READ | addr: 0X6C380[0m
[1;33m[1;35m [ReturnDoneRead] cid: 1 clk: 1267 | READ | addr: 0X6C3A0[0m
1187179: system.mem_ctrl: Read to address 443264 complete
1187179: system.mem_ctrl: Access for address 443264
1187179: system.mem_ctrl: Queuing response for address 443264
1195179: system.mem_ctrl: Attempting to send response
1195179: system.mem_ctrl: Have 0 read, 0 write, 0 responses outstanding
1266000: system.mem_ctrl: Enqueueing address 450112
[1;33m[1;35m [AddTransaction(RD)] cid: 2 clk: 1352 | READ | addr: 0X6DE40[0m
[1;33m[1;35m [AddTransaction(RD)] cid: 3 clk: 1352 | READ | addr: 0X6DE60[0m
[1;33m[1;36m [AddCommand] cid: 2 clk: 1352 | READ | (address) rank: 1 bankgroup: 0 bank: 1 row: 1 column: 47 addr: 0X6DE40[0m
[1;33m[1;36m [AddCommand] cid: 3 clk: 1352 | READ | (address) rank: 1 bankgroup: 0 bank: 1 row: 1 column: 47 addr: 0X6DE60[0m
[1;33m[1;36m [IssueCommand] cid: 2 clk: 1353 | ACTIVATE | (address) rank: 1 bankgroup: 0 bank: 1 row: 1 column: 47 addr: 0X6DE40[0m
[1;33m[1;36m [IssueCommand] cid: 3 clk: 1353 | ACTIVATE | (address) rank: 1 bankgroup: 0 bank: 1 row: 1 column: 47 addr: 0X6DE60[0m
[1;33m[1;36m [IssueCommand] cid: 2 clk: 1372 | READ | (address) rank: 1 bankgroup: 0 bank: 1 row: 1 column: 47 addr: 0X6DE40[0m
[1;33m[1;36m [IssueCommand] cid: 3 clk: 1372 | READ | (address) rank: 1 bankgroup: 0 bank: 1 row: 1 column: 47 addr: 0X6DE60[0m
[1;33m[1;35m [ReturnDoneRead] cid: 2 clk: 1397 | READ | addr: 0X6DE40[0m
[1;33m[1;35m [ReturnDoneRead] cid: 3 clk: 1397 | READ | addr: 0X6DE60[0m
1308989: system.mem_ctrl: Read to address 450112 complete
1308989: system.mem_ctrl: Access for address 450112
1308989: system.mem_ctrl: Queuing response for address 450112
1316989: system.mem_ctrl: Attempting to send response
1316989: system.mem_ctrl: Have 0 read, 0 write, 0 responses outstanding
1373000: system.mem_ctrl: Enqueueing address 84672
[1;33m[1;35m [AddTransaction(RD)] cid: 2 clk: 1466 | READ | addr: 0X14AC0[0m
[1;33m[1;35m [AddTransaction(RD)] cid: 3 clk: 1466 | READ | addr: 0X14AE0[0m
[1;33m[1;36m [AddCommand] cid: 2 clk: 1466 | READ | (address) rank: 0 bankgroup: 1 bank: 2 row: 0 column: 37 addr: 0X14AC0[0m
[1;33m[1;36m [AddCommand] cid: 3 clk: 1466 | READ | (address) rank: 0 bankgroup: 1 bank: 2 row: 0 column: 37 addr: 0X14AE0[0m
[1;33m[1;36m [IssueCommand] cid: 2 clk: 1467 | ACTIVATE | (address) rank: 0 bankgroup: 1 bank: 2 row: 0 column: 37 addr: 0X14AC0[0m
[1;33m[1;36m [IssueCommand] cid: 3 clk: 1467 | ACTIVATE | (address) rank: 0 bankgroup: 1 bank: 2 row: 0 column: 37 addr: 0X14AE0[0m
[1;33m[1;36m [IssueCommand] cid: 2 clk: 1486 | READ | (address) rank: 0 bankgroup: 1 bank: 2 row: 0 column: 37 addr: 0X14AC0[0m
[1;33m[1;36m [IssueCommand] cid: 3 clk: 1486 | READ | (address) rank: 0 bankgroup: 1 bank: 2 row: 0 column: 37 addr: 0X14AE0[0m
[1;33m[1;35m [ReturnDoneRead] cid: 2 clk: 1511 | READ | addr: 0X14AC0[0m
[1;33m[1;35m [ReturnDoneRead] cid: 3 clk: 1511 | READ | addr: 0X14AE0[0m
1415807: system.mem_ctrl: Read to address 84672 complete
1415807: system.mem_ctrl: Access for address 84672
1415807: system.mem_ctrl: Queuing response for address 84672
1423807: system.mem_ctrl: Attempting to send response
1423807: system.mem_ctrl: Have 0 read, 0 write, 0 responses outstanding
1542000: system.mem_ctrl: Enqueueing address 84736
[1;33m[1;35m [AddTransaction(RD)] cid: 0 clk: 1646 | READ | addr: 0X14B00[0m
[1;33m[1;35m [AddTransaction(RD)] cid: 1 clk: 1646 | READ | addr: 0X14B20[0m
[1;33m[1;36m [AddCommand] cid: 0 clk: 1646 | READ | (address) rank: 0 bankgroup: 2 bank: 2 row: 0 column: 37 addr: 0X14B00[0m
[1;33m[1;36m [AddCommand] cid: 1 clk: 1646 | READ | (address) rank: 0 bankgroup: 2 bank: 2 row: 0 column: 37 addr: 0X14B20[0m
[1;33m[1;36m [IssueCommand] cid: 0 clk: 1647 | ACTIVATE | (address) rank: 0 bankgroup: 2 bank: 2 row: 0 column: 37 addr: 0X14B00[0m
[1;33m[1;36m [IssueCommand] cid: 1 clk: 1647 | ACTIVATE | (address) rank: 0 bankgroup: 2 bank: 2 row: 0 column: 37 addr: 0X14B20[0m
[1;33m[1;36m [IssueCommand] cid: 0 clk: 1666 | READ | (address) rank: 0 bankgroup: 2 bank: 2 row: 0 column: 37 addr: 0X14B00[0m
[1;33m[1;36m [IssueCommand] cid: 1 clk: 1666 | READ | (address) rank: 0 bankgroup: 2 bank: 2 row: 0 column: 37 addr: 0X14B20[0m
[1;33m[1;35m [ReturnDoneRead] cid: 0 clk: 1691 | READ | addr: 0X14B00[0m
[1;33m[1;35m [ReturnDoneRead] cid: 1 clk: 1691 | READ | addr: 0X14B20[0m
1584467: system.mem_ctrl: Read to address 84736 complete
1584467: system.mem_ctrl: Access for address 84736
1584467: system.mem_ctrl: Queuing response for address 84736
1592467: system.mem_ctrl: Attempting to send response
1592467: system.mem_ctrl: Have 0 read, 0 write, 0 responses outstanding
1645000: system.mem_ctrl: Enqueueing address 281664
[1;33m[1;35m [AddTransaction(RD)] cid: 2 clk: 1756 | READ | addr: 0X44C40[0m
[1;33m[1;35m [AddTransaction(RD)] cid: 3 clk: 1756 | READ | addr: 0X44C60[0m
[1;33m[1;36m [AddCommand] cid: 2 clk: 1756 | READ | (address) rank: 0 bankgroup: 0 bank: 0 row: 1 column: 38 addr: 0X44C40[0m
[1;33m[1;36m [AddCommand] cid: 3 clk: 1756 | READ | (address) rank: 0 bankgroup: 0 bank: 0 row: 1 column: 38 addr: 0X44C60[0m
[1;33m[1;36m [IssueCommand] cid: 2 clk: 1757 | ACTIVATE | (address) rank: 0 bankgroup: 0 bank: 0 row: 1 column: 38 addr: 0X44C40[0m
[1;33m[1;36m [IssueCommand] cid: 3 clk: 1757 | ACTIVATE | (address) rank: 0 bankgroup: 0 bank: 0 row: 1 column: 38 addr: 0X44C60[0m
[1;33m[1;36m [IssueCommand] cid: 2 clk: 1776 | READ | (address) rank: 0 bankgroup: 0 bank: 0 row: 1 column: 38 addr: 0X44C40[0m
[1;33m[1;36m [IssueCommand] cid: 3 clk: 1776 | READ | (address) rank: 0 bankgroup: 0 bank: 0 row: 1 column: 38 addr: 0X44C60[0m
[1;33m[1;35m [ReturnDoneRead] cid: 2 clk: 1801 | READ | addr: 0X44C40[0m
[1;33m[1;35m [ReturnDoneRead] cid: 3 clk: 1801 | READ | addr: 0X44C60[0m
1687537: system.mem_ctrl: Read to address 281664 complete
1687537: system.mem_ctrl: Access for address 281664
1687537: system.mem_ctrl: Queuing response for address 281664
1695537: system.mem_ctrl: Attempting to send response
1695537: system.mem_ctrl: Have 0 read, 0 write, 0 responses outstanding
1750000: system.mem_ctrl: Enqueueing address 450368
[1;33m[1;35m [AddTransaction(RD)] cid: 2 clk: 1868 | READ | addr: 0X6DF40[0m
[1;33m[1;35m [AddTransaction(RD)] cid: 3 clk: 1868 | READ | addr: 0X6DF60[0m
[1;33m[1;36m [AddCommand] cid: 2 clk: 1868 | READ | (address) rank: 1 bankgroup: 2 bank: 1 row: 1 column: 47 addr: 0X6DF40[0m
[1;33m[1;36m [AddCommand] cid: 3 clk: 1868 | READ | (address) rank: 1 bankgroup: 2 bank: 1 row: 1 column: 47 addr: 0X6DF60[0m
[1;33m[1;36m [IssueCommand] cid: 2 clk: 1869 | READ | (address) rank: 1 bankgroup: 2 bank: 1 row: 1 column: 47 addr: 0X6DF40[0m
[1;33m[1;36m [IssueCommand] cid: 3 clk: 1869 | READ | (address) rank: 1 bankgroup: 2 bank: 1 row: 1 column: 47 addr: 0X6DF60[0m
[1;33m[1;35m [ReturnDoneRead] cid: 2 clk: 1894 | READ | addr: 0X6DF40[0m
[1;33m[1;35m [ReturnDoneRead] cid: 3 clk: 1894 | READ | addr: 0X6DF60[0m
1774678: system.mem_ctrl: Read to address 450368 complete
1774678: system.mem_ctrl: Access for address 450368
1774678: system.mem_ctrl: Queuing response for address 450368
1782678: system.mem_ctrl: Attempting to send response
1782678: system.mem_ctrl: Have 0 read, 0 write, 0 responses outstanding
1845000: system.mem_ctrl: Enqueueing address 281600
[1;33m[1;35m [AddTransaction(RD)] cid: 0 clk: 1970 | READ | addr: 0X44C00[0m
[1;33m[1;35m [AddTransaction(RD)] cid: 1 clk: 1970 | READ | addr: 0X44C20[0m
[1;33m[1;36m [AddCommand] cid: 0 clk: 1970 | READ | (address) rank: 0 bankgroup: 0 bank: 0 row: 1 column: 38 addr: 0X44C00[0m
[1;33m[1;36m [AddCommand] cid: 1 clk: 1970 | READ | (address) rank: 0 bankgroup: 0 bank: 0 row: 1 column: 38 addr: 0X44C20[0m
[1;33m[1;36m [IssueCommand] cid: 0 clk: 1971 | PRECHARGE | (address) rank: 0 bankgroup: 0 bank: 0 row: 1 column: 38 addr: 0X44C00[0m
[1;33m[1;36m [IssueCommand] cid: 1 clk: 1971 | PRECHARGE | (address) rank: 0 bankgroup: 0 bank: 0 row: 1 column: 38 addr: 0X44C20[0m
[1;33m[1;36m [IssueCommand] cid: 0 clk: 1990 | ACTIVATE | (address) rank: 0 bankgroup: 0 bank: 0 row: 1 column: 38 addr: 0X44C00[0m
[1;33m[1;36m [IssueCommand] cid: 1 clk: 1990 | ACTIVATE | (address) rank: 0 bankgroup: 0 bank: 0 row: 1 column: 38 addr: 0X44C20[0m
[1;33m[1;36m [IssueCommand] cid: 0 clk: 2009 | READ | (address) rank: 0 bankgroup: 0 bank: 0 row: 1 column: 38 addr: 0X44C00[0m
[1;33m[1;36m [IssueCommand] cid: 1 clk: 2009 | READ | (address) rank: 0 bankgroup: 0 bank: 0 row: 1 column: 38 addr: 0X44C20[0m
[1;33m[1;35m [ReturnDoneRead] cid: 0 clk: 2034 | READ | addr: 0X44C00[0m
[1;33m[1;35m [ReturnDoneRead] cid: 1 clk: 2034 | READ | addr: 0X44C20[0m
1905858: system.mem_ctrl: Read to address 281600 complete
1905858: system.mem_ctrl: Access for address 281600
1905858: system.mem_ctrl: Queuing response for address 281600
1913858: system.mem_ctrl: Attempting to send response
1913858: system.mem_ctrl: Have 0 read, 0 write, 0 responses outstanding
[1;33m[1;36m [IssueCommand] cid: 0 clk: 2083 | PRECHARGE | (address) rank: 0 bankgroup: 0 bank: 0 row: -1 column: -1 addr: 0XFFFFFFFFFFFFFFFF[0m
[1;33m[1;36m [IssueCommand] cid: 1 clk: 2083 | PRECHARGE | (address) rank: 0 bankgroup: 0 bank: 0 row: -1 column: -1 addr: 0XFFFFFFFFFFFFFFFF[0m
[1;33m[1;36m [IssueCommand] cid: 2 clk: 2083 | PRECHARGE | (address) rank: 0 bankgroup: 0 bank: 0 row: -1 column: -1 addr: 0XFFFFFFFFFFFFFFFF[0m
[1;33m[1;36m [IssueCommand] cid: 3 clk: 2083 | PRECHARGE | (address) rank: 0 bankgroup: 0 bank: 0 row: -1 column: -1 addr: 0XFFFFFFFFFFFFFFFF[0m
[1;33m[1;36m [IssueCommand] cid: 0 clk: 2084 | PRECHARGE | (address) rank: 0 bankgroup: 1 bank: 2 row: -1 column: -1 addr: 0XFFFFFFFFFFFFFFFF[0m
[1;33m[1;36m [IssueCommand] cid: 1 clk: 2084 | PRECHARGE | (address) rank: 0 bankgroup: 1 bank: 2 row: -1 column: -1 addr: 0XFFFFFFFFFFFFFFFF[0m
[1;33m[1;36m [IssueCommand] cid: 2 clk: 2084 | PRECHARGE | (address) rank: 0 bankgroup: 1 bank: 2 row: -1 column: -1 addr: 0XFFFFFFFFFFFFFFFF[0m
[1;33m[1;36m [IssueCommand] cid: 3 clk: 2084 | PRECHARGE | (address) rank: 0 bankgroup: 1 bank: 2 row: -1 column: -1 addr: 0XFFFFFFFFFFFFFFFF[0m
[1;33m[1;36m [IssueCommand] cid: 0 clk: 2085 | PRECHARGE | (address) rank: 0 bankgroup: 2 bank: 2 row: -1 column: -1 addr: 0XFFFFFFFFFFFFFFFF[0m
[1;33m[1;36m [IssueCommand] cid: 1 clk: 2085 | PRECHARGE | (address) rank: 0 bankgroup: 2 bank: 2 row: -1 column: -1 addr: 0XFFFFFFFFFFFFFFFF[0m
[1;33m[1;36m [IssueCommand] cid: 2 clk: 2085 | PRECHARGE | (address) rank: 0 bankgroup: 2 bank: 0 row: -1 column: -1 addr: 0XFFFFFFFFFFFFFFFF[0m
[1;33m[1;36m [IssueCommand] cid: 3 clk: 2085 | PRECHARGE | (address) rank: 0 bankgroup: 2 bank: 0 row: -1 column: -1 addr: 0XFFFFFFFFFFFFFFFF[0m
[1;33m[1;36m [IssueCommand] cid: 0 clk: 2086 | PRECHARGE | (address) rank: 0 bankgroup: 3 bank: 0 row: -1 column: -1 addr: 0XFFFFFFFFFFFFFFFF[0m
[1;33m[1;36m [IssueCommand] cid: 1 clk: 2086 | PRECHARGE | (address) rank: 0 bankgroup: 3 bank: 0 row: -1 column: -1 addr: 0XFFFFFFFFFFFFFFFF[0m
[1;33m[1;36m [IssueCommand] cid: 2 clk: 2086 | PRECHARGE | (address) rank: 0 bankgroup: 3 bank: 0 row: -1 column: -1 addr: 0XFFFFFFFFFFFFFFFF[0m
[1;33m[1;36m [IssueCommand] cid: 3 clk: 2086 | PRECHARGE | (address) rank: 0 bankgroup: 3 bank: 0 row: -1 column: -1 addr: 0XFFFFFFFFFFFFFFFF[0m
1966000: system.mem_ctrl: Enqueueing address 85120
[1;33m[1;35m [AddTransaction(RD)] cid: 0 clk: 2099 | READ | addr: 0X14C80[0m
[1;33m[1;35m [AddTransaction(RD)] cid: 1 clk: 2099 | READ | addr: 0X14CA0[0m
[1;33m[1;36m [AddCommand] cid: 0 clk: 2099 | READ | (address) rank: 0 bankgroup: 1 bank: 2 row: 0 column: 38 addr: 0X14C80[0m
[1;33m[1;36m [AddCommand] cid: 1 clk: 2099 | READ | (address) rank: 0 bankgroup: 1 bank: 2 row: 0 column: 38 addr: 0X14CA0[0m
[1;33m[1;36m [IssueCommand] cid: 0 clk: 2105 | REFRESH | (address) rank: 0 bankgroup: -1 bank: -1 row: -1 column: -1 addr: 0XFFFFFFFFFFFFFFFF[0m
[1;33m[1;36m [IssueCommand] cid: 1 clk: 2105 | REFRESH | (address) rank: 0 bankgroup: -1 bank: -1 row: -1 column: -1 addr: 0XFFFFFFFFFFFFFFFF[0m
[1;33m[1;36m [IssueCommand] cid: 2 clk: 2105 | REFRESH | (address) rank: 0 bankgroup: -1 bank: -1 row: -1 column: -1 addr: 0XFFFFFFFFFFFFFFFF[0m
[1;33m[1;36m [IssueCommand] cid: 3 clk: 2105 | REFRESH | (address) rank: 0 bankgroup: -1 bank: -1 row: -1 column: -1 addr: 0XFFFFFFFFFFFFFFFF[0m
[1;33m[1;36m [IssueCommand] cid: 0 clk: 2404 | ACTIVATE | (address) rank: 0 bankgroup: 1 bank: 2 row: 0 column: 38 addr: 0X14C80[0m
[1;33m[1;36m [IssueCommand] cid: 1 clk: 2404 | ACTIVATE | (address) rank: 0 bankgroup: 1 bank: 2 row: 0 column: 38 addr: 0X14CA0[0m
[1;33m[1;36m [IssueCommand] cid: 0 clk: 2423 | READ | (address) rank: 0 bankgroup: 1 bank: 2 row: 0 column: 38 addr: 0X14C80[0m
[1;33m[1;36m [IssueCommand] cid: 1 clk: 2423 | READ | (address) rank: 0 bankgroup: 1 bank: 2 row: 0 column: 38 addr: 0X14CA0[0m
[1;33m[1;35m [ReturnDoneRead] cid: 0 clk: 2448 | READ | addr: 0X14C80[0m
[1;33m[1;35m [ReturnDoneRead] cid: 1 clk: 2448 | READ | addr: 0X14CA0[0m
2293776: system.mem_ctrl: Read to address 85120 complete
2293776: system.mem_ctrl: Access for address 85120
2293776: system.mem_ctrl: Queuing response for address 85120
2301776: system.mem_ctrl: Attempting to send response
2301776: system.mem_ctrl: Have 0 read, 0 write, 0 responses outstanding
2358000: system.mem_ctrl: Enqueueing address 450048
[1;33m[1;35m [AddTransaction(RD)] cid: 0 clk: 2517 | READ | addr: 0X6DE00[0m
[1;33m[1;35m [AddTransaction(RD)] cid: 1 clk: 2517 | READ | addr: 0X6DE20[0m
[1;33m[1;36m [AddCommand] cid: 0 clk: 2517 | READ | (address) rank: 1 bankgroup: 0 bank: 1 row: 1 column: 47 addr: 0X6DE00[0m
[1;33m[1;36m [AddCommand] cid: 1 clk: 2517 | READ | (address) rank: 1 bankgroup: 0 bank: 1 row: 1 column: 47 addr: 0X6DE20[0m
[1;33m[1;36m [IssueCommand] cid: 0 clk: 2518 | ACTIVATE | (address) rank: 1 bankgroup: 0 bank: 1 row: 1 column: 47 addr: 0X6DE00[0m
[1;33m[1;36m [IssueCommand] cid: 1 clk: 2518 | ACTIVATE | (address) rank: 1 bankgroup: 0 bank: 1 row: 1 column: 47 addr: 0X6DE20[0m
[1;33m[1;36m [IssueCommand] cid: 0 clk: 2537 | READ | (address) rank: 1 bankgroup: 0 bank: 1 row: 1 column: 47 addr: 0X6DE00[0m
[1;33m[1;36m [IssueCommand] cid: 1 clk: 2537 | READ | (address) rank: 1 bankgroup: 0 bank: 1 row: 1 column: 47 addr: 0X6DE20[0m
[1;33m[1;35m [ReturnDoneRead] cid: 0 clk: 2562 | READ | addr: 0X6DE00[0m
[1;33m[1;35m [ReturnDoneRead] cid: 1 clk: 2562 | READ | addr: 0X6DE20[0m
2400594: system.mem_ctrl: Read to address 450048 complete
2400594: system.mem_ctrl: Access for address 450048
2400594: system.mem_ctrl: Queuing response for address 450048
2408594: system.mem_ctrl: Attempting to send response
2408594: system.mem_ctrl: Have 0 read, 0 write, 0 responses outstanding
2463000: system.mem_ctrl: Enqueueing address 85184
[1;33m[1;35m [AddTransaction(RD)] cid: 2 clk: 2629 | READ | addr: 0X14CC0[0m
[1;33m[1;35m [AddTransaction(RD)] cid: 3 clk: 2629 | READ | addr: 0X14CE0[0m
[1;33m[1;36m [AddCommand] cid: 2 clk: 2629 | READ | (address) rank: 0 bankgroup: 1 bank: 2 row: 0 column: 38 addr: 0X14CC0[0m
[1;33m[1;36m [AddCommand] cid: 3 clk: 2629 | READ | (address) rank: 0 bankgroup: 1 bank: 2 row: 0 column: 38 addr: 0X14CE0[0m
[1;33m[1;36m [IssueCommand] cid: 2 clk: 2630 | ACTIVATE | (address) rank: 0 bankgroup: 1 bank: 2 row: 0 column: 38 addr: 0X14CC0[0m
[1;33m[1;36m [IssueCommand] cid: 3 clk: 2630 | ACTIVATE | (address) rank: 0 bankgroup: 1 bank: 2 row: 0 column: 38 addr: 0X14CE0[0m
[1;33m[1;36m [IssueCommand] cid: 2 clk: 2649 | READ | (address) rank: 0 bankgroup: 1 bank: 2 row: 0 column: 38 addr: 0X14CC0[0m
[1;33m[1;36m [IssueCommand] cid: 3 clk: 2649 | READ | (address) rank: 0 bankgroup: 1 bank: 2 row: 0 column: 38 addr: 0X14CE0[0m
[1;33m[1;35m [ReturnDoneRead] cid: 2 clk: 2674 | READ | addr: 0X14CC0[0m
[1;33m[1;35m [ReturnDoneRead] cid: 3 clk: 2674 | READ | addr: 0X14CE0[0m
2505538: system.mem_ctrl: Read to address 85184 complete
2505538: system.mem_ctrl: Access for address 85184
2505538: system.mem_ctrl: Queuing response for address 85184
2513538: system.mem_ctrl: Attempting to send response
2513538: system.mem_ctrl: Have 0 read, 0 write, 0 responses outstanding
2652000: system.mem_ctrl: Enqueueing address 450432
[1;33m[1;35m [AddTransaction(RD)] cid: 0 clk: 2831 | READ | addr: 0X6DF80[0m
[1;33m[1;35m [AddTransaction(RD)] cid: 1 clk: 2831 | READ | addr: 0X6DFA0[0m
[1;33m[1;36m [AddCommand] cid: 0 clk: 2831 | READ | (address) rank: 1 bankgroup: 3 bank: 1 row: 1 column: 47 addr: 0X6DF80[0m
[1;33m[1;36m [AddCommand] cid: 1 clk: 2831 | READ | (address) rank: 1 bankgroup: 3 bank: 1 row: 1 column: 47 addr: 0X6DFA0[0m
[1;33m[1;36m [IssueCommand] cid: 0 clk: 2832 | READ | (address) rank: 1 bankgroup: 3 bank: 1 row: 1 column: 47 addr: 0X6DF80[0m
[1;33m[1;36m [IssueCommand] cid: 1 clk: 2832 | READ | (address) rank: 1 bankgroup: 3 bank: 1 row: 1 column: 47 addr: 0X6DFA0[0m
[1;33m[1;35m [ReturnDoneRead] cid: 0 clk: 2857 | READ | addr: 0X6DF80[0m
[1;33m[1;35m [ReturnDoneRead] cid: 1 clk: 2857 | READ | addr: 0X6DFA0[0m
2677009: system.mem_ctrl: Read to address 450432 complete
2677009: system.mem_ctrl: Access for address 450432
2677009: system.mem_ctrl: Queuing response for address 450432
2685009: system.mem_ctrl: Attempting to send response
2685009: system.mem_ctrl: Have 0 read, 0 write, 0 responses outstanding
2758000: system.mem_ctrl: Enqueueing address 84992
[1;33m[1;35m [AddTransaction(RD)] cid: 0 clk: 2944 | READ | addr: 0X14C00[0m
[1;33m[1;35m [AddTransaction(RD)] cid: 1 clk: 2944 | READ | addr: 0X14C20[0m
[1;33m[1;36m [AddCommand] cid: 0 clk: 2944 | READ | (address) rank: 0 bankgroup: 0 bank: 2 row: 0 column: 38 addr: 0X14C00[0m
[1;33m[1;36m [AddCommand] cid: 1 clk: 2944 | READ | (address) rank: 0 bankgroup: 0 bank: 2 row: 0 column: 38 addr: 0X14C20[0m
[1;33m[1;36m [IssueCommand] cid: 0 clk: 2945 | ACTIVATE | (address) rank: 0 bankgroup: 0 bank: 2 row: 0 column: 38 addr: 0X14C00[0m
[1;33m[1;36m [IssueCommand] cid: 1 clk: 2945 | ACTIVATE | (address) rank: 0 bankgroup: 0 bank: 2 row: 0 column: 38 addr: 0X14C20[0m
[1;33m[1;36m [IssueCommand] cid: 0 clk: 2964 | READ | (address) rank: 0 bankgroup: 0 bank: 2 row: 0 column: 38 addr: 0X14C00[0m
[1;33m[1;36m [IssueCommand] cid: 1 clk: 2964 | READ | (address) rank: 0 bankgroup: 0 bank: 2 row: 0 column: 38 addr: 0X14C20[0m
[1;33m[1;35m [ReturnDoneRead] cid: 0 clk: 2989 | READ | addr: 0X14C00[0m
[1;33m[1;35m [ReturnDoneRead] cid: 1 clk: 2989 | READ | addr: 0X14C20[0m
2800693: system.mem_ctrl: Read to address 84992 complete
2800693: system.mem_ctrl: Access for address 84992
2800693: system.mem_ctrl: Queuing response for address 84992
2808693: system.mem_ctrl: Attempting to send response
2808693: system.mem_ctrl: Have 0 read, 0 write, 0 responses outstanding
2883000: system.mem_ctrl: Enqueueing address 281728
[1;33m[1;35m [AddTransaction(RD)] cid: 0 clk: 3077 | READ | addr: 0X44C80[0m
[1;33m[1;35m [AddTransaction(RD)] cid: 1 clk: 3077 | READ | addr: 0X44CA0[0m
[1;33m[1;36m [AddCommand] cid: 0 clk: 3077 | READ | (address) rank: 0 bankgroup: 1 bank: 0 row: 1 column: 38 addr: 0X44C80[0m
[1;33m[1;36m [AddCommand] cid: 1 clk: 3077 | READ | (address) rank: 0 bankgroup: 1 bank: 0 row: 1 column: 38 addr: 0X44CA0[0m
[1;33m[1;36m [IssueCommand] cid: 0 clk: 3078 | ACTIVATE | (address) rank: 0 bankgroup: 1 bank: 0 row: 1 column: 38 addr: 0X44C80[0m
[1;33m[1;36m [IssueCommand] cid: 1 clk: 3078 | ACTIVATE | (address) rank: 0 bankgroup: 1 bank: 0 row: 1 column: 38 addr: 0X44CA0[0m
[1;33m[1;36m [IssueCommand] cid: 0 clk: 3097 | READ | (address) rank: 0 bankgroup: 1 bank: 0 row: 1 column: 38 addr: 0X44C80[0m
[1;33m[1;36m [IssueCommand] cid: 1 clk: 3097 | READ | (address) rank: 0 bankgroup: 1 bank: 0 row: 1 column: 38 addr: 0X44CA0[0m
[1;33m[1;35m [ReturnDoneRead] cid: 0 clk: 3122 | READ | addr: 0X44C80[0m
[1;33m[1;35m [ReturnDoneRead] cid: 1 clk: 3122 | READ | addr: 0X44CA0[0m
2925314: system.mem_ctrl: Read to address 281728 complete
2925314: system.mem_ctrl: Access for address 281728
2925314: system.mem_ctrl: Queuing response for address 281728
2933314: system.mem_ctrl: Attempting to send response
2933314: system.mem_ctrl: Have 0 read, 0 write, 0 responses outstanding
2986000: system.mem_ctrl: Enqueueing address 84928
[1;33m[1;35m [AddTransaction(RD)] cid: 2 clk: 3187 | READ | addr: 0X14BC0[0m
[1;33m[1;35m [AddTransaction(RD)] cid: 3 clk: 3187 | READ | addr: 0X14BE0[0m
[1;33m[1;36m [AddCommand] cid: 2 clk: 3187 | READ | (address) rank: 0 bankgroup: 3 bank: 2 row: 0 column: 37 addr: 0X14BC0[0m
[1;33m[1;36m [AddCommand] cid: 3 clk: 3187 | READ | (address) rank: 0 bankgroup: 3 bank: 2 row: 0 column: 37 addr: 0X14BE0[0m
[1;33m[1;36m [IssueCommand] cid: 2 clk: 3188 | ACTIVATE | (address) rank: 0 bankgroup: 3 bank: 2 row: 0 column: 37 addr: 0X14BC0[0m
[1;33m[1;36m [IssueCommand] cid: 3 clk: 3188 | ACTIVATE | (address) rank: 0 bankgroup: 3 bank: 2 row: 0 column: 37 addr: 0X14BE0[0m
[1;33m[1;36m [IssueCommand] cid: 2 clk: 3207 | READ | (address) rank: 0 bankgroup: 3 bank: 2 row: 0 column: 37 addr: 0X14BC0[0m
[1;33m[1;36m [IssueCommand] cid: 3 clk: 3207 | READ | (address) rank: 0 bankgroup: 3 bank: 2 row: 0 column: 37 addr: 0X14BE0[0m
[1;33m[1;35m [ReturnDoneRead] cid: 2 clk: 3232 | READ | addr: 0X14BC0[0m
[1;33m[1;35m [ReturnDoneRead] cid: 3 clk: 3232 | READ | addr: 0X14BE0[0m
3028384: system.mem_ctrl: Read to address 84928 complete
3028384: system.mem_ctrl: Access for address 84928
3028384: system.mem_ctrl: Queuing response for address 84928
3036384: system.mem_ctrl: Attempting to send response
3036384: system.mem_ctrl: Have 0 read, 0 write, 0 responses outstanding
3115000: system.mem_ctrl: Enqueueing address 412480
[1;33m[1;35m [AddTransaction(RD)] cid: 2 clk: 3325 | READ | addr: 0X64B40[0m
[1;33m[1;35m [AddTransaction(RD)] cid: 3 clk: 3325 | READ | addr: 0X64B60[0m
[1;33m[1;36m [AddCommand] cid: 2 clk: 3325 | READ | (address) rank: 1 bankgroup: 2 bank: 0 row: 1 column: 37 addr: 0X64B40[0m
[1;33m[1;36m [AddCommand] cid: 3 clk: 3325 | READ | (address) rank: 1 bankgroup: 2 bank: 0 row: 1 column: 37 addr: 0X64B60[0m
[1;33m[1;36m [IssueCommand] cid: 2 clk: 3326 | ACTIVATE | (address) rank: 1 bankgroup: 2 bank: 0 row: 1 column: 37 addr: 0X64B40[0m
[1;33m[1;36m [IssueCommand] cid: 3 clk: 3326 | ACTIVATE | (address) rank: 1 bankgroup: 2 bank: 0 row: 1 column: 37 addr: 0X64B60[0m
[1;33m[1;36m [IssueCommand] cid: 2 clk: 3345 | READ | (address) rank: 1 bankgroup: 2 bank: 0 row: 1 column: 37 addr: 0X64B40[0m
[1;33m[1;36m [IssueCommand] cid: 3 clk: 3345 | READ | (address) rank: 1 bankgroup: 2 bank: 0 row: 1 column: 37 addr: 0X64B60[0m
[1;33m[1;35m [ReturnDoneRead] cid: 2 clk: 3370 | READ | addr: 0X64B40[0m
[1;33m[1;35m [ReturnDoneRead] cid: 3 clk: 3370 | READ | addr: 0X64B60[0m
3157690: system.mem_ctrl: Read to address 412480 complete
3157690: system.mem_ctrl: Access for address 412480
3157690: system.mem_ctrl: Queuing response for address 412480
3165690: system.mem_ctrl: Attempting to send response
3165690: system.mem_ctrl: Have 0 read, 0 write, 0 responses outstanding
3224000: system.mem_ctrl: Enqueueing address 443584
[1;33m[1;35m [AddTransaction(RD)] cid: 2 clk: 3441 | READ | addr: 0X6C4C0[0m
[1;33m[1;35m [AddTransaction(RD)] cid: 3 clk: 3441 | READ | addr: 0X6C4E0[0m
[1;33m[1;36m [AddCommand] cid: 2 clk: 3441 | READ | (address) rank: 1 bankgroup: 1 bank: 1 row: 1 column: 34 addr: 0X6C4C0[0m
[1;33m[1;36m [AddCommand] cid: 3 clk: 3441 | READ | (address) rank: 1 bankgroup: 1 bank: 1 row: 1 column: 34 addr: 0X6C4E0[0m
[1;33m[1;36m [IssueCommand] cid: 2 clk: 3442 | READ | (address) rank: 1 bankgroup: 1 bank: 1 row: 1 column: 34 addr: 0X6C4C0[0m
[1;33m[1;36m [IssueCommand] cid: 3 clk: 3442 | READ | (address) rank: 1 bankgroup: 1 bank: 1 row: 1 column: 34 addr: 0X6C4E0[0m
[1;33m[1;35m [ReturnDoneRead] cid: 2 clk: 3467 | READ | addr: 0X6C4C0[0m
[1;33m[1;35m [ReturnDoneRead] cid: 3 clk: 3467 | READ | addr: 0X6C4E0[0m
3248579: system.mem_ctrl: Read to address 443584 complete
3248579: system.mem_ctrl: Access for address 443584
3248579: system.mem_ctrl: Queuing response for address 443584
3256579: system.mem_ctrl: Attempting to send response
3256579: system.mem_ctrl: Have 0 read, 0 write, 0 responses outstanding
3307000: system.mem_ctrl: Enqueueing address 84800
[1;33m[1;35m [AddTransaction(RD)] cid: 2 clk: 3530 | READ | addr: 0X14B40[0m
[1;33m[1;35m [AddTransaction(RD)] cid: 3 clk: 3530 | READ | addr: 0X14B60[0m
[1;33m[1;36m [AddCommand] cid: 2 clk: 3530 | READ | (address) rank: 0 bankgroup: 2 bank: 2 row: 0 column: 37 addr: 0X14B40[0m
[1;33m[1;36m [AddCommand] cid: 3 clk: 3530 | READ | (address) rank: 0 bankgroup: 2 bank: 2 row: 0 column: 37 addr: 0X14B60[0m
[1;33m[1;36m [IssueCommand] cid: 2 clk: 3531 | ACTIVATE | (address) rank: 0 bankgroup: 2 bank: 2 row: 0 column: 37 addr: 0X14B40[0m
[1;33m[1;36m [IssueCommand] cid: 3 clk: 3531 | ACTIVATE | (address) rank: 0 bankgroup: 2 bank: 2 row: 0 column: 37 addr: 0X14B60[0m
[1;33m[1;36m [IssueCommand] cid: 2 clk: 3550 | READ | (address) rank: 0 bankgroup: 2 bank: 2 row: 0 column: 37 addr: 0X14B40[0m
[1;33m[1;36m [IssueCommand] cid: 3 clk: 3550 | READ | (address) rank: 0 bankgroup: 2 bank: 2 row: 0 column: 37 addr: 0X14B60[0m
[1;33m[1;35m [ReturnDoneRead] cid: 2 clk: 3575 | READ | addr: 0X14B40[0m
[1;33m[1;35m [ReturnDoneRead] cid: 3 clk: 3575 | READ | addr: 0X14B60[0m
3349775: system.mem_ctrl: Read to address 84800 complete
3349775: system.mem_ctrl: Access for address 84800
3349775: system.mem_ctrl: Queuing response for address 84800
3357775: system.mem_ctrl: Attempting to send response
3357775: system.mem_ctrl: Have 0 read, 0 write, 0 responses outstanding
3430000: system.mem_ctrl: Enqueueing address 443328
[1;33m[1;35m [AddTransaction(RD)] cid: 2 clk: 3661 | READ | addr: 0X6C3C0[0m
[1;33m[1;35m [AddTransaction(RD)] cid: 3 clk: 3661 | READ | addr: 0X6C3E0[0m
[1;33m[1;36m [AddCommand] cid: 2 clk: 3661 | READ | (address) rank: 1 bankgroup: 3 bank: 1 row: 1 column: 33 addr: 0X6C3C0[0m
[1;33m[1;36m [AddCommand] cid: 3 clk: 3661 | READ | (address) rank: 1 bankgroup: 3 bank: 1 row: 1 column: 33 addr: 0X6C3E0[0m
[1;33m[1;36m [IssueCommand] cid: 2 clk: 3662 | ACTIVATE | (address) rank: 1 bankgroup: 3 bank: 1 row: 1 column: 33 addr: 0X6C3C0[0m
[1;33m[1;36m [IssueCommand] cid: 3 clk: 3662 | ACTIVATE | (address) rank: 1 bankgroup: 3 bank: 1 row: 1 column: 33 addr: 0X6C3E0[0m
[1;33m[1;36m [IssueCommand] cid: 2 clk: 3681 | READ | (address) rank: 1 bankgroup: 3 bank: 1 row: 1 column: 33 addr: 0X6C3C0[0m
[1;33m[1;36m [IssueCommand] cid: 3 clk: 3681 | READ | (address) rank: 1 bankgroup: 3 bank: 1 row: 1 column: 33 addr: 0X6C3E0[0m
[1;33m[1;35m [ReturnDoneRead] cid: 2 clk: 3706 | READ | addr: 0X6C3C0[0m
[1;33m[1;35m [ReturnDoneRead] cid: 3 clk: 3706 | READ | addr: 0X6C3E0[0m
3472522: system.mem_ctrl: Read to address 443328 complete
3472522: system.mem_ctrl: Access for address 443328
3472522: system.mem_ctrl: Queuing response for address 443328
3480522: system.mem_ctrl: Attempting to send response
3480522: system.mem_ctrl: Have 0 read, 0 write, 0 responses outstanding
3541000: system.mem_ctrl: Enqueueing address 84864
[1;33m[1;35m [AddTransaction(RD)] cid: 0 clk: 3780 | READ | addr: 0X14B80[0m
[1;33m[1;35m [AddTransaction(RD)] cid: 1 clk: 3780 | READ | addr: 0X14BA0[0m
[1;33m[1;36m [AddCommand] cid: 0 clk: 3780 | READ | (address) rank: 0 bankgroup: 3 bank: 2 row: 0 column: 37 addr: 0X14B80[0m
[1;33m[1;36m [AddCommand] cid: 1 clk: 3780 | READ | (address) rank: 0 bankgroup: 3 bank: 2 row: 0 column: 37 addr: 0X14BA0[0m
[1;33m[1;36m [IssueCommand] cid: 0 clk: 3781 | ACTIVATE | (address) rank: 0 bankgroup: 3 bank: 2 row: 0 column: 37 addr: 0X14B80[0m
[1;33m[1;36m [IssueCommand] cid: 1 clk: 3781 | ACTIVATE | (address) rank: 0 bankgroup: 3 bank: 2 row: 0 column: 37 addr: 0X14BA0[0m
[1;33m[1;36m [IssueCommand] cid: 0 clk: 3800 | READ | (address) rank: 0 bankgroup: 3 bank: 2 row: 0 column: 37 addr: 0X14B80[0m
[1;33m[1;36m [IssueCommand] cid: 1 clk: 3800 | READ | (address) rank: 0 bankgroup: 3 bank: 2 row: 0 column: 37 addr: 0X14BA0[0m
[1;33m[1;35m [ReturnDoneRead] cid: 0 clk: 3825 | READ | addr: 0X14B80[0m
[1;33m[1;35m [ReturnDoneRead] cid: 1 clk: 3825 | READ | addr: 0X14BA0[0m
3584025: system.mem_ctrl: Read to address 84864 complete
3584025: system.mem_ctrl: Access for address 84864
3584025: system.mem_ctrl: Queuing response for address 84864
3592025: system.mem_ctrl: Attempting to send response
3592025: system.mem_ctrl: Have 0 read, 0 write, 0 responses outstanding
3651000: system.mem_ctrl: Enqueueing address 417472
[1;33m[1;35m [AddTransaction(RD)] cid: 2 clk: 3897 | READ | addr: 0X65EC0[0m
[1;33m[1;35m [AddTransaction(RD)] cid: 3 clk: 3897 | READ | addr: 0X65EE0[0m
[1;33m[1;36m [AddCommand] cid: 2 clk: 3897 | READ | (address) rank: 1 bankgroup: 1 bank: 0 row: 1 column: 47 addr: 0X65EC0[0m
[1;33m[1;36m [AddCommand] cid: 3 clk: 3897 | READ | (address) rank: 1 bankgroup: 1 bank: 0 row: 1 column: 47 addr: 0X65EE0[0m
[1;33m[1;36m [IssueCommand] cid: 2 clk: 3898 | ACTIVATE | (address) rank: 1 bankgroup: 1 bank: 0 row: 1 column: 47 addr: 0X65EC0[0m
[1;33m[1;36m [IssueCommand] cid: 3 clk: 3898 | ACTIVATE | (address) rank: 1 bankgroup: 1 bank: 0 row: 1 column: 47 addr: 0X65EE0[0m
[1;33m[1;36m [IssueCommand] cid: 2 clk: 3917 | READ | (address) rank: 1 bankgroup: 1 bank: 0 row: 1 column: 47 addr: 0X65EC0[0m
[1;33m[1;36m [IssueCommand] cid: 3 clk: 3917 | READ | (address) rank: 1 bankgroup: 1 bank: 0 row: 1 column: 47 addr: 0X65EE0[0m
[1;33m[1;35m [ReturnDoneRead] cid: 2 clk: 3942 | READ | addr: 0X65EC0[0m
[1;33m[1;35m [ReturnDoneRead] cid: 3 clk: 3942 | READ | addr: 0X65EE0[0m
3693654: system.mem_ctrl: Read to address 417472 complete
3693654: system.mem_ctrl: Access for address 417472
3693654: system.mem_ctrl: Queuing response for address 417472
3701654: system.mem_ctrl: Attempting to send response
3701654: system.mem_ctrl: Have 0 read, 0 write, 0 responses outstanding
3812000: system.mem_ctrl: Enqueueing address 1984
[1;33m[1;35m [AddTransaction(RD)] cid: 2 clk: 4069 | READ | addr: 0X7C0[0m
[1;33m[1;35m [AddTransaction(RD)] cid: 3 clk: 4069 | READ | addr: 0X7E0[0m
[1;33m[1;36m [AddCommand] cid: 2 clk: 4069 | READ | (address) rank: 0 bankgroup: 3 bank: 0 row: 0 column: 3 addr: 0X7C0[0m
[1;33m[1;36m [AddCommand] cid: 3 clk: 4069 | READ | (address) rank: 0 bankgroup: 3 bank: 0 row: 0 column: 3 addr: 0X7E0[0m
[1;33m[1;36m [IssueCommand] cid: 2 clk: 4070 | ACTIVATE | (address) rank: 0 bankgroup: 3 bank: 0 row: 0 column: 3 addr: 0X7C0[0m
[1;33m[1;36m [IssueCommand] cid: 3 clk: 4070 | ACTIVATE | (address) rank: 0 bankgroup: 3 bank: 0 row: 0 column: 3 addr: 0X7E0[0m
[1;33m[1;36m [IssueCommand] cid: 2 clk: 4089 | READ | (address) rank: 0 bankgroup: 3 bank: 0 row: 0 column: 3 addr: 0X7C0[0m
[1;33m[1;36m [IssueCommand] cid: 3 clk: 4089 | READ | (address) rank: 0 bankgroup: 3 bank: 0 row: 0 column: 3 addr: 0X7E0[0m
[1;33m[1;35m [ReturnDoneRead] cid: 2 clk: 4114 | READ | addr: 0X7C0[0m
[1;33m[1;35m [ReturnDoneRead] cid: 3 clk: 4114 | READ | addr: 0X7E0[0m
3854818: system.mem_ctrl: Read to address 1984 complete
3854818: system.mem_ctrl: Access for address 1984
3854818: system.mem_ctrl: Queuing response for address 1984
3862818: system.mem_ctrl: Attempting to send response
3862818: system.mem_ctrl: Have 0 read, 0 write, 0 responses outstanding
[1;33m[1;36m [IssueCommand] cid: 0 clk: 4166 | PRECHARGE | (address) rank: 1 bankgroup: 0 bank: 1 row: -1 column: -1 addr: 0XFFFFFFFFFFFFFFFF[0m
[1;33m[1;36m [IssueCommand] cid: 1 clk: 4166 | PRECHARGE | (address) rank: 1 bankgroup: 0 bank: 1 row: -1 column: -1 addr: 0XFFFFFFFFFFFFFFFF[0m
[1;33m[1;36m [IssueCommand] cid: 2 clk: 4166 | PRECHARGE | (address) rank: 1 bankgroup: 0 bank: 1 row: -1 column: -1 addr: 0XFFFFFFFFFFFFFFFF[0m
[1;33m[1;36m [IssueCommand] cid: 3 clk: 4166 | PRECHARGE | (address) rank: 1 bankgroup: 0 bank: 1 row: -1 column: -1 addr: 0XFFFFFFFFFFFFFFFF[0m
[1;33m[1;36m [IssueCommand] cid: 0 clk: 4167 | PRECHARGE | (address) rank: 1 bankgroup: 1 bank: 1 row: -1 column: -1 addr: 0XFFFFFFFFFFFFFFFF[0m
[1;33m[1;36m [IssueCommand] cid: 1 clk: 4167 | PRECHARGE | (address) rank: 1 bankgroup: 1 bank: 1 row: -1 column: -1 addr: 0XFFFFFFFFFFFFFFFF[0m
[1;33m[1;36m [IssueCommand] cid: 2 clk: 4167 | PRECHARGE | (address) rank: 1 bankgroup: 1 bank: 0 row: -1 column: -1 addr: 0XFFFFFFFFFFFFFFFF[0m
[1;33m[1;36m [IssueCommand] cid: 3 clk: 4167 | PRECHARGE | (address) rank: 1 bankgroup: 1 bank: 0 row: -1 column: -1 addr: 0XFFFFFFFFFFFFFFFF[0m
[1;33m[1;36m [IssueCommand] cid: 0 clk: 4168 | PRECHARGE | (address) rank: 1 bankgroup: 2 bank: 1 row: -1 column: -1 addr: 0XFFFFFFFFFFFFFFFF[0m
[1;33m[1;36m [IssueCommand] cid: 1 clk: 4168 | PRECHARGE | (address) rank: 1 bankgroup: 2 bank: 1 row: -1 column: -1 addr: 0XFFFFFFFFFFFFFFFF[0m
[1;33m[1;36m [IssueCommand] cid: 2 clk: 4168 | PRECHARGE | (address) rank: 1 bankgroup: 1 bank: 1 row: -1 column: -1 addr: 0XFFFFFFFFFFFFFFFF[0m
[1;33m[1;36m [IssueCommand] cid: 3 clk: 4168 | PRECHARGE | (address) rank: 1 bankgroup: 1 bank: 1 row: -1 column: -1 addr: 0XFFFFFFFFFFFFFFFF[0m
[1;33m[1;36m [IssueCommand] cid: 0 clk: 4169 | PRECHARGE | (address) rank: 1 bankgroup: 3 bank: 0 row: -1 column: -1 addr: 0XFFFFFFFFFFFFFFFF[0m
[1;33m[1;36m [IssueCommand] cid: 1 clk: 4169 | PRECHARGE | (address) rank: 1 bankgroup: 3 bank: 0 row: -1 column: -1 addr: 0XFFFFFFFFFFFFFFFF[0m
[1;33m[1;36m [IssueCommand] cid: 2 clk: 4169 | PRECHARGE | (address) rank: 1 bankgroup: 2 bank: 0 row: -1 column: -1 addr: 0XFFFFFFFFFFFFFFFF[0m
[1;33m[1;36m [IssueCommand] cid: 3 clk: 4169 | PRECHARGE | (address) rank: 1 bankgroup: 2 bank: 0 row: -1 column: -1 addr: 0XFFFFFFFFFFFFFFFF[0m
[1;33m[1;36m [IssueCommand] cid: 0 clk: 4170 | PRECHARGE | (address) rank: 1 bankgroup: 3 bank: 1 row: -1 column: -1 addr: 0XFFFFFFFFFFFFFFFF[0m
[1;33m[1;36m [IssueCommand] cid: 1 clk: 4170 | PRECHARGE | (address) rank: 1 bankgroup: 3 bank: 1 row: -1 column: -1 addr: 0XFFFFFFFFFFFFFFFF[0m
[1;33m[1;36m [IssueCommand] cid: 2 clk: 4170 | PRECHARGE | (address) rank: 1 bankgroup: 2 bank: 1 row: -1 column: -1 addr: 0XFFFFFFFFFFFFFFFF[0m
[1;33m[1;36m [IssueCommand] cid: 3 clk: 4170 | PRECHARGE | (address) rank: 1 bankgroup: 2 bank: 1 row: -1 column: -1 addr: 0XFFFFFFFFFFFFFFFF[0m
[1;33m[1;36m [IssueCommand] cid: 2 clk: 4171 | PRECHARGE | (address) rank: 1 bankgroup: 3 bank: 1 row: -1 column: -1 addr: 0XFFFFFFFFFFFFFFFF[0m
[1;33m[1;36m [IssueCommand] cid: 3 clk: 4171 | PRECHARGE | (address) rank: 1 bankgroup: 3 bank: 1 row: -1 column: -1 addr: 0XFFFFFFFFFFFFFFFF[0m
3925000: system.mem_ctrl: Enqueueing address 87232
[1;33m[1;35m [AddTransaction(RD)] cid: 2 clk: 4189 | READ | addr: 0X154C0[0m
[1;33m[1;35m [AddTransaction(RD)] cid: 3 clk: 4189 | READ | addr: 0X154E0[0m
[1;33m[1;36m [IssueCommand] cid: 0 clk: 4189 | REFRESH | (address) rank: 1 bankgroup: -1 bank: -1 row: -1 column: -1 addr: 0XFFFFFFFFFFFFFFFF[0m
[1;33m[1;36m [IssueCommand] cid: 1 clk: 4189 | REFRESH | (address) rank: 1 bankgroup: -1 bank: -1 row: -1 column: -1 addr: 0XFFFFFFFFFFFFFFFF[0m
[1;33m[1;36m [AddCommand] cid: 2 clk: 4189 | READ | (address) rank: 0 bankgroup: 1 bank: 2 row: 0 column: 42 addr: 0X154C0[0m
[1;33m[1;36m [AddCommand] cid: 3 clk: 4189 | READ | (address) rank: 0 bankgroup: 1 bank: 2 row: 0 column: 42 addr: 0X154E0[0m
[1;33m[1;36m [IssueCommand] cid: 2 clk: 4190 | REFRESH | (address) rank: 1 bankgroup: -1 bank: -1 row: -1 column: -1 addr: 0XFFFFFFFFFFFFFFFF[0m
[1;33m[1;36m [IssueCommand] cid: 3 clk: 4190 | REFRESH | (address) rank: 1 bankgroup: -1 bank: -1 row: -1 column: -1 addr: 0XFFFFFFFFFFFFFFFF[0m
[1;33m[1;36m [IssueCommand] cid: 2 clk: 4191 | READ | (address) rank: 0 bankgroup: 1 bank: 2 row: 0 column: 42 addr: 0X154C0[0m
[1;33m[1;36m [IssueCommand] cid: 3 clk: 4191 | READ | (address) rank: 0 bankgroup: 1 bank: 2 row: 0 column: 42 addr: 0X154E0[0m
[1;33m[1;35m [ReturnDoneRead] cid: 2 clk: 4216 | READ | addr: 0X154C0[0m
[1;33m[1;35m [ReturnDoneRead] cid: 3 clk: 4216 | READ | addr: 0X154E0[0m
3950392: system.mem_ctrl: Read to address 87232 complete
3950392: system.mem_ctrl: Access for address 87232
3950392: system.mem_ctrl: Queuing response for address 87232
3958392: system.mem_ctrl: Attempting to send response
3958392: system.mem_ctrl: Have 0 read, 0 write, 0 responses outstanding
4033000: system.mem_ctrl: Enqueueing address 421952
[1;33m[1;35m [AddTransaction(RD)] cid: 2 clk: 4305 | READ | addr: 0X67040[0m
[1;33m[1;35m [AddTransaction(RD)] cid: 3 clk: 4305 | READ | addr: 0X67060[0m
[1;33m[1;36m [AddCommand] cid: 2 clk: 4305 | READ | (address) rank: 1 bankgroup: 0 bank: 0 row: 1 column: 56 addr: 0X67040[0m
[1;33m[1;36m [AddCommand] cid: 3 clk: 4305 | READ | (address) rank: 1 bankgroup: 0 bank: 0 row: 1 column: 56 addr: 0X67060[0m
[1;33m[1;36m [IssueCommand] cid: 2 clk: 4489 | ACTIVATE | (address) rank: 1 bankgroup: 0 bank: 0 row: 1 column: 56 addr: 0X67040[0m
[1;33m[1;36m [IssueCommand] cid: 3 clk: 4489 | ACTIVATE | (address) rank: 1 bankgroup: 0 bank: 0 row: 1 column: 56 addr: 0X67060[0m
[1;33m[1;36m [IssueCommand] cid: 2 clk: 4508 | READ | (address) rank: 1 bankgroup: 0 bank: 0 row: 1 column: 56 addr: 0X67040[0m
[1;33m[1;36m [IssueCommand] cid: 3 clk: 4508 | READ | (address) rank: 1 bankgroup: 0 bank: 0 row: 1 column: 56 addr: 0X67060[0m
[1;33m[1;35m [ReturnDoneRead] cid: 2 clk: 4533 | READ | addr: 0X67040[0m
[1;33m[1;35m [ReturnDoneRead] cid: 3 clk: 4533 | READ | addr: 0X67060[0m
4247421: system.mem_ctrl: Read to address 421952 complete
4247421: system.mem_ctrl: Access for address 421952
4247421: system.mem_ctrl: Queuing response for address 421952
4255421: system.mem_ctrl: Attempting to send response
4255421: system.mem_ctrl: Have 0 read, 0 write, 0 responses outstanding
4312000: system.mem_ctrl: Enqueueing address 422080
[1;33m[1;35m [AddTransaction(RD)] cid: 2 clk: 4602 | READ | addr: 0X670C0[0m
[1;33m[1;35m [AddTransaction(RD)] cid: 3 clk: 4602 | READ | addr: 0X670E0[0m
[1;33m[1;36m [AddCommand] cid: 2 clk: 4602 | READ | (address) rank: 1 bankgroup: 1 bank: 0 row: 1 column: 56 addr: 0X670C0[0m
[1;33m[1;36m [AddCommand] cid: 3 clk: 4602 | READ | (address) rank: 1 bankgroup: 1 bank: 0 row: 1 column: 56 addr: 0X670E0[0m
[1;33m[1;36m [IssueCommand] cid: 2 clk: 4603 | ACTIVATE | (address) rank: 1 bankgroup: 1 bank: 0 row: 1 column: 56 addr: 0X670C0[0m
[1;33m[1;36m [IssueCommand] cid: 3 clk: 4603 | ACTIVATE | (address) rank: 1 bankgroup: 1 bank: 0 row: 1 column: 56 addr: 0X670E0[0m
[1;33m[1;36m [IssueCommand] cid: 2 clk: 4622 | READ | (address) rank: 1 bankgroup: 1 bank: 0 row: 1 column: 56 addr: 0X670C0[0m
[1;33m[1;36m [IssueCommand] cid: 3 clk: 4622 | READ | (address) rank: 1 bankgroup: 1 bank: 0 row: 1 column: 56 addr: 0X670E0[0m
[1;33m[1;35m [ReturnDoneRead] cid: 2 clk: 4647 | READ | addr: 0X670C0[0m
[1;33m[1;35m [ReturnDoneRead] cid: 3 clk: 4647 | READ | addr: 0X670E0[0m
4354239: system.mem_ctrl: Read to address 422080 complete
4354239: system.mem_ctrl: Access for address 422080
4354239: system.mem_ctrl: Queuing response for address 422080
4362239: system.mem_ctrl: Attempting to send response
4362239: system.mem_ctrl: Have 0 read, 0 write, 0 responses outstanding
4415000: system.mem_ctrl: Enqueueing address 82624
[1;33m[1;35m [AddTransaction(RD)] cid: 2 clk: 4712 | READ | addr: 0X142C0[0m
[1;33m[1;35m [AddTransaction(RD)] cid: 3 clk: 4712 | READ | addr: 0X142E0[0m
[1;33m[1;36m [AddCommand] cid: 2 clk: 4712 | READ | (address) rank: 0 bankgroup: 1 bank: 2 row: 0 column: 33 addr: 0X142C0[0m
[1;33m[1;36m [AddCommand] cid: 3 clk: 4712 | READ | (address) rank: 0 bankgroup: 1 bank: 2 row: 0 column: 33 addr: 0X142E0[0m
[1;33m[1;36m [IssueCommand] cid: 2 clk: 4713 | READ | (address) rank: 0 bankgroup: 1 bank: 2 row: 0 column: 33 addr: 0X142C0[0m
[1;33m[1;36m [IssueCommand] cid: 3 clk: 4713 | READ | (address) rank: 0 bankgroup: 1 bank: 2 row: 0 column: 33 addr: 0X142E0[0m
[1;33m[1;35m [ReturnDoneRead] cid: 2 clk: 4738 | READ | addr: 0X142C0[0m
[1;33m[1;35m [ReturnDoneRead] cid: 3 clk: 4738 | READ | addr: 0X142E0[0m
4439506: system.mem_ctrl: Read to address 82624 complete
4439506: system.mem_ctrl: Access for address 82624
4439506: system.mem_ctrl: Queuing response for address 82624
4447506: system.mem_ctrl: Attempting to send response
4447506: system.mem_ctrl: Have 0 read, 0 write, 0 responses outstanding
4512000: system.mem_ctrl: Enqueueing address 82688
[1;33m[1;35m [AddTransaction(RD)] cid: 0 clk: 4816 | READ | addr: 0X14300[0m
[1;33m[1;35m [AddTransaction(RD)] cid: 1 clk: 4816 | READ | addr: 0X14320[0m
[1;33m[1;36m [AddCommand] cid: 0 clk: 4816 | READ | (address) rank: 0 bankgroup: 2 bank: 2 row: 0 column: 33 addr: 0X14300[0m
[1;33m[1;36m [AddCommand] cid: 1 clk: 4816 | READ | (address) rank: 0 bankgroup: 2 bank: 2 row: 0 column: 33 addr: 0X14320[0m
[1;33m[1;36m [IssueCommand] cid: 0 clk: 4817 | ACTIVATE | (address) rank: 0 bankgroup: 2 bank: 2 row: 0 column: 33 addr: 0X14300[0m
[1;33m[1;36m [IssueCommand] cid: 1 clk: 4817 | ACTIVATE | (address) rank: 0 bankgroup: 2 bank: 2 row: 0 column: 33 addr: 0X14320[0m
[1;33m[1;36m [IssueCommand] cid: 0 clk: 4836 | READ | (address) rank: 0 bankgroup: 2 bank: 2 row: 0 column: 33 addr: 0X14300[0m
[1;33m[1;36m [IssueCommand] cid: 1 clk: 4836 | READ | (address) rank: 0 bankgroup: 2 bank: 2 row: 0 column: 33 addr: 0X14320[0m
[1;33m[1;35m [ReturnDoneRead] cid: 0 clk: 4861 | READ | addr: 0X14300[0m
[1;33m[1;35m [ReturnDoneRead] cid: 1 clk: 4861 | READ | addr: 0X14320[0m
4554757: system.mem_ctrl: Read to address 82688 complete
4554757: system.mem_ctrl: Access for address 82688
4554757: system.mem_ctrl: Queuing response for address 82688
4562757: system.mem_ctrl: Attempting to send response
4562757: system.mem_ctrl: Have 0 read, 0 write, 0 responses outstanding
4681000: system.mem_ctrl: Enqueueing address 82752
[1;33m[1;35m [AddTransaction(RD)] cid: 2 clk: 4996 | READ | addr: 0X14340[0m
[1;33m[1;35m [AddTransaction(RD)] cid: 3 clk: 4996 | READ | addr: 0X14360[0m
[1;33m[1;36m [AddCommand] cid: 2 clk: 4996 | READ | (address) rank: 0 bankgroup: 2 bank: 2 row: 0 column: 33 addr: 0X14340[0m
[1;33m[1;36m [AddCommand] cid: 3 clk: 4996 | READ | (address) rank: 0 bankgroup: 2 bank: 2 row: 0 column: 33 addr: 0X14360[0m
[1;33m[1;36m [IssueCommand] cid: 2 clk: 4997 | READ | (address) rank: 0 bankgroup: 2 bank: 2 row: 0 column: 33 addr: 0X14340[0m
[1;33m[1;36m [IssueCommand] cid: 3 clk: 4997 | READ | (address) rank: 0 bankgroup: 2 bank: 2 row: 0 column: 33 addr: 0X14360[0m
[1;33m[1;35m [ReturnDoneRead] cid: 2 clk: 5022 | READ | addr: 0X14340[0m
[1;33m[1;35m [ReturnDoneRead] cid: 3 clk: 5022 | READ | addr: 0X14360[0m
4705614: system.mem_ctrl: Read to address 82752 complete
4705614: system.mem_ctrl: Access for address 82752
4705614: system.mem_ctrl: Queuing response for address 82752
4713614: system.mem_ctrl: Attempting to send response
4713614: system.mem_ctrl: Have 0 read, 0 write, 0 responses outstanding
4762000: system.mem_ctrl: Enqueueing address 82944
[1;33m[1;35m [AddTransaction(RD)] cid: 0 clk: 5083 | READ | addr: 0X14400[0m
[1;33m[1;35m [AddTransaction(RD)] cid: 1 clk: 5083 | READ | addr: 0X14420[0m
[1;33m[1;36m [AddCommand] cid: 0 clk: 5083 | READ | (address) rank: 0 bankgroup: 0 bank: 2 row: 0 column: 34 addr: 0X14400[0m
[1;33m[1;36m [AddCommand] cid: 1 clk: 5083 | READ | (address) rank: 0 bankgroup: 0 bank: 2 row: 0 column: 34 addr: 0X14420[0m
[1;33m[1;36m [IssueCommand] cid: 0 clk: 5084 | READ | (address) rank: 0 bankgroup: 0 bank: 2 row: 0 column: 34 addr: 0X14400[0m
[1;33m[1;36m [IssueCommand] cid: 1 clk: 5084 | READ | (address) rank: 0 bankgroup: 0 bank: 2 row: 0 column: 34 addr: 0X14420[0m
[1;33m[1;35m [ReturnDoneRead] cid: 0 clk: 5109 | READ | addr: 0X14400[0m
[1;33m[1;35m [ReturnDoneRead] cid: 1 clk: 5109 | READ | addr: 0X14420[0m
4787133: system.mem_ctrl: Read to address 82944 complete
4787133: system.mem_ctrl: Access for address 82944
4787133: system.mem_ctrl: Queuing response for address 82944
4795133: system.mem_ctrl: Attempting to send response
4795133: system.mem_ctrl: Have 0 read, 0 write, 0 responses outstanding
4902000: system.mem_ctrl: Enqueueing address 2112
[1;33m[1;35m [AddTransaction(RD)] cid: 2 clk: 5232 | READ | addr: 0X840[0m
[1;33m[1;35m [AddTransaction(RD)] cid: 3 clk: 5232 | READ | addr: 0X860[0m
[1;33m[1;36m [AddCommand] cid: 2 clk: 5232 | READ | (address) rank: 0 bankgroup: 0 bank: 0 row: 0 column: 4 addr: 0X840[0m
[1;33m[1;36m [AddCommand] cid: 3 clk: 5232 | READ | (address) rank: 0 bankgroup: 0 bank: 0 row: 0 column: 4 addr: 0X860[0m
[1;33m[1;36m [IssueCommand] cid: 2 clk: 5233 | ACTIVATE | (address) rank: 0 bankgroup: 0 bank: 0 row: 0 column: 4 addr: 0X840[0m
[1;33m[1;36m [IssueCommand] cid: 3 clk: 5233 | ACTIVATE | (address) rank: 0 bankgroup: 0 bank: 0 row: 0 column: 4 addr: 0X860[0m
[1;33m[1;36m [IssueCommand] cid: 2 clk: 5252 | READ | (address) rank: 0 bankgroup: 0 bank: 0 row: 0 column: 4 addr: 0X840[0m
[1;33m[1;36m [IssueCommand] cid: 3 clk: 5252 | READ | (address) rank: 0 bankgroup: 0 bank: 0 row: 0 column: 4 addr: 0X860[0m
[1;33m[1;35m [ReturnDoneRead] cid: 2 clk: 5277 | READ | addr: 0X840[0m
[1;33m[1;35m [ReturnDoneRead] cid: 3 clk: 5277 | READ | addr: 0X860[0m
4944549: system.mem_ctrl: Read to address 2112 complete
4944549: system.mem_ctrl: Access for address 2112
4944549: system.mem_ctrl: Queuing response for address 2112
4952549: system.mem_ctrl: Attempting to send response
4952549: system.mem_ctrl: Have 0 read, 0 write, 0 responses outstanding
5001000: system.mem_ctrl: Enqueueing address 2752
[1;33m[1;35m [AddTransaction(RD)] cid: 2 clk: 5338 | READ | addr: 0XAC0[0m
[1;33m[1;35m [AddTransaction(RD)] cid: 3 clk: 5338 | READ | addr: 0XAE0[0m
[1;33m[1;36m [AddCommand] cid: 2 clk: 5338 | READ | (address) rank: 0 bankgroup: 1 bank: 0 row: 0 column: 5 addr: 0XAC0[0m
[1;33m[1;36m [AddCommand] cid: 3 clk: 5338 | READ | (address) rank: 0 bankgroup: 1 bank: 0 row: 0 column: 5 addr: 0XAE0[0m
[1;33m[1;36m [IssueCommand] cid: 2 clk: 5339 | ACTIVATE | (address) rank: 0 bankgroup: 1 bank: 0 row: 0 column: 5 addr: 0XAC0[0m
[1;33m[1;36m [IssueCommand] cid: 3 clk: 5339 | ACTIVATE | (address) rank: 0 bankgroup: 1 bank: 0 row: 0 column: 5 addr: 0XAE0[0m
[1;33m[1;36m [IssueCommand] cid: 2 clk: 5358 | READ | (address) rank: 0 bankgroup: 1 bank: 0 row: 0 column: 5 addr: 0XAC0[0m
[1;33m[1;36m [IssueCommand] cid: 3 clk: 5358 | READ | (address) rank: 0 bankgroup: 1 bank: 0 row: 0 column: 5 addr: 0XAE0[0m
[1;33m[1;35m [ReturnDoneRead] cid: 2 clk: 5383 | READ | addr: 0XAC0[0m
[1;33m[1;35m [ReturnDoneRead] cid: 3 clk: 5383 | READ | addr: 0XAE0[0m
5043871: system.mem_ctrl: Read to address 2752 complete
5043871: system.mem_ctrl: Access for address 2752
5043871: system.mem_ctrl: Queuing response for address 2752
5051871: system.mem_ctrl: Attempting to send response
5051871: system.mem_ctrl: Have 0 read, 0 write, 0 responses outstanding
5104000: system.mem_ctrl: Enqueueing address 422784
[1;33m[1;35m [AddTransaction(RD)] cid: 0 clk: 5448 | READ | addr: 0X67380[0m
[1;33m[1;35m [AddTransaction(RD)] cid: 1 clk: 5448 | READ | addr: 0X673A0[0m
[1;33m[1;36m [AddCommand] cid: 0 clk: 5448 | READ | (address) rank: 1 bankgroup: 3 bank: 0 row: 1 column: 57 addr: 0X67380[0m
[1;33m[1;36m [AddCommand] cid: 1 clk: 5448 | READ | (address) rank: 1 bankgroup: 3 bank: 0 row: 1 column: 57 addr: 0X673A0[0m
[1;33m[1;36m [IssueCommand] cid: 0 clk: 5449 | ACTIVATE | (address) rank: 1 bankgroup: 3 bank: 0 row: 1 column: 57 addr: 0X67380[0m
[1;33m[1;36m [IssueCommand] cid: 1 clk: 5449 | ACTIVATE | (address) rank: 1 bankgroup: 3 bank: 0 row: 1 column: 57 addr: 0X673A0[0m
[1;33m[1;36m [IssueCommand] cid: 0 clk: 5468 | READ | (address) rank: 1 bankgroup: 3 bank: 0 row: 1 column: 57 addr: 0X67380[0m
[1;33m[1;36m [IssueCommand] cid: 1 clk: 5468 | READ | (address) rank: 1 bankgroup: 3 bank: 0 row: 1 column: 57 addr: 0X673A0[0m
[1;33m[1;35m [ReturnDoneRead] cid: 0 clk: 5493 | READ | addr: 0X67380[0m
[1;33m[1;35m [ReturnDoneRead] cid: 1 clk: 5493 | READ | addr: 0X673A0[0m
5146941: system.mem_ctrl: Read to address 422784 complete
5146941: system.mem_ctrl: Access for address 422784
5146941: system.mem_ctrl: Queuing response for address 422784
5154941: system.mem_ctrl: Attempting to send response
5154941: system.mem_ctrl: Have 0 read, 0 write, 0 responses outstanding
5213000: system.mem_ctrl: Enqueueing address 418816
[1;33m[1;35m [AddTransaction(RD)] cid: 0 clk: 5564 | READ | addr: 0X66400[0m
[1;33m[1;35m [AddTransaction(RD)] cid: 1 clk: 5564 | READ | addr: 0X66420[0m
[1;33m[1;36m [AddCommand] cid: 0 clk: 5564 | READ | (address) rank: 1 bankgroup: 0 bank: 0 row: 1 column: 50 addr: 0X66400[0m
[1;33m[1;36m [AddCommand] cid: 1 clk: 5564 | READ | (address) rank: 1 bankgroup: 0 bank: 0 row: 1 column: 50 addr: 0X66420[0m
[1;33m[1;36m [IssueCommand] cid: 0 clk: 5565 | ACTIVATE | (address) rank: 1 bankgroup: 0 bank: 0 row: 1 column: 50 addr: 0X66400[0m
[1;33m[1;36m [IssueCommand] cid: 1 clk: 5565 | ACTIVATE | (address) rank: 1 bankgroup: 0 bank: 0 row: 1 column: 50 addr: 0X66420[0m
[1;33m[1;36m [IssueCommand] cid: 0 clk: 5584 | READ | (address) rank: 1 bankgroup: 0 bank: 0 row: 1 column: 50 addr: 0X66400[0m
[1;33m[1;36m [IssueCommand] cid: 1 clk: 5584 | READ | (address) rank: 1 bankgroup: 0 bank: 0 row: 1 column: 50 addr: 0X66420[0m
[1;33m[1;35m [ReturnDoneRead] cid: 0 clk: 5609 | READ | addr: 0X66400[0m
[1;33m[1;35m [ReturnDoneRead] cid: 1 clk: 5609 | READ | addr: 0X66420[0m
5255633: system.mem_ctrl: Read to address 418816 complete
5255633: system.mem_ctrl: Access for address 418816
5255633: system.mem_ctrl: Queuing response for address 418816
5263633: system.mem_ctrl: Attempting to send response
5263633: system.mem_ctrl: Have 0 read, 0 write, 0 responses outstanding
5358000: system.mem_ctrl: Enqueueing address 82240
[1;33m[1;35m [AddTransaction(RD)] cid: 2 clk: 5719 | READ | addr: 0X14140[0m
[1;33m[1;35m [AddTransaction(RD)] cid: 3 clk: 5719 | READ | addr: 0X14160[0m
[1;33m[1;36m [AddCommand] cid: 2 clk: 5719 | READ | (address) rank: 0 bankgroup: 2 bank: 2 row: 0 column: 32 addr: 0X14140[0m
[1;33m[1;36m [AddCommand] cid: 3 clk: 5719 | READ | (address) rank: 0 bankgroup: 2 bank: 2 row: 0 column: 32 addr: 0X14160[0m
[1;33m[1;36m [IssueCommand] cid: 2 clk: 5720 | READ | (address) rank: 0 bankgroup: 2 bank: 2 row: 0 column: 32 addr: 0X14140[0m
[1;33m[1;36m [IssueCommand] cid: 3 clk: 5720 | READ | (address) rank: 0 bankgroup: 2 bank: 2 row: 0 column: 32 addr: 0X14160[0m
[1;33m[1;35m [ReturnDoneRead] cid: 2 clk: 5745 | READ | addr: 0X14140[0m
[1;33m[1;35m [ReturnDoneRead] cid: 3 clk: 5745 | READ | addr: 0X14160[0m
5383065: system.mem_ctrl: Read to address 82240 complete
5383065: system.mem_ctrl: Access for address 82240
5383065: system.mem_ctrl: Queuing response for address 82240
5391065: system.mem_ctrl: Attempting to send response
5391065: system.mem_ctrl: Have 0 read, 0 write, 0 responses outstanding
5442000: system.mem_ctrl: Enqueueing address 422592
[1;33m[1;35m [AddTransaction(RD)] cid: 2 clk: 5808 | READ | addr: 0X672C0[0m
[1;33m[1;35m [AddTransaction(RD)] cid: 3 clk: 5808 | READ | addr: 0X672E0[0m
[1;33m[1;36m [AddCommand] cid: 2 clk: 5808 | READ | (address) rank: 1 bankgroup: 1 bank: 0 row: 1 column: 57 addr: 0X672C0[0m
[1;33m[1;36m [AddCommand] cid: 3 clk: 5808 | READ | (address) rank: 1 bankgroup: 1 bank: 0 row: 1 column: 57 addr: 0X672E0[0m
[1;33m[1;36m [IssueCommand] cid: 2 clk: 5809 | READ | (address) rank: 1 bankgroup: 1 bank: 0 row: 1 column: 57 addr: 0X672C0[0m
[1;33m[1;36m [IssueCommand] cid: 3 clk: 5809 | READ | (address) rank: 1 bankgroup: 1 bank: 0 row: 1 column: 57 addr: 0X672E0[0m
[1;33m[1;35m [ReturnDoneRead] cid: 2 clk: 5834 | READ | addr: 0X672C0[0m
[1;33m[1;35m [ReturnDoneRead] cid: 3 clk: 5834 | READ | addr: 0X672E0[0m
5466458: system.mem_ctrl: Read to address 422592 complete
5466458: system.mem_ctrl: Access for address 422592
5466458: system.mem_ctrl: Queuing response for address 422592
5474458: system.mem_ctrl: Attempting to send response
5474458: system.mem_ctrl: Have 0 read, 0 write, 0 responses outstanding
5527000: system.mem_ctrl: Enqueueing address 421824
[1;33m[1;35m [AddTransaction(RD)] cid: 2 clk: 5899 | READ | addr: 0X66FC0[0m
[1;33m[1;35m [AddTransaction(RD)] cid: 3 clk: 5899 | READ | addr: 0X66FE0[0m
[1;33m[1;36m [AddCommand] cid: 2 clk: 5899 | READ | (address) rank: 1 bankgroup: 3 bank: 0 row: 1 column: 55 addr: 0X66FC0[0m
[1;33m[1;36m [AddCommand] cid: 3 clk: 5899 | READ | (address) rank: 1 bankgroup: 3 bank: 0 row: 1 column: 55 addr: 0X66FE0[0m
[1;33m[1;36m [IssueCommand] cid: 2 clk: 5900 | ACTIVATE | (address) rank: 1 bankgroup: 3 bank: 0 row: 1 column: 55 addr: 0X66FC0[0m
[1;33m[1;36m [IssueCommand] cid: 3 clk: 5900 | ACTIVATE | (address) rank: 1 bankgroup: 3 bank: 0 row: 1 column: 55 addr: 0X66FE0[0m
[1;33m[1;36m [IssueCommand] cid: 2 clk: 5919 | READ | (address) rank: 1 bankgroup: 3 bank: 0 row: 1 column: 55 addr: 0X66FC0[0m
[1;33m[1;36m [IssueCommand] cid: 3 clk: 5919 | READ | (address) rank: 1 bankgroup: 3 bank: 0 row: 1 column: 55 addr: 0X66FE0[0m
[1;33m[1;35m [ReturnDoneRead] cid: 2 clk: 5944 | READ | addr: 0X66FC0[0m
[1;33m[1;35m [ReturnDoneRead] cid: 3 clk: 5944 | READ | addr: 0X66FE0[0m
5569528: system.mem_ctrl: Read to address 421824 complete
5569528: system.mem_ctrl: Access for address 421824
5569528: system.mem_ctrl: Queuing response for address 421824
5577528: system.mem_ctrl: Attempting to send response
5577528: system.mem_ctrl: Have 0 read, 0 write, 0 responses outstanding
5628000: system.mem_ctrl: Enqueueing address 82304
[1;33m[1;35m [AddTransaction(RD)] cid: 0 clk: 6007 | READ | addr: 0X14180[0m
[1;33m[1;35m [AddTransaction(RD)] cid: 1 clk: 6007 | READ | addr: 0X141A0[0m
[1;33m[1;36m [AddCommand] cid: 0 clk: 6007 | READ | (address) rank: 0 bankgroup: 3 bank: 2 row: 0 column: 32 addr: 0X14180[0m
[1;33m[1;36m [AddCommand] cid: 1 clk: 6007 | READ | (address) rank: 0 bankgroup: 3 bank: 2 row: 0 column: 32 addr: 0X141A0[0m
[1;33m[1;36m [IssueCommand] cid: 0 clk: 6008 | READ | (address) rank: 0 bankgroup: 3 bank: 2 row: 0 column: 32 addr: 0X14180[0m
[1;33m[1;36m [IssueCommand] cid: 1 clk: 6008 | READ | (address) rank: 0 bankgroup: 3 bank: 2 row: 0 column: 32 addr: 0X141A0[0m
[1;33m[1;35m [ReturnDoneRead] cid: 0 clk: 6033 | READ | addr: 0X14180[0m
[1;33m[1;35m [ReturnDoneRead] cid: 1 clk: 6033 | READ | addr: 0X141A0[0m
5652921: system.mem_ctrl: Read to address 82304 complete
5652921: system.mem_ctrl: Access for address 82304
5652921: system.mem_ctrl: Queuing response for address 82304
5660921: system.mem_ctrl: Attempting to send response
5660921: system.mem_ctrl: Have 0 read, 0 write, 0 responses outstanding
5709000: system.mem_ctrl: Enqueueing address 422016
[1;33m[1;35m [AddTransaction(RD)] cid: 0 clk: 6093 | READ | addr: 0X67080[0m
[1;33m[1;35m [AddTransaction(RD)] cid: 1 clk: 6093 | READ | addr: 0X670A0[0m
[1;33m[1;36m [AddCommand] cid: 0 clk: 6093 | READ | (address) rank: 1 bankgroup: 1 bank: 0 row: 1 column: 56 addr: 0X67080[0m
[1;33m[1;36m [AddCommand] cid: 1 clk: 6093 | READ | (address) rank: 1 bankgroup: 1 bank: 0 row: 1 column: 56 addr: 0X670A0[0m
[1;33m[1;36m [IssueCommand] cid: 0 clk: 6094 | ACTIVATE | (address) rank: 1 bankgroup: 1 bank: 0 row: 1 column: 56 addr: 0X67080[0m
[1;33m[1;36m [IssueCommand] cid: 1 clk: 6094 | ACTIVATE | (address) rank: 1 bankgroup: 1 bank: 0 row: 1 column: 56 addr: 0X670A0[0m
[1;33m[1;36m [IssueCommand] cid: 0 clk: 6113 | READ | (address) rank: 1 bankgroup: 1 bank: 0 row: 1 column: 56 addr: 0X67080[0m
[1;33m[1;36m [IssueCommand] cid: 1 clk: 6113 | READ | (address) rank: 1 bankgroup: 1 bank: 0 row: 1 column: 56 addr: 0X670A0[0m
[1;33m[1;35m [ReturnDoneRead] cid: 0 clk: 6138 | READ | addr: 0X67080[0m
[1;33m[1;35m [ReturnDoneRead] cid: 1 clk: 6138 | READ | addr: 0X670A0[0m
5751306: system.mem_ctrl: Read to address 422016 complete
5751306: system.mem_ctrl: Access for address 422016
5751306: system.mem_ctrl: Queuing response for address 422016
5759306: system.mem_ctrl: Attempting to send response
5759306: system.mem_ctrl: Have 0 read, 0 write, 0 responses outstanding
5810000: system.mem_ctrl: Enqueueing address 443520
[1;33m[1;35m [AddTransaction(RD)] cid: 0 clk: 6201 | READ | addr: 0X6C480[0m
[1;33m[1;35m [AddTransaction(RD)] cid: 1 clk: 6201 | READ | addr: 0X6C4A0[0m
[1;33m[1;36m [AddCommand] cid: 0 clk: 6201 | READ | (address) rank: 1 bankgroup: 1 bank: 1 row: 1 column: 34 addr: 0X6C480[0m
[1;33m[1;36m [AddCommand] cid: 1 clk: 6201 | READ | (address) rank: 1 bankgroup: 1 bank: 1 row: 1 column: 34 addr: 0X6C4A0[0m
[1;33m[1;36m [IssueCommand] cid: 0 clk: 6202 | ACTIVATE | (address) rank: 1 bankgroup: 1 bank: 1 row: 1 column: 34 addr: 0X6C480[0m
[1;33m[1;36m [IssueCommand] cid: 1 clk: 6202 | ACTIVATE | (address) rank: 1 bankgroup: 1 bank: 1 row: 1 column: 34 addr: 0X6C4A0[0m
[1;33m[1;36m [IssueCommand] cid: 0 clk: 6221 | READ | (address) rank: 1 bankgroup: 1 bank: 1 row: 1 column: 34 addr: 0X6C480[0m
[1;33m[1;36m [IssueCommand] cid: 1 clk: 6221 | READ | (address) rank: 1 bankgroup: 1 bank: 1 row: 1 column: 34 addr: 0X6C4A0[0m
[1;33m[1;35m [ReturnDoneRead] cid: 0 clk: 6246 | READ | addr: 0X6C480[0m
[1;33m[1;35m [ReturnDoneRead] cid: 1 clk: 6246 | READ | addr: 0X6C4A0[0m
5852502: system.mem_ctrl: Read to address 443520 complete
5852502: system.mem_ctrl: Access for address 443520
5852502: system.mem_ctrl: Queuing response for address 443520
[1;33m[1;36m [IssueCommand] cid: 0 clk: 6249 | PRECHARGE | (address) rank: 0 bankgroup: 0 bank: 2 row: -1 column: -1 addr: 0XFFFFFFFFFFFFFFFF[0m
[1;33m[1;36m [IssueCommand] cid: 1 clk: 6249 | PRECHARGE | (address) rank: 0 bankgroup: 0 bank: 2 row: -1 column: -1 addr: 0XFFFFFFFFFFFFFFFF[0m
[1;33m[1;36m [IssueCommand] cid: 2 clk: 6249 | PRECHARGE | (address) rank: 0 bankgroup: 0 bank: 0 row: -1 column: -1 addr: 0XFFFFFFFFFFFFFFFF[0m
[1;33m[1;36m [IssueCommand] cid: 3 clk: 6249 | PRECHARGE | (address) rank: 0 bankgroup: 0 bank: 0 row: -1 column: -1 addr: 0XFFFFFFFFFFFFFFFF[0m
[1;33m[1;36m [IssueCommand] cid: 0 clk: 6250 | PRECHARGE | (address) rank: 0 bankgroup: 1 bank: 0 row: -1 column: -1 addr: 0XFFFFFFFFFFFFFFFF[0m
[1;33m[1;36m [IssueCommand] cid: 1 clk: 6250 | PRECHARGE | (address) rank: 0 bankgroup: 1 bank: 0 row: -1 column: -1 addr: 0XFFFFFFFFFFFFFFFF[0m
[1;33m[1;36m [IssueCommand] cid: 2 clk: 6250 | PRECHARGE | (address) rank: 0 bankgroup: 1 bank: 0 row: -1 column: -1 addr: 0XFFFFFFFFFFFFFFFF[0m
[1;33m[1;36m [IssueCommand] cid: 3 clk: 6250 | PRECHARGE | (address) rank: 0 bankgroup: 1 bank: 0 row: -1 column: -1 addr: 0XFFFFFFFFFFFFFFFF[0m
[1;33m[1;36m [IssueCommand] cid: 0 clk: 6251 | PRECHARGE | (address) rank: 0 bankgroup: 1 bank: 2 row: -1 column: -1 addr: 0XFFFFFFFFFFFFFFFF[0m
[1;33m[1;36m [IssueCommand] cid: 1 clk: 6251 | PRECHARGE | (address) rank: 0 bankgroup: 1 bank: 2 row: -1 column: -1 addr: 0XFFFFFFFFFFFFFFFF[0m
[1;33m[1;36m [IssueCommand] cid: 2 clk: 6251 | PRECHARGE | (address) rank: 0 bankgroup: 1 bank: 2 row: -1 column: -1 addr: 0XFFFFFFFFFFFFFFFF[0m
[1;33m[1;36m [IssueCommand] cid: 3 clk: 6251 | PRECHARGE | (address) rank: 0 bankgroup: 1 bank: 2 row: -1 column: -1 addr: 0XFFFFFFFFFFFFFFFF[0m
[1;33m[1;36m [IssueCommand] cid: 0 clk: 6252 | PRECHARGE | (address) rank: 0 bankgroup: 2 bank: 2 row: -1 column: -1 addr: 0XFFFFFFFFFFFFFFFF[0m
[1;33m[1;36m [IssueCommand] cid: 1 clk: 6252 | PRECHARGE | (address) rank: 0 bankgroup: 2 bank: 2 row: -1 column: -1 addr: 0XFFFFFFFFFFFFFFFF[0m
[1;33m[1;36m [IssueCommand] cid: 2 clk: 6252 | PRECHARGE | (address) rank: 0 bankgroup: 2 bank: 2 row: -1 column: -1 addr: 0XFFFFFFFFFFFFFFFF[0m
[1;33m[1;36m [IssueCommand] cid: 3 clk: 6252 | PRECHARGE | (address) rank: 0 bankgroup: 2 bank: 2 row: -1 column: -1 addr: 0XFFFFFFFFFFFFFFFF[0m
[1;33m[1;36m [IssueCommand] cid: 0 clk: 6253 | PRECHARGE | (address) rank: 0 bankgroup: 3 bank: 2 row: -1 column: -1 addr: 0XFFFFFFFFFFFFFFFF[0m
[1;33m[1;36m [IssueCommand] cid: 1 clk: 6253 | PRECHARGE | (address) rank: 0 bankgroup: 3 bank: 2 row: -1 column: -1 addr: 0XFFFFFFFFFFFFFFFF[0m
[1;33m[1;36m [IssueCommand] cid: 2 clk: 6253 | PRECHARGE | (address) rank: 0 bankgroup: 3 bank: 0 row: -1 column: -1 addr: 0XFFFFFFFFFFFFFFFF[0m
[1;33m[1;36m [IssueCommand] cid: 3 clk: 6253 | PRECHARGE | (address) rank: 0 bankgroup: 3 bank: 0 row: -1 column: -1 addr: 0XFFFFFFFFFFFFFFFF[0m
[1;33m[1;36m [IssueCommand] cid: 2 clk: 6254 | PRECHARGE | (address) rank: 0 bankgroup: 3 bank: 2 row: -1 column: -1 addr: 0XFFFFFFFFFFFFFFFF[0m
[1;33m[1;36m [IssueCommand] cid: 3 clk: 6254 | PRECHARGE | (address) rank: 0 bankgroup: 3 bank: 2 row: -1 column: -1 addr: 0XFFFFFFFFFFFFFFFF[0m
5860502: system.mem_ctrl: Attempting to send response
5860502: system.mem_ctrl: Have 0 read, 0 write, 0 responses outstanding
[1;33m[1;36m [IssueCommand] cid: 0 clk: 6272 | REFRESH | (address) rank: 0 bankgroup: -1 bank: -1 row: -1 column: -1 addr: 0XFFFFFFFFFFFFFFFF[0m
[1;33m[1;36m [IssueCommand] cid: 1 clk: 6272 | REFRESH | (address) rank: 0 bankgroup: -1 bank: -1 row: -1 column: -1 addr: 0XFFFFFFFFFFFFFFFF[0m
[1;33m[1;36m [IssueCommand] cid: 2 clk: 6273 | REFRESH | (address) rank: 0 bankgroup: -1 bank: -1 row: -1 column: -1 addr: 0XFFFFFFFFFFFFFFFF[0m
[1;33m[1;36m [IssueCommand] cid: 3 clk: 6273 | REFRESH | (address) rank: 0 bankgroup: -1 bank: -1 row: -1 column: -1 addr: 0XFFFFFFFFFFFFFFFF[0m
5919000: system.mem_ctrl: Enqueueing address 443456
[1;33m[1;35m [AddTransaction(RD)] cid: 2 clk: 6317 | READ | addr: 0X6C440[0m
[1;33m[1;35m [AddTransaction(RD)] cid: 3 clk: 6317 | READ | addr: 0X6C460[0m
[1;33m[1;36m [AddCommand] cid: 2 clk: 6317 | READ | (address) rank: 1 bankgroup: 0 bank: 1 row: 1 column: 34 addr: 0X6C440[0m
[1;33m[1;36m [AddCommand] cid: 3 clk: 6317 | READ | (address) rank: 1 bankgroup: 0 bank: 1 row: 1 column: 34 addr: 0X6C460[0m
[1;33m[1;36m [IssueCommand] cid: 2 clk: 6318 | ACTIVATE | (address) rank: 1 bankgroup: 0 bank: 1 row: 1 column: 34 addr: 0X6C440[0m
[1;33m[1;36m [IssueCommand] cid: 3 clk: 6318 | ACTIVATE | (address) rank: 1 bankgroup: 0 bank: 1 row: 1 column: 34 addr: 0X6C460[0m
[1;33m[1;36m [IssueCommand] cid: 2 clk: 6337 | READ | (address) rank: 1 bankgroup: 0 bank: 1 row: 1 column: 34 addr: 0X6C440[0m
[1;33m[1;36m [IssueCommand] cid: 3 clk: 6337 | READ | (address) rank: 1 bankgroup: 0 bank: 1 row: 1 column: 34 addr: 0X6C460[0m
[1;33m[1;35m [ReturnDoneRead] cid: 2 clk: 6362 | READ | addr: 0X6C440[0m
[1;33m[1;35m [ReturnDoneRead] cid: 3 clk: 6362 | READ | addr: 0X6C460[0m
5961194: system.mem_ctrl: Read to address 443456 complete
5961194: system.mem_ctrl: Access for address 443456
5961194: system.mem_ctrl: Queuing response for address 443456
5969194: system.mem_ctrl: Attempting to send response
5969194: system.mem_ctrl: Have 0 read, 0 write, 0 responses outstanding
6032000: system.mem_ctrl: Enqueueing address 422400
[1;33m[1;35m [AddTransaction(RD)] cid: 0 clk: 6438 | READ | addr: 0X67200[0m
[1;33m[1;35m [AddTransaction(RD)] cid: 1 clk: 6438 | READ | addr: 0X67220[0m
[1;33m[1;36m [AddCommand] cid: 0 clk: 6438 | READ | (address) rank: 1 bankgroup: 0 bank: 0 row: 1 column: 57 addr: 0X67200[0m
[1;33m[1;36m [AddCommand] cid: 1 clk: 6438 | READ | (address) rank: 1 bankgroup: 0 bank: 0 row: 1 column: 57 addr: 0X67220[0m
[1;33m[1;36m [IssueCommand] cid: 0 clk: 6439 | READ | (address) rank: 1 bankgroup: 0 bank: 0 row: 1 column: 57 addr: 0X67200[0m
[1;33m[1;36m [IssueCommand] cid: 1 clk: 6439 | READ | (address) rank: 1 bankgroup: 0 bank: 0 row: 1 column: 57 addr: 0X67220[0m
[1;33m[1;35m [ReturnDoneRead] cid: 0 clk: 6464 | READ | addr: 0X67200[0m
[1;33m[1;35m [ReturnDoneRead] cid: 1 clk: 6464 | READ | addr: 0X67220[0m
6056768: system.mem_ctrl: Read to address 422400 complete
6056768: system.mem_ctrl: Access for address 422400
6056768: system.mem_ctrl: Queuing response for address 422400
6064768: system.mem_ctrl: Attempting to send response
6064768: system.mem_ctrl: Have 0 read, 0 write, 0 responses outstanding
6119000: system.mem_ctrl: Enqueueing address 2816
[1;33m[1;35m [AddTransaction(RD)] cid: 0 clk: 6531 | READ | addr: 0XB00[0m
[1;33m[1;35m [AddTransaction(RD)] cid: 1 clk: 6531 | READ | addr: 0XB20[0m
[1;33m[1;36m [AddCommand] cid: 0 clk: 6531 | READ | (address) rank: 0 bankgroup: 2 bank: 0 row: 0 column: 5 addr: 0XB00[0m
[1;33m[1;36m [AddCommand] cid: 1 clk: 6531 | READ | (address) rank: 0 bankgroup: 2 bank: 0 row: 0 column: 5 addr: 0XB20[0m
[1;33m[1;36m [IssueCommand] cid: 0 clk: 6571 | ACTIVATE | (address) rank: 0 bankgroup: 2 bank: 0 row: 0 column: 5 addr: 0XB00[0m
[1;33m[1;36m [IssueCommand] cid: 1 clk: 6571 | ACTIVATE | (address) rank: 0 bankgroup: 2 bank: 0 row: 0 column: 5 addr: 0XB20[0m
[1;33m[1;36m [IssueCommand] cid: 0 clk: 6590 | READ | (address) rank: 0 bankgroup: 2 bank: 0 row: 0 column: 5 addr: 0XB00[0m
[1;33m[1;36m [IssueCommand] cid: 1 clk: 6590 | READ | (address) rank: 0 bankgroup: 2 bank: 0 row: 0 column: 5 addr: 0XB20[0m
[1;33m[1;35m [ReturnDoneRead] cid: 0 clk: 6615 | READ | addr: 0XB00[0m
[1;33m[1;35m [ReturnDoneRead] cid: 1 clk: 6615 | READ | addr: 0XB20[0m
6198255: system.mem_ctrl: Read to address 2816 complete
6198255: system.mem_ctrl: Access for address 2816
6198255: system.mem_ctrl: Queuing response for address 2816
6206255: system.mem_ctrl: Attempting to send response
6206255: system.mem_ctrl: Have 0 read, 0 write, 0 responses outstanding
6263000: system.mem_ctrl: Enqueueing address 422656
[1;33m[1;35m [AddTransaction(RD)] cid: 0 clk: 6685 | READ | addr: 0X67300[0m
[1;33m[1;35m [AddTransaction(RD)] cid: 1 clk: 6685 | READ | addr: 0X67320[0m
[1;33m[1;36m [AddCommand] cid: 0 clk: 6685 | READ | (address) rank: 1 bankgroup: 2 bank: 0 row: 1 column: 57 addr: 0X67300[0m
[1;33m[1;36m [AddCommand] cid: 1 clk: 6685 | READ | (address) rank: 1 bankgroup: 2 bank: 0 row: 1 column: 57 addr: 0X67320[0m
[1;33m[1;36m [IssueCommand] cid: 0 clk: 6686 | ACTIVATE | (address) rank: 1 bankgroup: 2 bank: 0 row: 1 column: 57 addr: 0X67300[0m
[1;33m[1;36m [IssueCommand] cid: 1 clk: 6686 | ACTIVATE | (address) rank: 1 bankgroup: 2 bank: 0 row: 1 column: 57 addr: 0X67320[0m
[1;33m[1;36m [IssueCommand] cid: 0 clk: 6705 | READ | (address) rank: 1 bankgroup: 2 bank: 0 row: 1 column: 57 addr: 0X67300[0m
[1;33m[1;36m [IssueCommand] cid: 1 clk: 6705 | READ | (address) rank: 1 bankgroup: 2 bank: 0 row: 1 column: 57 addr: 0X67320[0m
[1;33m[1;35m [ReturnDoneRead] cid: 0 clk: 6730 | READ | addr: 0X67300[0m
[1;33m[1;35m [ReturnDoneRead] cid: 1 clk: 6730 | READ | addr: 0X67320[0m
6306010: system.mem_ctrl: Read to address 422656 complete
6306010: system.mem_ctrl: Access for address 422656
6306010: system.mem_ctrl: Queuing response for address 422656
6314010: system.mem_ctrl: Attempting to send response
6314010: system.mem_ctrl: Have 0 read, 0 write, 0 responses outstanding
6383000: system.mem_ctrl: Enqueueing address 64
[1;33m[1;35m [AddTransaction(RD)] cid: 2 clk: 6813 | READ | addr: 0X40[0m
[1;33m[1;35m [AddTransaction(RD)] cid: 3 clk: 6813 | READ | addr: 0X60[0m
[1;33m[1;36m [AddCommand] cid: 2 clk: 6813 | READ | (address) rank: 0 bankgroup: 0 bank: 0 row: 0 column: 0 addr: 0X40[0m
[1;33m[1;36m [AddCommand] cid: 3 clk: 6813 | READ | (address) rank: 0 bankgroup: 0 bank: 0 row: 0 column: 0 addr: 0X60[0m
[1;33m[1;36m [IssueCommand] cid: 2 clk: 6814 | ACTIVATE | (address) rank: 0 bankgroup: 0 bank: 0 row: 0 column: 0 addr: 0X40[0m
[1;33m[1;36m [IssueCommand] cid: 3 clk: 6814 | ACTIVATE | (address) rank: 0 bankgroup: 0 bank: 0 row: 0 column: 0 addr: 0X60[0m
[1;33m[1;36m [IssueCommand] cid: 2 clk: 6833 | READ | (address) rank: 0 bankgroup: 0 bank: 0 row: 0 column: 0 addr: 0X40[0m
[1;33m[1;36m [IssueCommand] cid: 3 clk: 6833 | READ | (address) rank: 0 bankgroup: 0 bank: 0 row: 0 column: 0 addr: 0X60[0m
[1;33m[1;35m [ReturnDoneRead] cid: 2 clk: 6858 | READ | addr: 0X40[0m
[1;33m[1;35m [ReturnDoneRead] cid: 3 clk: 6858 | READ | addr: 0X60[0m
6425946: system.mem_ctrl: Read to address 64 complete
6425946: system.mem_ctrl: Access for address 64
6425946: system.mem_ctrl: Queuing response for address 64
6433946: system.mem_ctrl: Attempting to send response
6433946: system.mem_ctrl: Have 0 read, 0 write, 0 responses outstanding
6508000: system.mem_ctrl: Enqueueing address 128
[1;33m[1;35m [AddTransaction(RD)] cid: 0 clk: 6946 | READ | addr: 0X80[0m
[1;33m[1;35m [AddTransaction(RD)] cid: 1 clk: 6946 | READ | addr: 0XA0[0m
[1;33m[1;36m [AddCommand] cid: 0 clk: 6946 | READ | (address) rank: 0 bankgroup: 1 bank: 0 row: 0 column: 0 addr: 0X80[0m
[1;33m[1;36m [AddCommand] cid: 1 clk: 6946 | READ | (address) rank: 0 bankgroup: 1 bank: 0 row: 0 column: 0 addr: 0XA0[0m
[1;33m[1;36m [IssueCommand] cid: 0 clk: 6947 | ACTIVATE | (address) rank: 0 bankgroup: 1 bank: 0 row: 0 column: 0 addr: 0X80[0m
[1;33m[1;36m [IssueCommand] cid: 1 clk: 6947 | ACTIVATE | (address) rank: 0 bankgroup: 1 bank: 0 row: 0 column: 0 addr: 0XA0[0m
[1;33m[1;36m [IssueCommand] cid: 0 clk: 6966 | READ | (address) rank: 0 bankgroup: 1 bank: 0 row: 0 column: 0 addr: 0X80[0m
[1;33m[1;36m [IssueCommand] cid: 1 clk: 6966 | READ | (address) rank: 0 bankgroup: 1 bank: 0 row: 0 column: 0 addr: 0XA0[0m
[1;33m[1;35m [ReturnDoneRead] cid: 0 clk: 6991 | READ | addr: 0X80[0m
[1;33m[1;35m [ReturnDoneRead] cid: 1 clk: 6991 | READ | addr: 0XA0[0m
6550567: system.mem_ctrl: Read to address 128 complete
6550567: system.mem_ctrl: Access for address 128
6550567: system.mem_ctrl: Queuing response for address 128
6558567: system.mem_ctrl: Attempting to send response
6558567: system.mem_ctrl: Have 0 read, 0 write, 0 responses outstanding
6619000: system.mem_ctrl: Enqueueing address 192
[1;33m[1;35m [AddTransaction(RD)] cid: 2 clk: 7065 | READ | addr: 0XC0[0m
[1;33m[1;35m [AddTransaction(RD)] cid: 3 clk: 7065 | READ | addr: 0XE0[0m
[1;33m[1;36m [AddCommand] cid: 2 clk: 7065 | READ | (address) rank: 0 bankgroup: 1 bank: 0 row: 0 column: 0 addr: 0XC0[0m
[1;33m[1;36m [AddCommand] cid: 3 clk: 7065 | READ | (address) rank: 0 bankgroup: 1 bank: 0 row: 0 column: 0 addr: 0XE0[0m
[1;33m[1;36m [IssueCommand] cid: 2 clk: 7066 | ACTIVATE | (address) rank: 0 bankgroup: 1 bank: 0 row: 0 column: 0 addr: 0XC0[0m
[1;33m[1;36m [IssueCommand] cid: 3 clk: 7066 | ACTIVATE | (address) rank: 0 bankgroup: 1 bank: 0 row: 0 column: 0 addr: 0XE0[0m
[1;33m[1;36m [IssueCommand] cid: 2 clk: 7085 | READ | (address) rank: 0 bankgroup: 1 bank: 0 row: 0 column: 0 addr: 0XC0[0m
[1;33m[1;36m [IssueCommand] cid: 3 clk: 7085 | READ | (address) rank: 0 bankgroup: 1 bank: 0 row: 0 column: 0 addr: 0XE0[0m
[1;33m[1;35m [ReturnDoneRead] cid: 2 clk: 7110 | READ | addr: 0XC0[0m
[1;33m[1;35m [ReturnDoneRead] cid: 3 clk: 7110 | READ | addr: 0XE0[0m
6662070: system.mem_ctrl: Read to address 192 complete
6662070: system.mem_ctrl: Access for address 192
6662070: system.mem_ctrl: Queuing response for address 192
6670070: system.mem_ctrl: Attempting to send response
6670070: system.mem_ctrl: Have 0 read, 0 write, 0 responses outstanding
6731000: system.mem_ctrl: Enqueueing address 256
[1;33m[1;35m [AddTransaction(RD)] cid: 0 clk: 7184 | READ | addr: 0X100[0m
[1;33m[1;35m [AddTransaction(RD)] cid: 1 clk: 7184 | READ | addr: 0X120[0m
[1;33m[1;36m [AddCommand] cid: 0 clk: 7184 | READ | (address) rank: 0 bankgroup: 2 bank: 0 row: 0 column: 0 addr: 0X100[0m
[1;33m[1;36m [AddCommand] cid: 1 clk: 7184 | READ | (address) rank: 0 bankgroup: 2 bank: 0 row: 0 column: 0 addr: 0X120[0m
[1;33m[1;36m [IssueCommand] cid: 0 clk: 7185 | READ | (address) rank: 0 bankgroup: 2 bank: 0 row: 0 column: 0 addr: 0X100[0m
[1;33m[1;36m [IssueCommand] cid: 1 clk: 7185 | READ | (address) rank: 0 bankgroup: 2 bank: 0 row: 0 column: 0 addr: 0X120[0m
[1;33m[1;35m [ReturnDoneRead] cid: 0 clk: 7210 | READ | addr: 0X100[0m
[1;33m[1;35m [ReturnDoneRead] cid: 1 clk: 7210 | READ | addr: 0X120[0m
6755770: system.mem_ctrl: Read to address 256 complete
6755770: system.mem_ctrl: Access for address 256
6755770: system.mem_ctrl: Queuing response for address 256
6763770: system.mem_ctrl: Attempting to send response
6763770: system.mem_ctrl: Have 0 read, 0 write, 0 responses outstanding
6816000: system.mem_ctrl: Enqueueing address 417664
[1;33m[1;35m [AddTransaction(RD)] cid: 0 clk: 7275 | READ | addr: 0X65F80[0m
[1;33m[1;35m [AddTransaction(RD)] cid: 1 clk: 7275 | READ | addr: 0X65FA0[0m
[1;33m[1;36m [AddCommand] cid: 0 clk: 7275 | READ | (address) rank: 1 bankgroup: 3 bank: 0 row: 1 column: 47 addr: 0X65F80[0m
[1;33m[1;36m [AddCommand] cid: 1 clk: 7275 | READ | (address) rank: 1 bankgroup: 3 bank: 0 row: 1 column: 47 addr: 0X65FA0[0m
[1;33m[1;36m [IssueCommand] cid: 0 clk: 7276 | READ | (address) rank: 1 bankgroup: 3 bank: 0 row: 1 column: 47 addr: 0X65F80[0m
[1;33m[1;36m [IssueCommand] cid: 1 clk: 7276 | READ | (address) rank: 1 bankgroup: 3 bank: 0 row: 1 column: 47 addr: 0X65FA0[0m
[1;33m[1;35m [ReturnDoneRead] cid: 0 clk: 7301 | READ | addr: 0X65F80[0m
[1;33m[1;35m [ReturnDoneRead] cid: 1 clk: 7301 | READ | addr: 0X65FA0[0m
6841037: system.mem_ctrl: Read to address 417664 complete
6841037: system.mem_ctrl: Access for address 417664
6841037: system.mem_ctrl: Queuing response for address 417664
6849037: system.mem_ctrl: Attempting to send response
6849037: system.mem_ctrl: Have 0 read, 0 write, 0 responses outstanding
6906000: system.mem_ctrl: Enqueueing address 320
[1;33m[1;35m [AddTransaction(RD)] cid: 2 clk: 7371 | READ | addr: 0X140[0m
[1;33m[1;35m [AddTransaction(RD)] cid: 3 clk: 7371 | READ | addr: 0X160[0m
[1;33m[1;36m [AddCommand] cid: 2 clk: 7371 | READ | (address) rank: 0 bankgroup: 2 bank: 0 row: 0 column: 0 addr: 0X140[0m
[1;33m[1;36m [AddCommand] cid: 3 clk: 7371 | READ | (address) rank: 0 bankgroup: 2 bank: 0 row: 0 column: 0 addr: 0X160[0m
[1;33m[1;36m [IssueCommand] cid: 2 clk: 7372 | ACTIVATE | (address) rank: 0 bankgroup: 2 bank: 0 row: 0 column: 0 addr: 0X140[0m
[1;33m[1;36m [IssueCommand] cid: 3 clk: 7372 | ACTIVATE | (address) rank: 0 bankgroup: 2 bank: 0 row: 0 column: 0 addr: 0X160[0m
[1;33m[1;36m [IssueCommand] cid: 2 clk: 7391 | READ | (address) rank: 0 bankgroup: 2 bank: 0 row: 0 column: 0 addr: 0X140[0m
[1;33m[1;36m [IssueCommand] cid: 3 clk: 7391 | READ | (address) rank: 0 bankgroup: 2 bank: 0 row: 0 column: 0 addr: 0X160[0m
[1;33m[1;35m [ReturnDoneRead] cid: 2 clk: 7416 | READ | addr: 0X140[0m
[1;33m[1;35m [ReturnDoneRead] cid: 3 clk: 7416 | READ | addr: 0X160[0m
6948792: system.mem_ctrl: Read to address 320 complete
6948792: system.mem_ctrl: Access for address 320
6948792: system.mem_ctrl: Queuing response for address 320
6956792: system.mem_ctrl: Attempting to send response
6956792: system.mem_ctrl: Have 0 read, 0 write, 0 responses outstanding
7017000: system.mem_ctrl: Enqueueing address 2880
[1;33m[1;35m [AddTransaction(RD)] cid: 2 clk: 7489 | READ | addr: 0XB40[0m
[1;33m[1;35m [AddTransaction(RD)] cid: 3 clk: 7489 | READ | addr: 0XB60[0m
[1;33m[1;36m [AddCommand] cid: 2 clk: 7489 | READ | (address) rank: 0 bankgroup: 2 bank: 0 row: 0 column: 5 addr: 0XB40[0m
[1;33m[1;36m [AddCommand] cid: 3 clk: 7489 | READ | (address) rank: 0 bankgroup: 2 bank: 0 row: 0 column: 5 addr: 0XB60[0m
[1;33m[1;36m [IssueCommand] cid: 2 clk: 7490 | READ | (address) rank: 0 bankgroup: 2 bank: 0 row: 0 column: 5 addr: 0XB40[0m
[1;33m[1;36m [IssueCommand] cid: 3 clk: 7490 | READ | (address) rank: 0 bankgroup: 2 bank: 0 row: 0 column: 5 addr: 0XB60[0m
[1;33m[1;35m [ReturnDoneRead] cid: 2 clk: 7515 | READ | addr: 0XB40[0m
[1;33m[1;35m [ReturnDoneRead] cid: 3 clk: 7515 | READ | addr: 0XB60[0m
7041555: system.mem_ctrl: Read to address 2880 complete
7041555: system.mem_ctrl: Access for address 2880
7041555: system.mem_ctrl: Queuing response for address 2880
7049555: system.mem_ctrl: Attempting to send response
7049555: system.mem_ctrl: Have 0 read, 0 write, 0 responses outstanding
7108000: system.mem_ctrl: Enqueueing address 3136
[1;33m[1;35m [AddTransaction(RD)] cid: 2 clk: 7586 | READ | addr: 0XC40[0m
[1;33m[1;35m [AddTransaction(RD)] cid: 3 clk: 7586 | READ | addr: 0XC60[0m
[1;33m[1;36m [AddCommand] cid: 2 clk: 7586 | READ | (address) rank: 0 bankgroup: 0 bank: 0 row: 0 column: 6 addr: 0XC40[0m
[1;33m[1;36m [AddCommand] cid: 3 clk: 7586 | READ | (address) rank: 0 bankgroup: 0 bank: 0 row: 0 column: 6 addr: 0XC60[0m
[1;33m[1;36m [IssueCommand] cid: 2 clk: 7587 | READ | (address) rank: 0 bankgroup: 0 bank: 0 row: 0 column: 6 addr: 0XC40[0m
[1;33m[1;36m [IssueCommand] cid: 3 clk: 7587 | READ | (address) rank: 0 bankgroup: 0 bank: 0 row: 0 column: 6 addr: 0XC60[0m
[1;33m[1;35m [ReturnDoneRead] cid: 2 clk: 7612 | READ | addr: 0XC40[0m
[1;33m[1;35m [ReturnDoneRead] cid: 3 clk: 7612 | READ | addr: 0XC60[0m
7132444: system.mem_ctrl: Read to address 3136 complete
7132444: system.mem_ctrl: Access for address 3136
7132444: system.mem_ctrl: Queuing response for address 3136
7140444: system.mem_ctrl: Attempting to send response
7140444: system.mem_ctrl: Have 0 read, 0 write, 0 responses outstanding
7193000: system.mem_ctrl: Enqueueing address 80320
[1;33m[1;35m [AddTransaction(RD)] cid: 2 clk: 7677 | READ | addr: 0X139C0[0m
[1;33m[1;35m [AddTransaction(RD)] cid: 3 clk: 7677 | READ | addr: 0X139E0[0m
[1;33m[1;36m [AddCommand] cid: 2 clk: 7677 | READ | (address) rank: 0 bankgroup: 3 bank: 2 row: 0 column: 28 addr: 0X139C0[0m
[1;33m[1;36m [AddCommand] cid: 3 clk: 7677 | READ | (address) rank: 0 bankgroup: 3 bank: 2 row: 0 column: 28 addr: 0X139E0[0m
[1;33m[1;36m [IssueCommand] cid: 2 clk: 7678 | ACTIVATE | (address) rank: 0 bankgroup: 3 bank: 2 row: 0 column: 28 addr: 0X139C0[0m
[1;33m[1;36m [IssueCommand] cid: 3 clk: 7678 | ACTIVATE | (address) rank: 0 bankgroup: 3 bank: 2 row: 0 column: 28 addr: 0X139E0[0m
[1;33m[1;36m [IssueCommand] cid: 2 clk: 7697 | READ | (address) rank: 0 bankgroup: 3 bank: 2 row: 0 column: 28 addr: 0X139C0[0m
[1;33m[1;36m [IssueCommand] cid: 3 clk: 7697 | READ | (address) rank: 0 bankgroup: 3 bank: 2 row: 0 column: 28 addr: 0X139E0[0m
[1;33m[1;35m [ReturnDoneRead] cid: 2 clk: 7722 | READ | addr: 0X139C0[0m
[1;33m[1;35m [ReturnDoneRead] cid: 3 clk: 7722 | READ | addr: 0X139E0[0m
7235514: system.mem_ctrl: Read to address 80320 complete
7235514: system.mem_ctrl: Access for address 80320
7235514: system.mem_ctrl: Queuing response for address 80320
7243514: system.mem_ctrl: Attempting to send response
7243514: system.mem_ctrl: Have 0 read, 0 write, 0 responses outstanding
7322000: system.mem_ctrl: Enqueueing address 83904
[1;33m[1;35m [AddTransaction(RD)] cid: 2 clk: 7815 | READ | addr: 0X147C0[0m
[1;33m[1;35m [AddTransaction(RD)] cid: 3 clk: 7815 | READ | addr: 0X147E0[0m
[1;33m[1;36m [AddCommand] cid: 2 clk: 7815 | READ | (address) rank: 0 bankgroup: 3 bank: 2 row: 0 column: 35 addr: 0X147C0[0m
[1;33m[1;36m [AddCommand] cid: 3 clk: 7815 | READ | (address) rank: 0 bankgroup: 3 bank: 2 row: 0 column: 35 addr: 0X147E0[0m
[1;33m[1;36m [IssueCommand] cid: 2 clk: 7816 | READ | (address) rank: 0 bankgroup: 3 bank: 2 row: 0 column: 35 addr: 0X147C0[0m
[1;33m[1;36m [IssueCommand] cid: 3 clk: 7816 | READ | (address) rank: 0 bankgroup: 3 bank: 2 row: 0 column: 35 addr: 0X147E0[0m
[1;33m[1;35m [ReturnDoneRead] cid: 2 clk: 7841 | READ | addr: 0X147C0[0m
[1;33m[1;35m [ReturnDoneRead] cid: 3 clk: 7841 | READ | addr: 0X147E0[0m
7347017: system.mem_ctrl: Read to address 83904 complete
7347017: system.mem_ctrl: Access for address 83904
7347017: system.mem_ctrl: Queuing response for address 83904
7355017: system.mem_ctrl: Attempting to send response
7355017: system.mem_ctrl: Have 0 read, 0 write, 0 responses outstanding
7422000: system.mem_ctrl: Enqueueing address 409472
[1;33m[1;35m [AddTransaction(RD)] cid: 0 clk: 7922 | READ | addr: 0X63F80[0m
[1;33m[1;35m [AddTransaction(RD)] cid: 1 clk: 7922 | READ | addr: 0X63FA0[0m
[1;33m[1;36m [AddCommand] cid: 0 clk: 7922 | READ | (address) rank: 1 bankgroup: 3 bank: 0 row: 1 column: 31 addr: 0X63F80[0m
[1;33m[1;36m [AddCommand] cid: 1 clk: 7922 | READ | (address) rank: 1 bankgroup: 3 bank: 0 row: 1 column: 31 addr: 0X63FA0[0m
[1;33m[1;36m [IssueCommand] cid: 0 clk: 7923 | READ | (address) rank: 1 bankgroup: 3 bank: 0 row: 1 column: 31 addr: 0X63F80[0m
[1;33m[1;36m [IssueCommand] cid: 1 clk: 7923 | READ | (address) rank: 1 bankgroup: 3 bank: 0 row: 1 column: 31 addr: 0X63FA0[0m
[1;33m[1;35m [ReturnDoneRead] cid: 0 clk: 7948 | READ | addr: 0X63F80[0m
[1;33m[1;35m [ReturnDoneRead] cid: 1 clk: 7948 | READ | addr: 0X63FA0[0m
7447276: system.mem_ctrl: Read to address 409472 complete
7447276: system.mem_ctrl: Access for address 409472
7447276: system.mem_ctrl: Queuing response for address 409472
7455276: system.mem_ctrl: Attempting to send response
7455276: system.mem_ctrl: Have 0 read, 0 write, 0 responses outstanding
7508000: system.mem_ctrl: Enqueueing address 409536
[1;33m[1;35m [AddTransaction(RD)] cid: 2 clk: 8013 | READ | addr: 0X63FC0[0m
[1;33m[1;35m [AddTransaction(RD)] cid: 3 clk: 8013 | READ | addr: 0X63FE0[0m
[1;33m[1;36m [AddCommand] cid: 2 clk: 8013 | READ | (address) rank: 1 bankgroup: 3 bank: 0 row: 1 column: 31 addr: 0X63FC0[0m
[1;33m[1;36m [AddCommand] cid: 3 clk: 8013 | READ | (address) rank: 1 bankgroup: 3 bank: 0 row: 1 column: 31 addr: 0X63FE0[0m
[1;33m[1;36m [IssueCommand] cid: 2 clk: 8014 | READ | (address) rank: 1 bankgroup: 3 bank: 0 row: 1 column: 31 addr: 0X63FC0[0m
[1;33m[1;36m [IssueCommand] cid: 3 clk: 8014 | READ | (address) rank: 1 bankgroup: 3 bank: 0 row: 1 column: 31 addr: 0X63FE0[0m
[1;33m[1;35m [ReturnDoneRead] cid: 2 clk: 8039 | READ | addr: 0X63FC0[0m
[1;33m[1;35m [ReturnDoneRead] cid: 3 clk: 8039 | READ | addr: 0X63FE0[0m
7532543: system.mem_ctrl: Read to address 409536 complete
7532543: system.mem_ctrl: Access for address 409536
7532543: system.mem_ctrl: Queuing response for address 409536
7540543: system.mem_ctrl: Attempting to send response
7540543: system.mem_ctrl: Have 0 read, 0 write, 0 responses outstanding
7595000: system.mem_ctrl: Enqueueing address 83968
[1;33m[1;35m [AddTransaction(RD)] cid: 0 clk: 8106 | READ | addr: 0X14800[0m
[1;33m[1;35m [AddTransaction(RD)] cid: 1 clk: 8106 | READ | addr: 0X14820[0m
[1;33m[1;36m [AddCommand] cid: 0 clk: 8106 | READ | (address) rank: 0 bankgroup: 0 bank: 2 row: 0 column: 36 addr: 0X14800[0m
[1;33m[1;36m [AddCommand] cid: 1 clk: 8106 | READ | (address) rank: 0 bankgroup: 0 bank: 2 row: 0 column: 36 addr: 0X14820[0m
[1;33m[1;36m [IssueCommand] cid: 0 clk: 8107 | ACTIVATE | (address) rank: 0 bankgroup: 0 bank: 2 row: 0 column: 36 addr: 0X14800[0m
[1;33m[1;36m [IssueCommand] cid: 1 clk: 8107 | ACTIVATE | (address) rank: 0 bankgroup: 0 bank: 2 row: 0 column: 36 addr: 0X14820[0m
[1;33m[1;36m [IssueCommand] cid: 0 clk: 8126 | READ | (address) rank: 0 bankgroup: 0 bank: 2 row: 0 column: 36 addr: 0X14800[0m
[1;33m[1;36m [IssueCommand] cid: 1 clk: 8126 | READ | (address) rank: 0 bankgroup: 0 bank: 2 row: 0 column: 36 addr: 0X14820[0m
[1;33m[1;35m [ReturnDoneRead] cid: 0 clk: 8151 | READ | addr: 0X14800[0m
[1;33m[1;35m [ReturnDoneRead] cid: 1 clk: 8151 | READ | addr: 0X14820[0m
7637487: system.mem_ctrl: Read to address 83968 complete
7637487: system.mem_ctrl: Access for address 83968
7637487: system.mem_ctrl: Queuing response for address 83968
7645487: system.mem_ctrl: Attempting to send response
7645487: system.mem_ctrl: Have 0 read, 0 write, 0 responses outstanding
7694000: system.mem_ctrl: Enqueueing address 449984
[1;33m[1;35m [AddTransaction(RD)] cid: 2 clk: 8212 | READ | addr: 0X6DDC0[0m
[1;33m[1;35m [AddTransaction(RD)] cid: 3 clk: 8212 | READ | addr: 0X6DDE0[0m
[1;33m[1;36m [AddCommand] cid: 2 clk: 8212 | READ | (address) rank: 1 bankgroup: 3 bank: 1 row: 1 column: 46 addr: 0X6DDC0[0m
[1;33m[1;36m [AddCommand] cid: 3 clk: 8212 | READ | (address) rank: 1 bankgroup: 3 bank: 1 row: 1 column: 46 addr: 0X6DDE0[0m
[1;33m[1;36m [IssueCommand] cid: 2 clk: 8213 | ACTIVATE | (address) rank: 1 bankgroup: 3 bank: 1 row: 1 column: 46 addr: 0X6DDC0[0m
[1;33m[1;36m [IssueCommand] cid: 3 clk: 8213 | ACTIVATE | (address) rank: 1 bankgroup: 3 bank: 1 row: 1 column: 46 addr: 0X6DDE0[0m
[1;33m[1;36m [IssueCommand] cid: 2 clk: 8232 | READ | (address) rank: 1 bankgroup: 3 bank: 1 row: 1 column: 46 addr: 0X6DDC0[0m
[1;33m[1;36m [IssueCommand] cid: 3 clk: 8232 | READ | (address) rank: 1 bankgroup: 3 bank: 1 row: 1 column: 46 addr: 0X6DDE0[0m
[1;33m[1;35m [ReturnDoneRead] cid: 2 clk: 8257 | READ | addr: 0X6DDC0[0m
[1;33m[1;35m [ReturnDoneRead] cid: 3 clk: 8257 | READ | addr: 0X6DDE0[0m
7736809: system.mem_ctrl: Read to address 449984 complete
7736809: system.mem_ctrl: Access for address 449984
7736809: system.mem_ctrl: Queuing response for address 449984
7744809: system.mem_ctrl: Attempting to send response
7744809: system.mem_ctrl: Have 0 read, 0 write, 0 responses outstanding
[1;33m[1;36m [IssueCommand] cid: 0 clk: 8332 | PRECHARGE | (address) rank: 1 bankgroup: 0 bank: 0 row: -1 column: -1 addr: 0XFFFFFFFFFFFFFFFF[0m
[1;33m[1;36m [IssueCommand] cid: 1 clk: 8332 | PRECHARGE | (address) rank: 1 bankgroup: 0 bank: 0 row: -1 column: -1 addr: 0XFFFFFFFFFFFFFFFF[0m
[1;33m[1;36m [IssueCommand] cid: 2 clk: 8332 | PRECHARGE | (address) rank: 1 bankgroup: 0 bank: 0 row: -1 column: -1 addr: 0XFFFFFFFFFFFFFFFF[0m
[1;33m[1;36m [IssueCommand] cid: 3 clk: 8332 | PRECHARGE | (address) rank: 1 bankgroup: 0 bank: 0 row: -1 column: -1 addr: 0XFFFFFFFFFFFFFFFF[0m
[1;33m[1;36m [IssueCommand] cid: 0 clk: 8333 | PRECHARGE | (address) rank: 1 bankgroup: 1 bank: 0 row: -1 column: -1 addr: 0XFFFFFFFFFFFFFFFF[0m
[1;33m[1;36m [IssueCommand] cid: 1 clk: 8333 | PRECHARGE | (address) rank: 1 bankgroup: 1 bank: 0 row: -1 column: -1 addr: 0XFFFFFFFFFFFFFFFF[0m
[1;33m[1;36m [IssueCommand] cid: 2 clk: 8333 | PRECHARGE | (address) rank: 1 bankgroup: 0 bank: 1 row: -1 column: -1 addr: 0XFFFFFFFFFFFFFFFF[0m
[1;33m[1;36m [IssueCommand] cid: 3 clk: 8333 | PRECHARGE | (address) rank: 1 bankgroup: 0 bank: 1 row: -1 column: -1 addr: 0XFFFFFFFFFFFFFFFF[0m
[1;33m[1;36m [IssueCommand] cid: 0 clk: 8334 | PRECHARGE | (address) rank: 1 bankgroup: 1 bank: 1 row: -1 column: -1 addr: 0XFFFFFFFFFFFFFFFF[0m
[1;33m[1;36m [IssueCommand] cid: 1 clk: 8334 | PRECHARGE | (address) rank: 1 bankgroup: 1 bank: 1 row: -1 column: -1 addr: 0XFFFFFFFFFFFFFFFF[0m
[1;33m[1;36m [IssueCommand] cid: 2 clk: 8334 | PRECHARGE | (address) rank: 1 bankgroup: 1 bank: 0 row: -1 column: -1 addr: 0XFFFFFFFFFFFFFFFF[0m
[1;33m[1;36m [IssueCommand] cid: 3 clk: 8334 | PRECHARGE | (address) rank: 1 bankgroup: 1 bank: 0 row: -1 column: -1 addr: 0XFFFFFFFFFFFFFFFF[0m
[1;33m[1;36m [IssueCommand] cid: 0 clk: 8335 | PRECHARGE | (address) rank: 1 bankgroup: 2 bank: 0 row: -1 column: -1 addr: 0XFFFFFFFFFFFFFFFF[0m
[1;33m[1;36m [IssueCommand] cid: 1 clk: 8335 | PRECHARGE | (address) rank: 1 bankgroup: 2 bank: 0 row: -1 column: -1 addr: 0XFFFFFFFFFFFFFFFF[0m
[1;33m[1;36m [IssueCommand] cid: 2 clk: 8335 | PRECHARGE | (address) rank: 1 bankgroup: 3 bank: 0 row: -1 column: -1 addr: 0XFFFFFFFFFFFFFFFF[0m
[1;33m[1;36m [IssueCommand] cid: 3 clk: 8335 | PRECHARGE | (address) rank: 1 bankgroup: 3 bank: 0 row: -1 column: -1 addr: 0XFFFFFFFFFFFFFFFF[0m
[1;33m[1;36m [IssueCommand] cid: 0 clk: 8336 | PRECHARGE | (address) rank: 1 bankgroup: 3 bank: 0 row: -1 column: -1 addr: 0XFFFFFFFFFFFFFFFF[0m
[1;33m[1;36m [IssueCommand] cid: 1 clk: 8336 | PRECHARGE | (address) rank: 1 bankgroup: 3 bank: 0 row: -1 column: -1 addr: 0XFFFFFFFFFFFFFFFF[0m
[1;33m[1;36m [IssueCommand] cid: 2 clk: 8336 | PRECHARGE | (address) rank: 1 bankgroup: 3 bank: 1 row: -1 column: -1 addr: 0XFFFFFFFFFFFFFFFF[0m
[1;33m[1;36m [IssueCommand] cid: 3 clk: 8336 | PRECHARGE | (address) rank: 1 bankgroup: 3 bank: 1 row: -1 column: -1 addr: 0XFFFFFFFFFFFFFFFF[0m
[1;33m[1;36m [IssueCommand] cid: 0 clk: 8355 | REFRESH | (address) rank: 1 bankgroup: -1 bank: -1 row: -1 column: -1 addr: 0XFFFFFFFFFFFFFFFF[0m
[1;33m[1;36m [IssueCommand] cid: 1 clk: 8355 | REFRESH | (address) rank: 1 bankgroup: -1 bank: -1 row: -1 column: -1 addr: 0XFFFFFFFFFFFFFFFF[0m
[1;33m[1;36m [IssueCommand] cid: 2 clk: 8355 | REFRESH | (address) rank: 1 bankgroup: -1 bank: -1 row: -1 column: -1 addr: 0XFFFFFFFFFFFFFFFF[0m
[1;33m[1;36m [IssueCommand] cid: 3 clk: 8355 | REFRESH | (address) rank: 1 bankgroup: -1 bank: -1 row: -1 column: -1 addr: 0XFFFFFFFFFFFFFFFF[0m
7829000: system.mem_ctrl: Enqueueing address 80384
[1;33m[1;35m [AddTransaction(RD)] cid: 0 clk: 8356 | READ | addr: 0X13A00[0m
[1;33m[1;35m [AddTransaction(RD)] cid: 1 clk: 8356 | READ | addr: 0X13A20[0m
[1;33m[1;36m [AddCommand] cid: 0 clk: 8356 | READ | (address) rank: 0 bankgroup: 0 bank: 2 row: 0 column: 29 addr: 0X13A00[0m
[1;33m[1;36m [AddCommand] cid: 1 clk: 8356 | READ | (address) rank: 0 bankgroup: 0 bank: 2 row: 0 column: 29 addr: 0X13A20[0m
[1;33m[1;36m [IssueCommand] cid: 0 clk: 8357 | READ | (address) rank: 0 bankgroup: 0 bank: 2 row: 0 column: 29 addr: 0X13A00[0m
[1;33m[1;36m [IssueCommand] cid: 1 clk: 8357 | READ | (address) rank: 0 bankgroup: 0 bank: 2 row: 0 column: 29 addr: 0X13A20[0m
[1;33m[1;35m [ReturnDoneRead] cid: 0 clk: 8382 | READ | addr: 0X13A00[0m
[1;33m[1;35m [ReturnDoneRead] cid: 1 clk: 8382 | READ | addr: 0X13A20[0m
7853934: system.mem_ctrl: Read to address 80384 complete
7853934: system.mem_ctrl: Access for address 80384
7853934: system.mem_ctrl: Queuing response for address 80384
7861934: system.mem_ctrl: Attempting to send response
7861934: system.mem_ctrl: Have 0 read, 0 write, 0 responses outstanding
7930000: system.mem_ctrl: Enqueueing address 412160
[1;33m[1;35m [AddTransaction(RD)] cid: 0 clk: 8464 | READ | addr: 0X64A00[0m
[1;33m[1;35m [AddTransaction(RD)] cid: 1 clk: 8464 | READ | addr: 0X64A20[0m
[1;33m[1;36m [AddCommand] cid: 0 clk: 8464 | READ | (address) rank: 1 bankgroup: 0 bank: 0 row: 1 column: 37 addr: 0X64A00[0m
[1;33m[1;36m [AddCommand] cid: 1 clk: 8464 | READ | (address) rank: 1 bankgroup: 0 bank: 0 row: 1 column: 37 addr: 0X64A20[0m
[1;33m[1;36m [IssueCommand] cid: 0 clk: 8654 | ACTIVATE | (address) rank: 1 bankgroup: 0 bank: 0 row: 1 column: 37 addr: 0X64A00[0m
[1;33m[1;36m [IssueCommand] cid: 1 clk: 8654 | ACTIVATE | (address) rank: 1 bankgroup: 0 bank: 0 row: 1 column: 37 addr: 0X64A20[0m
[1;33m[1;36m [IssueCommand] cid: 0 clk: 8673 | READ | (address) rank: 1 bankgroup: 0 bank: 0 row: 1 column: 37 addr: 0X64A00[0m
[1;33m[1;36m [IssueCommand] cid: 1 clk: 8673 | READ | (address) rank: 1 bankgroup: 0 bank: 0 row: 1 column: 37 addr: 0X64A20[0m
[1;33m[1;35m [ReturnDoneRead] cid: 0 clk: 8698 | READ | addr: 0X64A00[0m
[1;33m[1;35m [ReturnDoneRead] cid: 1 clk: 8698 | READ | addr: 0X64A20[0m
8150026: system.mem_ctrl: Read to address 412160 complete
8150026: system.mem_ctrl: Access for address 412160
8150026: system.mem_ctrl: Queuing response for address 412160
8158026: system.mem_ctrl: Attempting to send response
8158026: system.mem_ctrl: Have 0 read, 0 write, 0 responses outstanding
8211000: system.mem_ctrl: Enqueueing address 412224
[1;33m[1;35m [AddTransaction(RD)] cid: 2 clk: 8764 | READ | addr: 0X64A40[0m
[1;33m[1;35m [AddTransaction(RD)] cid: 3 clk: 8764 | READ | addr: 0X64A60[0m
[1;33m[1;36m [AddCommand] cid: 2 clk: 8764 | READ | (address) rank: 1 bankgroup: 0 bank: 0 row: 1 column: 37 addr: 0X64A40[0m
[1;33m[1;36m [AddCommand] cid: 3 clk: 8764 | READ | (address) rank: 1 bankgroup: 0 bank: 0 row: 1 column: 37 addr: 0X64A60[0m
[1;33m[1;36m [IssueCommand] cid: 2 clk: 8765 | ACTIVATE | (address) rank: 1 bankgroup: 0 bank: 0 row: 1 column: 37 addr: 0X64A40[0m
[1;33m[1;36m [IssueCommand] cid: 3 clk: 8765 | ACTIVATE | (address) rank: 1 bankgroup: 0 bank: 0 row: 1 column: 37 addr: 0X64A60[0m
[1;33m[1;36m [IssueCommand] cid: 2 clk: 8784 | READ | (address) rank: 1 bankgroup: 0 bank: 0 row: 1 column: 37 addr: 0X64A40[0m
[1;33m[1;36m [IssueCommand] cid: 3 clk: 8784 | READ | (address) rank: 1 bankgroup: 0 bank: 0 row: 1 column: 37 addr: 0X64A60[0m
[1;33m[1;35m [ReturnDoneRead] cid: 2 clk: 8809 | READ | addr: 0X64A40[0m
[1;33m[1;35m [ReturnDoneRead] cid: 3 clk: 8809 | READ | addr: 0X64A60[0m
8254033: system.mem_ctrl: Read to address 412224 complete
8254033: system.mem_ctrl: Access for address 412224
8254033: system.mem_ctrl: Queuing response for address 412224
8262033: system.mem_ctrl: Attempting to send response
8262033: system.mem_ctrl: Have 0 read, 0 write, 0 responses outstanding
8393000: system.mem_ctrl: Enqueueing address 425216
[1;33m[1;35m [AddTransaction(RD)] cid: 0 clk: 8958 | READ | addr: 0X67D00[0m
[1;33m[1;35m [AddTransaction(RD)] cid: 1 clk: 8958 | READ | addr: 0X67D20[0m
[1;33m[1;36m [AddCommand] cid: 0 clk: 8958 | READ | (address) rank: 1 bankgroup: 2 bank: 0 row: 1 column: 62 addr: 0X67D00[0m
[1;33m[1;36m [AddCommand] cid: 1 clk: 8958 | READ | (address) rank: 1 bankgroup: 2 bank: 0 row: 1 column: 62 addr: 0X67D20[0m
[1;33m[1;36m [IssueCommand] cid: 0 clk: 8959 | ACTIVATE | (address) rank: 1 bankgroup: 2 bank: 0 row: 1 column: 62 addr: 0X67D00[0m
[1;33m[1;36m [IssueCommand] cid: 1 clk: 8959 | ACTIVATE | (address) rank: 1 bankgroup: 2 bank: 0 row: 1 column: 62 addr: 0X67D20[0m
[1;33m[1;36m [IssueCommand] cid: 0 clk: 8978 | READ | (address) rank: 1 bankgroup: 2 bank: 0 row: 1 column: 62 addr: 0X67D00[0m
[1;33m[1;36m [IssueCommand] cid: 1 clk: 8978 | READ | (address) rank: 1 bankgroup: 2 bank: 0 row: 1 column: 62 addr: 0X67D20[0m
[1;33m[1;35m [ReturnDoneRead] cid: 0 clk: 9003 | READ | addr: 0X67D00[0m
[1;33m[1;35m [ReturnDoneRead] cid: 1 clk: 9003 | READ | addr: 0X67D20[0m
8435811: system.mem_ctrl: Read to address 425216 complete
8435811: system.mem_ctrl: Access for address 425216
8435811: system.mem_ctrl: Queuing response for address 425216
8443811: system.mem_ctrl: Attempting to send response
8443811: system.mem_ctrl: Have 0 read, 0 write, 0 responses outstanding
8498000: system.mem_ctrl: Enqueueing address 422528
[1;33m[1;35m [AddTransaction(RD)] cid: 0 clk: 9070 | READ | addr: 0X67280[0m
[1;33m[1;35m [AddTransaction(RD)] cid: 1 clk: 9070 | READ | addr: 0X672A0[0m
[1;33m[1;36m [AddCommand] cid: 0 clk: 9070 | READ | (address) rank: 1 bankgroup: 1 bank: 0 row: 1 column: 57 addr: 0X67280[0m
[1;33m[1;36m [AddCommand] cid: 1 clk: 9070 | READ | (address) rank: 1 bankgroup: 1 bank: 0 row: 1 column: 57 addr: 0X672A0[0m
[1;33m[1;36m [IssueCommand] cid: 0 clk: 9071 | ACTIVATE | (address) rank: 1 bankgroup: 1 bank: 0 row: 1 column: 57 addr: 0X67280[0m
[1;33m[1;36m [IssueCommand] cid: 1 clk: 9071 | ACTIVATE | (address) rank: 1 bankgroup: 1 bank: 0 row: 1 column: 57 addr: 0X672A0[0m
[1;33m[1;36m [IssueCommand] cid: 0 clk: 9090 | READ | (address) rank: 1 bankgroup: 1 bank: 0 row: 1 column: 57 addr: 0X67280[0m
[1;33m[1;36m [IssueCommand] cid: 1 clk: 9090 | READ | (address) rank: 1 bankgroup: 1 bank: 0 row: 1 column: 57 addr: 0X672A0[0m
[1;33m[1;35m [ReturnDoneRead] cid: 0 clk: 9115 | READ | addr: 0X67280[0m
[1;33m[1;35m [ReturnDoneRead] cid: 1 clk: 9115 | READ | addr: 0X672A0[0m
8540755: system.mem_ctrl: Read to address 422528 complete
8540755: system.mem_ctrl: Access for address 422528
8540755: system.mem_ctrl: Queuing response for address 422528
8548755: system.mem_ctrl: Attempting to send response
8548755: system.mem_ctrl: Have 0 read, 0 write, 0 responses outstanding
8597000: system.mem_ctrl: Enqueueing address 80448
[1;33m[1;35m [AddTransaction(RD)] cid: 2 clk: 9176 | READ | addr: 0X13A40[0m
[1;33m[1;35m [AddTransaction(RD)] cid: 3 clk: 9176 | READ | addr: 0X13A60[0m
[1;33m[1;36m [AddCommand] cid: 2 clk: 9176 | READ | (address) rank: 0 bankgroup: 0 bank: 2 row: 0 column: 29 addr: 0X13A40[0m
[1;33m[1;36m [AddCommand] cid: 3 clk: 9176 | READ | (address) rank: 0 bankgroup: 0 bank: 2 row: 0 column: 29 addr: 0X13A60[0m
[1;33m[1;36m [IssueCommand] cid: 2 clk: 9177 | ACTIVATE | (address) rank: 0 bankgroup: 0 bank: 2 row: 0 column: 29 addr: 0X13A40[0m
[1;33m[1;36m [IssueCommand] cid: 3 clk: 9177 | ACTIVATE | (address) rank: 0 bankgroup: 0 bank: 2 row: 0 column: 29 addr: 0X13A60[0m
[1;33m[1;36m [IssueCommand] cid: 2 clk: 9196 | READ | (address) rank: 0 bankgroup: 0 bank: 2 row: 0 column: 29 addr: 0X13A40[0m
[1;33m[1;36m [IssueCommand] cid: 3 clk: 9196 | READ | (address) rank: 0 bankgroup: 0 bank: 2 row: 0 column: 29 addr: 0X13A60[0m
[1;33m[1;35m [ReturnDoneRead] cid: 2 clk: 9221 | READ | addr: 0X13A40[0m
[1;33m[1;35m [ReturnDoneRead] cid: 3 clk: 9221 | READ | addr: 0X13A60[0m
8640077: system.mem_ctrl: Read to address 80448 complete
8640077: system.mem_ctrl: Access for address 80448
8640077: system.mem_ctrl: Queuing response for address 80448
8648077: system.mem_ctrl: Attempting to send response
8648077: system.mem_ctrl: Have 0 read, 0 write, 0 responses outstanding
8697000: system.mem_ctrl: Enqueueing address 423104
[1;33m[1;35m [AddTransaction(RD)] cid: 2 clk: 9282 | READ | addr: 0X674C0[0m
[1;33m[1;35m [AddTransaction(RD)] cid: 3 clk: 9282 | READ | addr: 0X674E0[0m
[1;33m[1;36m [AddCommand] cid: 2 clk: 9282 | READ | (address) rank: 1 bankgroup: 1 bank: 0 row: 1 column: 58 addr: 0X674C0[0m
[1;33m[1;36m [AddCommand] cid: 3 clk: 9282 | READ | (address) rank: 1 bankgroup: 1 bank: 0 row: 1 column: 58 addr: 0X674E0[0m
[1;33m[1;36m [IssueCommand] cid: 2 clk: 9283 | ACTIVATE | (address) rank: 1 bankgroup: 1 bank: 0 row: 1 column: 58 addr: 0X674C0[0m
[1;33m[1;36m [IssueCommand] cid: 3 clk: 9283 | ACTIVATE | (address) rank: 1 bankgroup: 1 bank: 0 row: 1 column: 58 addr: 0X674E0[0m
[1;33m[1;36m [IssueCommand] cid: 2 clk: 9302 | READ | (address) rank: 1 bankgroup: 1 bank: 0 row: 1 column: 58 addr: 0X674C0[0m
[1;33m[1;36m [IssueCommand] cid: 3 clk: 9302 | READ | (address) rank: 1 bankgroup: 1 bank: 0 row: 1 column: 58 addr: 0X674E0[0m
[1;33m[1;35m [ReturnDoneRead] cid: 2 clk: 9327 | READ | addr: 0X674C0[0m
[1;33m[1;35m [ReturnDoneRead] cid: 3 clk: 9327 | READ | addr: 0X674E0[0m
8739399: system.mem_ctrl: Read to address 423104 complete
8739399: system.mem_ctrl: Access for address 423104
8739399: system.mem_ctrl: Queuing response for address 423104
8747399: system.mem_ctrl: Attempting to send response
8747399: system.mem_ctrl: Have 0 read, 0 write, 0 responses outstanding
8858000: system.mem_ctrl: Enqueueing address 2944
[1;33m[1;35m [AddTransaction(RD)] cid: 0 clk: 9454 | READ | addr: 0XB80[0m
[1;33m[1;35m [AddTransaction(RD)] cid: 1 clk: 9454 | READ | addr: 0XBA0[0m
[1;33m[1;36m [AddCommand] cid: 0 clk: 9454 | READ | (address) rank: 0 bankgroup: 3 bank: 0 row: 0 column: 5 addr: 0XB80[0m
[1;33m[1;36m [AddCommand] cid: 1 clk: 9454 | READ | (address) rank: 0 bankgroup: 3 bank: 0 row: 0 column: 5 addr: 0XBA0[0m
[1;33m[1;36m [IssueCommand] cid: 0 clk: 9455 | ACTIVATE | (address) rank: 0 bankgroup: 3 bank: 0 row: 0 column: 5 addr: 0XB80[0m
[1;33m[1;36m [IssueCommand] cid: 1 clk: 9455 | ACTIVATE | (address) rank: 0 bankgroup: 3 bank: 0 row: 0 column: 5 addr: 0XBA0[0m
[1;33m[1;36m [IssueCommand] cid: 0 clk: 9474 | READ | (address) rank: 0 bankgroup: 3 bank: 0 row: 0 column: 5 addr: 0XB80[0m
[1;33m[1;36m [IssueCommand] cid: 1 clk: 9474 | READ | (address) rank: 0 bankgroup: 3 bank: 0 row: 0 column: 5 addr: 0XBA0[0m
[1;33m[1;35m [ReturnDoneRead] cid: 0 clk: 9499 | READ | addr: 0XB80[0m
[1;33m[1;35m [ReturnDoneRead] cid: 1 clk: 9499 | READ | addr: 0XBA0[0m
8900563: system.mem_ctrl: Read to address 2944 complete
8900563: system.mem_ctrl: Access for address 2944
8900563: system.mem_ctrl: Queuing response for address 2944
8908563: system.mem_ctrl: Attempting to send response
8908563: system.mem_ctrl: Have 0 read, 0 write, 0 responses outstanding
8965000: system.mem_ctrl: Enqueueing address 74944
[1;33m[1;35m [AddTransaction(RD)] cid: 2 clk: 9568 | READ | addr: 0X124C0[0m
[1;33m[1;35m [AddTransaction(RD)] cid: 3 clk: 9568 | READ | addr: 0X124E0[0m
[1;33m[1;36m [AddCommand] cid: 2 clk: 9568 | READ | (address) rank: 0 bankgroup: 1 bank: 2 row: 0 column: 18 addr: 0X124C0[0m
[1;33m[1;36m [AddCommand] cid: 3 clk: 9568 | READ | (address) rank: 0 bankgroup: 1 bank: 2 row: 0 column: 18 addr: 0X124E0[0m
[1;33m[1;36m [IssueCommand] cid: 2 clk: 9569 | ACTIVATE | (address) rank: 0 bankgroup: 1 bank: 2 row: 0 column: 18 addr: 0X124C0[0m
[1;33m[1;36m [IssueCommand] cid: 3 clk: 9569 | ACTIVATE | (address) rank: 0 bankgroup: 1 bank: 2 row: 0 column: 18 addr: 0X124E0[0m
[1;33m[1;36m [IssueCommand] cid: 2 clk: 9588 | READ | (address) rank: 0 bankgroup: 1 bank: 2 row: 0 column: 18 addr: 0X124C0[0m
[1;33m[1;36m [IssueCommand] cid: 3 clk: 9588 | READ | (address) rank: 0 bankgroup: 1 bank: 2 row: 0 column: 18 addr: 0X124E0[0m
[1;33m[1;35m [ReturnDoneRead] cid: 2 clk: 9613 | READ | addr: 0X124C0[0m
[1;33m[1;35m [ReturnDoneRead] cid: 3 clk: 9613 | READ | addr: 0X124E0[0m
9007381: system.mem_ctrl: Read to address 74944 complete
9007381: system.mem_ctrl: Access for address 74944
9007381: system.mem_ctrl: Queuing response for address 74944
9015381: system.mem_ctrl: Attempting to send response
9015381: system.mem_ctrl: Have 0 read, 0 write, 0 responses outstanding
9072000: system.mem_ctrl: Enqueueing address 75008
[1;33m[1;35m [AddTransaction(RD)] cid: 0 clk: 9682 | READ | addr: 0X12500[0m
[1;33m[1;35m [AddTransaction(RD)] cid: 1 clk: 9682 | READ | addr: 0X12520[0m
[1;33m[1;36m [AddCommand] cid: 0 clk: 9682 | READ | (address) rank: 0 bankgroup: 2 bank: 2 row: 0 column: 18 addr: 0X12500[0m
[1;33m[1;36m [AddCommand] cid: 1 clk: 9682 | READ | (address) rank: 0 bankgroup: 2 bank: 2 row: 0 column: 18 addr: 0X12520[0m
[1;33m[1;36m [IssueCommand] cid: 0 clk: 9683 | ACTIVATE | (address) rank: 0 bankgroup: 2 bank: 2 row: 0 column: 18 addr: 0X12500[0m
[1;33m[1;36m [IssueCommand] cid: 1 clk: 9683 | ACTIVATE | (address) rank: 0 bankgroup: 2 bank: 2 row: 0 column: 18 addr: 0X12520[0m
[1;33m[1;36m [IssueCommand] cid: 0 clk: 9702 | READ | (address) rank: 0 bankgroup: 2 bank: 2 row: 0 column: 18 addr: 0X12500[0m
[1;33m[1;36m [IssueCommand] cid: 1 clk: 9702 | READ | (address) rank: 0 bankgroup: 2 bank: 2 row: 0 column: 18 addr: 0X12520[0m
[1;33m[1;35m [ReturnDoneRead] cid: 0 clk: 9727 | READ | addr: 0X12500[0m
[1;33m[1;35m [ReturnDoneRead] cid: 1 clk: 9727 | READ | addr: 0X12520[0m
9114199: system.mem_ctrl: Read to address 75008 complete
9114199: system.mem_ctrl: Access for address 75008
9114199: system.mem_ctrl: Queuing response for address 75008
9122199: system.mem_ctrl: Attempting to send response
9122199: system.mem_ctrl: Have 0 read, 0 write, 0 responses outstanding
9191000: system.mem_ctrl: Enqueueing address 75072
[1;33m[1;35m [AddTransaction(RD)] cid: 2 clk: 9809 | READ | addr: 0X12540[0m
[1;33m[1;35m [AddTransaction(RD)] cid: 3 clk: 9809 | READ | addr: 0X12560[0m
[1;33m[1;36m [AddCommand] cid: 2 clk: 9809 | READ | (address) rank: 0 bankgroup: 2 bank: 2 row: 0 column: 18 addr: 0X12540[0m
[1;33m[1;36m [AddCommand] cid: 3 clk: 9809 | READ | (address) rank: 0 bankgroup: 2 bank: 2 row: 0 column: 18 addr: 0X12560[0m
[1;33m[1;36m [IssueCommand] cid: 2 clk: 9810 | ACTIVATE | (address) rank: 0 bankgroup: 2 bank: 2 row: 0 column: 18 addr: 0X12540[0m
[1;33m[1;36m [IssueCommand] cid: 3 clk: 9810 | ACTIVATE | (address) rank: 0 bankgroup: 2 bank: 2 row: 0 column: 18 addr: 0X12560[0m
[1;33m[1;36m [IssueCommand] cid: 2 clk: 9829 | READ | (address) rank: 0 bankgroup: 2 bank: 2 row: 0 column: 18 addr: 0X12540[0m
[1;33m[1;36m [IssueCommand] cid: 3 clk: 9829 | READ | (address) rank: 0 bankgroup: 2 bank: 2 row: 0 column: 18 addr: 0X12560[0m
[1;33m[1;35m [ReturnDoneRead] cid: 2 clk: 9854 | READ | addr: 0X12540[0m
[1;33m[1;35m [ReturnDoneRead] cid: 3 clk: 9854 | READ | addr: 0X12560[0m
9233198: system.mem_ctrl: Read to address 75072 complete
9233198: system.mem_ctrl: Access for address 75072
9233198: system.mem_ctrl: Queuing response for address 75072
9241198: system.mem_ctrl: Attempting to send response
9241198: system.mem_ctrl: Have 0 read, 0 write, 0 responses outstanding
9418000: system.mem_ctrl: Enqueueing address 418752
[1;33m[1;35m [AddTransaction(RD)] cid: 2 clk: 10052 | READ | addr: 0X663C0[0m
[1;33m[1;35m [AddTransaction(RD)] cid: 3 clk: 10052 | READ | addr: 0X663E0[0m
[1;33m[1;36m [AddCommand] cid: 2 clk: 10052 | READ | (address) rank: 1 bankgroup: 3 bank: 0 row: 1 column: 49 addr: 0X663C0[0m
[1;33m[1;36m [AddCommand] cid: 3 clk: 10052 | READ | (address) rank: 1 bankgroup: 3 bank: 0 row: 1 column: 49 addr: 0X663E0[0m
[1;33m[1;36m [IssueCommand] cid: 2 clk: 10053 | ACTIVATE | (address) rank: 1 bankgroup: 3 bank: 0 row: 1 column: 49 addr: 0X663C0[0m
[1;33m[1;36m [IssueCommand] cid: 3 clk: 10053 | ACTIVATE | (address) rank: 1 bankgroup: 3 bank: 0 row: 1 column: 49 addr: 0X663E0[0m
[1;33m[1;36m [IssueCommand] cid: 2 clk: 10072 | READ | (address) rank: 1 bankgroup: 3 bank: 0 row: 1 column: 49 addr: 0X663C0[0m
[1;33m[1;36m [IssueCommand] cid: 3 clk: 10072 | READ | (address) rank: 1 bankgroup: 3 bank: 0 row: 1 column: 49 addr: 0X663E0[0m
[1;33m[1;35m [ReturnDoneRead] cid: 2 clk: 10097 | READ | addr: 0X663C0[0m
[1;33m[1;35m [ReturnDoneRead] cid: 3 clk: 10097 | READ | addr: 0X663E0[0m
9460889: system.mem_ctrl: Read to address 418752 complete
9460889: system.mem_ctrl: Access for address 418752
9460889: system.mem_ctrl: Queuing response for address 418752
9468889: system.mem_ctrl: Attempting to send response
9468889: system.mem_ctrl: Have 0 read, 0 write, 0 responses outstanding
9533000: system.mem_ctrl: Enqueueing address 67968
[1;33m[1;35m [AddTransaction(RD)] cid: 0 clk: 10174 | READ | addr: 0X10980[0m
[1;33m[1;35m [AddTransaction(RD)] cid: 1 clk: 10174 | READ | addr: 0X109A0[0m
[1;33m[1;36m [AddCommand] cid: 0 clk: 10174 | READ | (address) rank: 0 bankgroup: 3 bank: 2 row: 0 column: 4 addr: 0X10980[0m
[1;33m[1;36m [AddCommand] cid: 1 clk: 10174 | READ | (address) rank: 0 bankgroup: 3 bank: 2 row: 0 column: 4 addr: 0X109A0[0m
[1;33m[1;36m [IssueCommand] cid: 0 clk: 10175 | ACTIVATE | (address) rank: 0 bankgroup: 3 bank: 2 row: 0 column: 4 addr: 0X10980[0m
[1;33m[1;36m [IssueCommand] cid: 1 clk: 10175 | ACTIVATE | (address) rank: 0 bankgroup: 3 bank: 2 row: 0 column: 4 addr: 0X109A0[0m
[1;33m[1;36m [IssueCommand] cid: 0 clk: 10194 | READ | (address) rank: 0 bankgroup: 3 bank: 2 row: 0 column: 4 addr: 0X10980[0m
[1;33m[1;36m [IssueCommand] cid: 1 clk: 10194 | READ | (address) rank: 0 bankgroup: 3 bank: 2 row: 0 column: 4 addr: 0X109A0[0m
[1;33m[1;35m [ReturnDoneRead] cid: 0 clk: 10219 | READ | addr: 0X10980[0m
[1;33m[1;35m [ReturnDoneRead] cid: 1 clk: 10219 | READ | addr: 0X109A0[0m
9575203: system.mem_ctrl: Read to address 67968 complete
9575203: system.mem_ctrl: Access for address 67968
9575203: system.mem_ctrl: Queuing response for address 67968
9583203: system.mem_ctrl: Attempting to send response
9583203: system.mem_ctrl: Have 0 read, 0 write, 0 responses outstanding
9648000: system.mem_ctrl: Enqueueing address 68032
[1;33m[1;35m [AddTransaction(RD)] cid: 2 clk: 10297 | READ | addr: 0X109C0[0m
[1;33m[1;35m [AddTransaction(RD)] cid: 3 clk: 10297 | READ | addr: 0X109E0[0m
[1;33m[1;36m [AddCommand] cid: 2 clk: 10297 | READ | (address) rank: 0 bankgroup: 3 bank: 2 row: 0 column: 4 addr: 0X109C0[0m
[1;33m[1;36m [AddCommand] cid: 3 clk: 10297 | READ | (address) rank: 0 bankgroup: 3 bank: 2 row: 0 column: 4 addr: 0X109E0[0m
[1;33m[1;36m [IssueCommand] cid: 2 clk: 10298 | READ | (address) rank: 0 bankgroup: 3 bank: 2 row: 0 column: 4 addr: 0X109C0[0m
[1;33m[1;36m [IssueCommand] cid: 3 clk: 10298 | READ | (address) rank: 0 bankgroup: 3 bank: 2 row: 0 column: 4 addr: 0X109E0[0m
[1;33m[1;35m [ReturnDoneRead] cid: 2 clk: 10323 | READ | addr: 0X109C0[0m
[1;33m[1;35m [ReturnDoneRead] cid: 3 clk: 10323 | READ | addr: 0X109E0[0m
9672651: system.mem_ctrl: Read to address 68032 complete
9672651: system.mem_ctrl: Access for address 68032
9672651: system.mem_ctrl: Queuing response for address 68032
9680651: system.mem_ctrl: Attempting to send response
9680651: system.mem_ctrl: Have 0 read, 0 write, 0 responses outstanding
9753000: system.mem_ctrl: Enqueueing address 68160
[1;33m[1;35m [AddTransaction(RD)] cid: 2 clk: 10409 | READ | addr: 0X10A40[0m
[1;33m[1;35m [AddTransaction(RD)] cid: 3 clk: 10409 | READ | addr: 0X10A60[0m
[1;33m[1;36m [AddCommand] cid: 2 clk: 10409 | READ | (address) rank: 0 bankgroup: 0 bank: 2 row: 0 column: 5 addr: 0X10A40[0m
[1;33m[1;36m [AddCommand] cid: 3 clk: 10409 | READ | (address) rank: 0 bankgroup: 0 bank: 2 row: 0 column: 5 addr: 0X10A60[0m
[1;33m[1;36m [IssueCommand] cid: 2 clk: 10410 | READ | (address) rank: 0 bankgroup: 0 bank: 2 row: 0 column: 5 addr: 0X10A40[0m
[1;33m[1;36m [IssueCommand] cid: 3 clk: 10410 | READ | (address) rank: 0 bankgroup: 0 bank: 2 row: 0 column: 5 addr: 0X10A60[0m
[1;33m[1;36m [IssueCommand] cid: 0 clk: 10415 | PRECHARGE | (address) rank: 0 bankgroup: 0 bank: 2 row: -1 column: -1 addr: 0XFFFFFFFFFFFFFFFF[0m
[1;33m[1;36m [IssueCommand] cid: 1 clk: 10415 | PRECHARGE | (address) rank: 0 bankgroup: 0 bank: 2 row: -1 column: -1 addr: 0XFFFFFFFFFFFFFFFF[0m
[1;33m[1;36m [IssueCommand] cid: 2 clk: 10415 | PRECHARGE | (address) rank: 0 bankgroup: 0 bank: 0 row: -1 column: -1 addr: 0XFFFFFFFFFFFFFFFF[0m
[1;33m[1;36m [IssueCommand] cid: 3 clk: 10415 | PRECHARGE | (address) rank: 0 bankgroup: 0 bank: 0 row: -1 column: -1 addr: 0XFFFFFFFFFFFFFFFF[0m
[1;33m[1;36m [IssueCommand] cid: 0 clk: 10416 | PRECHARGE | (address) rank: 0 bankgroup: 1 bank: 0 row: -1 column: -1 addr: 0XFFFFFFFFFFFFFFFF[0m
[1;33m[1;36m [IssueCommand] cid: 1 clk: 10416 | PRECHARGE | (address) rank: 0 bankgroup: 1 bank: 0 row: -1 column: -1 addr: 0XFFFFFFFFFFFFFFFF[0m
[1;33m[1;36m [IssueCommand] cid: 2 clk: 10416 | PRECHARGE | (address) rank: 0 bankgroup: 0 bank: 2 row: -1 column: -1 addr: 0XFFFFFFFFFFFFFFFF[0m
[1;33m[1;36m [IssueCommand] cid: 3 clk: 10416 | PRECHARGE | (address) rank: 0 bankgroup: 0 bank: 2 row: -1 column: -1 addr: 0XFFFFFFFFFFFFFFFF[0m
[1;33m[1;36m [IssueCommand] cid: 0 clk: 10417 | PRECHARGE | (address) rank: 0 bankgroup: 2 bank: 0 row: -1 column: -1 addr: 0XFFFFFFFFFFFFFFFF[0m
[1;33m[1;36m [IssueCommand] cid: 1 clk: 10417 | PRECHARGE | (address) rank: 0 bankgroup: 2 bank: 0 row: -1 column: -1 addr: 0XFFFFFFFFFFFFFFFF[0m
[1;33m[1;36m [IssueCommand] cid: 2 clk: 10417 | PRECHARGE | (address) rank: 0 bankgroup: 1 bank: 0 row: -1 column: -1 addr: 0XFFFFFFFFFFFFFFFF[0m
[1;33m[1;36m [IssueCommand] cid: 3 clk: 10417 | PRECHARGE | (address) rank: 0 bankgroup: 1 bank: 0 row: -1 column: -1 addr: 0XFFFFFFFFFFFFFFFF[0m
[1;33m[1;36m [IssueCommand] cid: 0 clk: 10418 | PRECHARGE | (address) rank: 0 bankgroup: 2 bank: 2 row: -1 column: -1 addr: 0XFFFFFFFFFFFFFFFF[0m
[1;33m[1;36m [IssueCommand] cid: 1 clk: 10418 | PRECHARGE | (address) rank: 0 bankgroup: 2 bank: 2 row: -1 column: -1 addr: 0XFFFFFFFFFFFFFFFF[0m
[1;33m[1;36m [IssueCommand] cid: 2 clk: 10418 | PRECHARGE | (address) rank: 0 bankgroup: 1 bank: 2 row: -1 column: -1 addr: 0XFFFFFFFFFFFFFFFF[0m
[1;33m[1;36m [IssueCommand] cid: 3 clk: 10418 | PRECHARGE | (address) rank: 0 bankgroup: 1 bank: 2 row: -1 column: -1 addr: 0XFFFFFFFFFFFFFFFF[0m
[1;33m[1;36m [IssueCommand] cid: 0 clk: 10419 | PRECHARGE | (address) rank: 0 bankgroup: 3 bank: 0 row: -1 column: -1 addr: 0XFFFFFFFFFFFFFFFF[0m
[1;33m[1;36m [IssueCommand] cid: 1 clk: 10419 | PRECHARGE | (address) rank: 0 bankgroup: 3 bank: 0 row: -1 column: -1 addr: 0XFFFFFFFFFFFFFFFF[0m
[1;33m[1;36m [IssueCommand] cid: 2 clk: 10419 | PRECHARGE | (address) rank: 0 bankgroup: 2 bank: 0 row: -1 column: -1 addr: 0XFFFFFFFFFFFFFFFF[0m
[1;33m[1;36m [IssueCommand] cid: 3 clk: 10419 | PRECHARGE | (address) rank: 0 bankgroup: 2 bank: 0 row: -1 column: -1 addr: 0XFFFFFFFFFFFFFFFF[0m
[1;33m[1;36m [IssueCommand] cid: 0 clk: 10420 | PRECHARGE | (address) rank: 0 bankgroup: 3 bank: 2 row: -1 column: -1 addr: 0XFFFFFFFFFFFFFFFF[0m
[1;33m[1;36m [IssueCommand] cid: 1 clk: 10420 | PRECHARGE | (address) rank: 0 bankgroup: 3 bank: 2 row: -1 column: -1 addr: 0XFFFFFFFFFFFFFFFF[0m
[1;33m[1;36m [IssueCommand] cid: 2 clk: 10420 | PRECHARGE | (address) rank: 0 bankgroup: 2 bank: 2 row: -1 column: -1 addr: 0XFFFFFFFFFFFFFFFF[0m
[1;33m[1;36m [IssueCommand] cid: 3 clk: 10420 | PRECHARGE | (address) rank: 0 bankgroup: 2 bank: 2 row: -1 column: -1 addr: 0XFFFFFFFFFFFFFFFF[0m
[1;33m[1;36m [IssueCommand] cid: 2 clk: 10421 | PRECHARGE | (address) rank: 0 bankgroup: 3 bank: 2 row: -1 column: -1 addr: 0XFFFFFFFFFFFFFFFF[0m
[1;33m[1;36m [IssueCommand] cid: 3 clk: 10421 | PRECHARGE | (address) rank: 0 bankgroup: 3 bank: 2 row: -1 column: -1 addr: 0XFFFFFFFFFFFFFFFF[0m
[1;33m[1;35m [ReturnDoneRead] cid: 2 clk: 10435 | READ | addr: 0X10A40[0m
[1;33m[1;35m [ReturnDoneRead] cid: 3 clk: 10435 | READ | addr: 0X10A60[0m
9777595: system.mem_ctrl: Read to address 68160 complete
9777595: system.mem_ctrl: Access for address 68160
9777595: system.mem_ctrl: Queuing response for address 68160
[1;33m[1;36m [IssueCommand] cid: 0 clk: 10439 | REFRESH | (address) rank: 0 bankgroup: -1 bank: -1 row: -1 column: -1 addr: 0XFFFFFFFFFFFFFFFF[0m
[1;33m[1;36m [IssueCommand] cid: 1 clk: 10439 | REFRESH | (address) rank: 0 bankgroup: -1 bank: -1 row: -1 column: -1 addr: 0XFFFFFFFFFFFFFFFF[0m
[1;33m[1;36m [IssueCommand] cid: 2 clk: 10440 | REFRESH | (address) rank: 0 bankgroup: -1 bank: -1 row: -1 column: -1 addr: 0XFFFFFFFFFFFFFFFF[0m
[1;33m[1;36m [IssueCommand] cid: 3 clk: 10440 | REFRESH | (address) rank: 0 bankgroup: -1 bank: -1 row: -1 column: -1 addr: 0XFFFFFFFFFFFFFFFF[0m
9785595: system.mem_ctrl: Attempting to send response
9785595: system.mem_ctrl: Have 0 read, 0 write, 0 responses outstanding
9844000: system.mem_ctrl: Enqueueing address 68096
[1;33m[1;35m [AddTransaction(RD)] cid: 0 clk: 10506 | READ | addr: 0X10A00[0m
[1;33m[1;35m [AddTransaction(RD)] cid: 1 clk: 10506 | READ | addr: 0X10A20[0m
[1;33m[1;36m [AddCommand] cid: 0 clk: 10506 | READ | (address) rank: 0 bankgroup: 0 bank: 2 row: 0 column: 5 addr: 0X10A00[0m
[1;33m[1;36m [AddCommand] cid: 1 clk: 10506 | READ | (address) rank: 0 bankgroup: 0 bank: 2 row: 0 column: 5 addr: 0X10A20[0m
[1;33m[1;36m [IssueCommand] cid: 0 clk: 10738 | ACTIVATE | (address) rank: 0 bankgroup: 0 bank: 2 row: 0 column: 5 addr: 0X10A00[0m
[1;33m[1;36m [IssueCommand] cid: 1 clk: 10738 | ACTIVATE | (address) rank: 0 bankgroup: 0 bank: 2 row: 0 column: 5 addr: 0X10A20[0m
[1;33m[1;36m [IssueCommand] cid: 0 clk: 10757 | READ | (address) rank: 0 bankgroup: 0 bank: 2 row: 0 column: 5 addr: 0X10A00[0m
[1;33m[1;36m [IssueCommand] cid: 1 clk: 10757 | READ | (address) rank: 0 bankgroup: 0 bank: 2 row: 0 column: 5 addr: 0X10A20[0m
[1;33m[1;35m [ReturnDoneRead] cid: 0 clk: 10782 | READ | addr: 0X10A00[0m
[1;33m[1;35m [ReturnDoneRead] cid: 1 clk: 10782 | READ | addr: 0X10A20[0m
10102734: system.mem_ctrl: Read to address 68096 complete
10102734: system.mem_ctrl: Access for address 68096
10102734: system.mem_ctrl: Queuing response for address 68096
10110734: system.mem_ctrl: Attempting to send response
10110734: system.mem_ctrl: Have 0 read, 0 write, 0 responses outstanding
10181000: system.mem_ctrl: Enqueueing address 278656
[1;33m[1;35m [AddTransaction(RD)] cid: 0 clk: 10866 | READ | addr: 0X44080[0m
[1;33m[1;35m [AddTransaction(RD)] cid: 1 clk: 10866 | READ | addr: 0X440A0[0m
[1;33m[1;36m [AddCommand] cid: 0 clk: 10866 | READ | (address) rank: 0 bankgroup: 1 bank: 0 row: 1 column: 32 addr: 0X44080[0m
[1;33m[1;36m [AddCommand] cid: 1 clk: 10866 | READ | (address) rank: 0 bankgroup: 1 bank: 0 row: 1 column: 32 addr: 0X440A0[0m
[1;33m[1;36m [IssueCommand] cid: 0 clk: 10867 | ACTIVATE | (address) rank: 0 bankgroup: 1 bank: 0 row: 1 column: 32 addr: 0X44080[0m
[1;33m[1;36m [IssueCommand] cid: 1 clk: 10867 | ACTIVATE | (address) rank: 0 bankgroup: 1 bank: 0 row: 1 column: 32 addr: 0X440A0[0m
[1;33m[1;36m [IssueCommand] cid: 0 clk: 10886 | READ | (address) rank: 0 bankgroup: 1 bank: 0 row: 1 column: 32 addr: 0X44080[0m
[1;33m[1;36m [IssueCommand] cid: 1 clk: 10886 | READ | (address) rank: 0 bankgroup: 1 bank: 0 row: 1 column: 32 addr: 0X440A0[0m
[1;33m[1;35m [ReturnDoneRead] cid: 0 clk: 10911 | READ | addr: 0X44080[0m
[1;33m[1;35m [ReturnDoneRead] cid: 1 clk: 10911 | READ | addr: 0X440A0[0m
10223607: system.mem_ctrl: Read to address 278656 complete
10223607: system.mem_ctrl: Access for address 278656
10223607: system.mem_ctrl: Queuing response for address 278656
10231607: system.mem_ctrl: Attempting to send response
10231607: system.mem_ctrl: Have 0 read, 0 write, 0 responses outstanding
10284000: system.mem_ctrl: Enqueueing address 68288
[1;33m[1;35m [AddTransaction(RD)] cid: 2 clk: 10976 | READ | addr: 0X10AC0[0m
[1;33m[1;35m [AddTransaction(RD)] cid: 3 clk: 10976 | READ | addr: 0X10AE0[0m
[1;33m[1;36m [AddCommand] cid: 2 clk: 10976 | READ | (address) rank: 0 bankgroup: 1 bank: 2 row: 0 column: 5 addr: 0X10AC0[0m
[1;33m[1;36m [AddCommand] cid: 3 clk: 10976 | READ | (address) rank: 0 bankgroup: 1 bank: 2 row: 0 column: 5 addr: 0X10AE0[0m
[1;33m[1;36m [IssueCommand] cid: 2 clk: 10977 | ACTIVATE | (address) rank: 0 bankgroup: 1 bank: 2 row: 0 column: 5 addr: 0X10AC0[0m
[1;33m[1;36m [IssueCommand] cid: 3 clk: 10977 | ACTIVATE | (address) rank: 0 bankgroup: 1 bank: 2 row: 0 column: 5 addr: 0X10AE0[0m
[1;33m[1;36m [IssueCommand] cid: 2 clk: 10996 | READ | (address) rank: 0 bankgroup: 1 bank: 2 row: 0 column: 5 addr: 0X10AC0[0m
[1;33m[1;36m [IssueCommand] cid: 3 clk: 10996 | READ | (address) rank: 0 bankgroup: 1 bank: 2 row: 0 column: 5 addr: 0X10AE0[0m
[1;33m[1;35m [ReturnDoneRead] cid: 2 clk: 11021 | READ | addr: 0X10AC0[0m
[1;33m[1;35m [ReturnDoneRead] cid: 3 clk: 11021 | READ | addr: 0X10AE0[0m
10326677: system.mem_ctrl: Read to address 68288 complete
10326677: system.mem_ctrl: Access for address 68288
10326677: system.mem_ctrl: Queuing response for address 68288
10334677: system.mem_ctrl: Attempting to send response
10334677: system.mem_ctrl: Have 0 read, 0 write, 0 responses outstanding
10385000: system.mem_ctrl: Enqueueing address 400768
[1;33m[1;35m [AddTransaction(RD)] cid: 0 clk: 11084 | READ | addr: 0X61D80[0m
[1;33m[1;35m [AddTransaction(RD)] cid: 1 clk: 11084 | READ | addr: 0X61DA0[0m
[1;33m[1;36m [AddCommand] cid: 0 clk: 11084 | READ | (address) rank: 1 bankgroup: 3 bank: 0 row: 1 column: 14 addr: 0X61D80[0m
[1;33m[1;36m [AddCommand] cid: 1 clk: 11084 | READ | (address) rank: 1 bankgroup: 3 bank: 0 row: 1 column: 14 addr: 0X61DA0[0m
[1;33m[1;36m [IssueCommand] cid: 0 clk: 11085 | ACTIVATE | (address) rank: 1 bankgroup: 3 bank: 0 row: 1 column: 14 addr: 0X61D80[0m
[1;33m[1;36m [IssueCommand] cid: 1 clk: 11085 | ACTIVATE | (address) rank: 1 bankgroup: 3 bank: 0 row: 1 column: 14 addr: 0X61DA0[0m
[1;33m[1;36m [IssueCommand] cid: 0 clk: 11104 | READ | (address) rank: 1 bankgroup: 3 bank: 0 row: 1 column: 14 addr: 0X61D80[0m
[1;33m[1;36m [IssueCommand] cid: 1 clk: 11104 | READ | (address) rank: 1 bankgroup: 3 bank: 0 row: 1 column: 14 addr: 0X61DA0[0m
[1;33m[1;35m [ReturnDoneRead] cid: 0 clk: 11129 | READ | addr: 0X61D80[0m
[1;33m[1;35m [ReturnDoneRead] cid: 1 clk: 11129 | READ | addr: 0X61DA0[0m
10427873: system.mem_ctrl: Read to address 400768 complete
10427873: system.mem_ctrl: Access for address 400768
10427873: system.mem_ctrl: Queuing response for address 400768
10435873: system.mem_ctrl: Attempting to send response
10435873: system.mem_ctrl: Have 0 read, 0 write, 0 responses outstanding
10490000: system.mem_ctrl: Enqueueing address 68352
[1;33m[1;35m [AddTransaction(RD)] cid: 0 clk: 11196 | READ | addr: 0X10B00[0m
[1;33m[1;35m [AddTransaction(RD)] cid: 1 clk: 11196 | READ | addr: 0X10B20[0m
[1;33m[1;36m [AddCommand] cid: 0 clk: 11196 | READ | (address) rank: 0 bankgroup: 2 bank: 2 row: 0 column: 5 addr: 0X10B00[0m
[1;33m[1;36m [AddCommand] cid: 1 clk: 11196 | READ | (address) rank: 0 bankgroup: 2 bank: 2 row: 0 column: 5 addr: 0X10B20[0m
[1;33m[1;36m [IssueCommand] cid: 0 clk: 11197 | ACTIVATE | (address) rank: 0 bankgroup: 2 bank: 2 row: 0 column: 5 addr: 0X10B00[0m
[1;33m[1;36m [IssueCommand] cid: 1 clk: 11197 | ACTIVATE | (address) rank: 0 bankgroup: 2 bank: 2 row: 0 column: 5 addr: 0X10B20[0m
[1;33m[1;36m [IssueCommand] cid: 0 clk: 11216 | READ | (address) rank: 0 bankgroup: 2 bank: 2 row: 0 column: 5 addr: 0X10B00[0m
[1;33m[1;36m [IssueCommand] cid: 1 clk: 11216 | READ | (address) rank: 0 bankgroup: 2 bank: 2 row: 0 column: 5 addr: 0X10B20[0m
[1;33m[1;35m [ReturnDoneRead] cid: 0 clk: 11241 | READ | addr: 0X10B00[0m
[1;33m[1;35m [ReturnDoneRead] cid: 1 clk: 11241 | READ | addr: 0X10B20[0m
10532817: system.mem_ctrl: Read to address 68352 complete
10532817: system.mem_ctrl: Access for address 68352
10532817: system.mem_ctrl: Queuing response for address 68352
10540817: system.mem_ctrl: Attempting to send response
10540817: system.mem_ctrl: Have 0 read, 0 write, 0 responses outstanding
10593000: system.mem_ctrl: Enqueueing address 68224
[1;33m[1;35m [AddTransaction(RD)] cid: 0 clk: 11306 | READ | addr: 0X10A80[0m
[1;33m[1;35m [AddTransaction(RD)] cid: 1 clk: 11306 | READ | addr: 0X10AA0[0m
[1;33m[1;36m [AddCommand] cid: 0 clk: 11306 | READ | (address) rank: 0 bankgroup: 1 bank: 2 row: 0 column: 5 addr: 0X10A80[0m
[1;33m[1;36m [AddCommand] cid: 1 clk: 11306 | READ | (address) rank: 0 bankgroup: 1 bank: 2 row: 0 column: 5 addr: 0X10AA0[0m
[1;33m[1;36m [IssueCommand] cid: 0 clk: 11307 | ACTIVATE | (address) rank: 0 bankgroup: 1 bank: 2 row: 0 column: 5 addr: 0X10A80[0m
[1;33m[1;36m [IssueCommand] cid: 1 clk: 11307 | ACTIVATE | (address) rank: 0 bankgroup: 1 bank: 2 row: 0 column: 5 addr: 0X10AA0[0m
[1;33m[1;36m [IssueCommand] cid: 0 clk: 11326 | READ | (address) rank: 0 bankgroup: 1 bank: 2 row: 0 column: 5 addr: 0X10A80[0m
[1;33m[1;36m [IssueCommand] cid: 1 clk: 11326 | READ | (address) rank: 0 bankgroup: 1 bank: 2 row: 0 column: 5 addr: 0X10AA0[0m
[1;33m[1;35m [ReturnDoneRead] cid: 0 clk: 11351 | READ | addr: 0X10A80[0m
[1;33m[1;35m [ReturnDoneRead] cid: 1 clk: 11351 | READ | addr: 0X10AA0[0m
10635887: system.mem_ctrl: Read to address 68224 complete
10635887: system.mem_ctrl: Access for address 68224
10635887: system.mem_ctrl: Queuing response for address 68224
10643887: system.mem_ctrl: Attempting to send response
10643887: system.mem_ctrl: Have 0 read, 0 write, 0 responses outstanding
10706000: system.mem_ctrl: Enqueueing address 452544
[1;33m[1;35m [AddTransaction(RD)] cid: 2 clk: 11426 | READ | addr: 0X6E7C0[0m
[1;33m[1;35m [AddTransaction(RD)] cid: 3 clk: 11426 | READ | addr: 0X6E7E0[0m
[1;33m[1;36m [AddCommand] cid: 2 clk: 11426 | READ | (address) rank: 1 bankgroup: 3 bank: 1 row: 1 column: 51 addr: 0X6E7C0[0m
[1;33m[1;36m [AddCommand] cid: 3 clk: 11426 | READ | (address) rank: 1 bankgroup: 3 bank: 1 row: 1 column: 51 addr: 0X6E7E0[0m
[1;33m[1;36m [IssueCommand] cid: 2 clk: 11427 | ACTIVATE | (address) rank: 1 bankgroup: 3 bank: 1 row: 1 column: 51 addr: 0X6E7C0[0m
[1;33m[1;36m [IssueCommand] cid: 3 clk: 11427 | ACTIVATE | (address) rank: 1 bankgroup: 3 bank: 1 row: 1 column: 51 addr: 0X6E7E0[0m
[1;33m[1;36m [IssueCommand] cid: 2 clk: 11446 | READ | (address) rank: 1 bankgroup: 3 bank: 1 row: 1 column: 51 addr: 0X6E7C0[0m
[1;33m[1;36m [IssueCommand] cid: 3 clk: 11446 | READ | (address) rank: 1 bankgroup: 3 bank: 1 row: 1 column: 51 addr: 0X6E7E0[0m
[1;33m[1;35m [ReturnDoneRead] cid: 2 clk: 11471 | READ | addr: 0X6E7C0[0m
[1;33m[1;35m [ReturnDoneRead] cid: 3 clk: 11471 | READ | addr: 0X6E7E0[0m
10748327: system.mem_ctrl: Read to address 452544 complete
10748327: system.mem_ctrl: Access for address 452544
10748327: system.mem_ctrl: Queuing response for address 452544
10756327: system.mem_ctrl: Attempting to send response
10756327: system.mem_ctrl: Have 0 read, 0 write, 0 responses outstanding
10903000: system.mem_ctrl: Enqueueing address 3008
[1;33m[1;35m [AddTransaction(RD)] cid: 2 clk: 11637 | READ | addr: 0XBC0[0m
[1;33m[1;35m [AddTransaction(RD)] cid: 3 clk: 11637 | READ | addr: 0XBE0[0m
[1;33m[1;36m [AddCommand] cid: 2 clk: 11637 | READ | (address) rank: 0 bankgroup: 3 bank: 0 row: 0 column: 5 addr: 0XBC0[0m
[1;33m[1;36m [AddCommand] cid: 3 clk: 11637 | READ | (address) rank: 0 bankgroup: 3 bank: 0 row: 0 column: 5 addr: 0XBE0[0m
[1;33m[1;36m [IssueCommand] cid: 2 clk: 11638 | ACTIVATE | (address) rank: 0 bankgroup: 3 bank: 0 row: 0 column: 5 addr: 0XBC0[0m
[1;33m[1;36m [IssueCommand] cid: 3 clk: 11638 | ACTIVATE | (address) rank: 0 bankgroup: 3 bank: 0 row: 0 column: 5 addr: 0XBE0[0m
[1;33m[1;36m [IssueCommand] cid: 2 clk: 11657 | READ | (address) rank: 0 bankgroup: 3 bank: 0 row: 0 column: 5 addr: 0XBC0[0m
[1;33m[1;36m [IssueCommand] cid: 3 clk: 11657 | READ | (address) rank: 0 bankgroup: 3 bank: 0 row: 0 column: 5 addr: 0XBE0[0m
[1;33m[1;35m [ReturnDoneRead] cid: 2 clk: 11682 | READ | addr: 0XBC0[0m
[1;33m[1;35m [ReturnDoneRead] cid: 3 clk: 11682 | READ | addr: 0XBE0[0m
10946034: system.mem_ctrl: Read to address 3008 complete
10946034: system.mem_ctrl: Access for address 3008
10946034: system.mem_ctrl: Queuing response for address 3008
10954034: system.mem_ctrl: Attempting to send response
10954034: system.mem_ctrl: Have 0 read, 0 write, 0 responses outstanding
11035000: system.mem_ctrl: Enqueueing address 450752
[1;33m[1;35m [AddTransaction(RD)] cid: 2 clk: 11777 | READ | addr: 0X6E0C0[0m
[1;33m[1;35m [AddTransaction(RD)] cid: 3 clk: 11777 | READ | addr: 0X6E0E0[0m
[1;33m[1;36m [AddCommand] cid: 2 clk: 11777 | READ | (address) rank: 1 bankgroup: 1 bank: 1 row: 1 column: 48 addr: 0X6E0C0[0m
[1;33m[1;36m [AddCommand] cid: 3 clk: 11777 | READ | (address) rank: 1 bankgroup: 1 bank: 1 row: 1 column: 48 addr: 0X6E0E0[0m
[1;33m[1;36m [IssueCommand] cid: 2 clk: 11778 | ACTIVATE | (address) rank: 1 bankgroup: 1 bank: 1 row: 1 column: 48 addr: 0X6E0C0[0m
[1;33m[1;36m [IssueCommand] cid: 3 clk: 11778 | ACTIVATE | (address) rank: 1 bankgroup: 1 bank: 1 row: 1 column: 48 addr: 0X6E0E0[0m
[1;33m[1;36m [IssueCommand] cid: 2 clk: 11797 | READ | (address) rank: 1 bankgroup: 1 bank: 1 row: 1 column: 48 addr: 0X6E0C0[0m
[1;33m[1;36m [IssueCommand] cid: 3 clk: 11797 | READ | (address) rank: 1 bankgroup: 1 bank: 1 row: 1 column: 48 addr: 0X6E0E0[0m
[1;33m[1;35m [ReturnDoneRead] cid: 2 clk: 11822 | READ | addr: 0X6E0C0[0m
[1;33m[1;35m [ReturnDoneRead] cid: 3 clk: 11822 | READ | addr: 0X6E0E0[0m
11077214: system.mem_ctrl: Read to address 450752 complete
11077214: system.mem_ctrl: Access for address 450752
11077214: system.mem_ctrl: Queuing response for address 450752
11085214: system.mem_ctrl: Attempting to send response
11085214: system.mem_ctrl: Have 0 read, 0 write, 0 responses outstanding
11164000: system.mem_ctrl: Enqueueing address 82368
[1;33m[1;35m [AddTransaction(RD)] cid: 2 clk: 11915 | READ | addr: 0X141C0[0m
[1;33m[1;35m [AddTransaction(RD)] cid: 3 clk: 11915 | READ | addr: 0X141E0[0m
[1;33m[1;36m [AddCommand] cid: 2 clk: 11915 | READ | (address) rank: 0 bankgroup: 3 bank: 2 row: 0 column: 32 addr: 0X141C0[0m
[1;33m[1;36m [AddCommand] cid: 3 clk: 11915 | READ | (address) rank: 0 bankgroup: 3 bank: 2 row: 0 column: 32 addr: 0X141E0[0m
[1;33m[1;36m [IssueCommand] cid: 2 clk: 11916 | ACTIVATE | (address) rank: 0 bankgroup: 3 bank: 2 row: 0 column: 32 addr: 0X141C0[0m
[1;33m[1;36m [IssueCommand] cid: 3 clk: 11916 | ACTIVATE | (address) rank: 0 bankgroup: 3 bank: 2 row: 0 column: 32 addr: 0X141E0[0m
[1;33m[1;36m [IssueCommand] cid: 2 clk: 11935 | READ | (address) rank: 0 bankgroup: 3 bank: 2 row: 0 column: 32 addr: 0X141C0[0m
[1;33m[1;36m [IssueCommand] cid: 3 clk: 11935 | READ | (address) rank: 0 bankgroup: 3 bank: 2 row: 0 column: 32 addr: 0X141E0[0m
[1;33m[1;35m [ReturnDoneRead] cid: 2 clk: 11960 | READ | addr: 0X141C0[0m
[1;33m[1;35m [ReturnDoneRead] cid: 3 clk: 11960 | READ | addr: 0X141E0[0m
11206520: system.mem_ctrl: Read to address 82368 complete
11206520: system.mem_ctrl: Access for address 82368
11206520: system.mem_ctrl: Queuing response for address 82368
11214520: system.mem_ctrl: Attempting to send response
11214520: system.mem_ctrl: Have 0 read, 0 write, 0 responses outstanding
11281000: system.mem_ctrl: Enqueueing address 451584
[1;33m[1;35m [AddTransaction(RD)] cid: 0 clk: 12040 | READ | addr: 0X6E400[0m
[1;33m[1;35m [AddTransaction(RD)] cid: 1 clk: 12040 | READ | addr: 0X6E420[0m
[1;33m[1;36m [AddCommand] cid: 0 clk: 12040 | READ | (address) rank: 1 bankgroup: 0 bank: 1 row: 1 column: 50 addr: 0X6E400[0m
[1;33m[1;36m [AddCommand] cid: 1 clk: 12040 | READ | (address) rank: 1 bankgroup: 0 bank: 1 row: 1 column: 50 addr: 0X6E420[0m
[1;33m[1;36m [IssueCommand] cid: 0 clk: 12041 | ACTIVATE | (address) rank: 1 bankgroup: 0 bank: 1 row: 1 column: 50 addr: 0X6E400[0m
[1;33m[1;36m [IssueCommand] cid: 1 clk: 12041 | ACTIVATE | (address) rank: 1 bankgroup: 0 bank: 1 row: 1 column: 50 addr: 0X6E420[0m
[1;33m[1;36m [IssueCommand] cid: 0 clk: 12060 | READ | (address) rank: 1 bankgroup: 0 bank: 1 row: 1 column: 50 addr: 0X6E400[0m
[1;33m[1;36m [IssueCommand] cid: 1 clk: 12060 | READ | (address) rank: 1 bankgroup: 0 bank: 1 row: 1 column: 50 addr: 0X6E420[0m
[1;33m[1;35m [ReturnDoneRead] cid: 0 clk: 12085 | READ | addr: 0X6E400[0m
[1;33m[1;35m [ReturnDoneRead] cid: 1 clk: 12085 | READ | addr: 0X6E420[0m
11323645: system.mem_ctrl: Read to address 451584 complete
11323645: system.mem_ctrl: Access for address 451584
11323645: system.mem_ctrl: Queuing response for address 451584
11331645: system.mem_ctrl: Attempting to send response
11331645: system.mem_ctrl: Have 0 read, 0 write, 0 responses outstanding
11388000: system.mem_ctrl: Enqueueing address 451328
[1;33m[1;35m [AddTransaction(RD)] cid: 0 clk: 12154 | READ | addr: 0X6E300[0m
[1;33m[1;35m [AddTransaction(RD)] cid: 1 clk: 12154 | READ | addr: 0X6E320[0m
[1;33m[1;36m [AddCommand] cid: 0 clk: 12154 | READ | (address) rank: 1 bankgroup: 2 bank: 1 row: 1 column: 49 addr: 0X6E300[0m
[1;33m[1;36m [AddCommand] cid: 1 clk: 12154 | READ | (address) rank: 1 bankgroup: 2 bank: 1 row: 1 column: 49 addr: 0X6E320[0m
[1;33m[1;36m [IssueCommand] cid: 0 clk: 12155 | ACTIVATE | (address) rank: 1 bankgroup: 2 bank: 1 row: 1 column: 49 addr: 0X6E300[0m
[1;33m[1;36m [IssueCommand] cid: 1 clk: 12155 | ACTIVATE | (address) rank: 1 bankgroup: 2 bank: 1 row: 1 column: 49 addr: 0X6E320[0m
[1;33m[1;36m [IssueCommand] cid: 0 clk: 12174 | READ | (address) rank: 1 bankgroup: 2 bank: 1 row: 1 column: 49 addr: 0X6E300[0m
[1;33m[1;36m [IssueCommand] cid: 1 clk: 12174 | READ | (address) rank: 1 bankgroup: 2 bank: 1 row: 1 column: 49 addr: 0X6E320[0m
[1;33m[1;35m [ReturnDoneRead] cid: 0 clk: 12199 | READ | addr: 0X6E300[0m
[1;33m[1;35m [ReturnDoneRead] cid: 1 clk: 12199 | READ | addr: 0X6E320[0m
11430463: system.mem_ctrl: Read to address 451328 complete
11430463: system.mem_ctrl: Access for address 451328
11430463: system.mem_ctrl: Queuing response for address 451328
11438463: system.mem_ctrl: Attempting to send response
11438463: system.mem_ctrl: Have 0 read, 0 write, 0 responses outstanding
11509000: system.mem_ctrl: Enqueueing address 82432
[1;33m[1;35m [AddTransaction(RD)] cid: 0 clk: 12283 | READ | addr: 0X14200[0m
[1;33m[1;35m [AddTransaction(RD)] cid: 1 clk: 12283 | READ | addr: 0X14220[0m
[1;33m[1;36m [AddCommand] cid: 0 clk: 12283 | READ | (address) rank: 0 bankgroup: 0 bank: 2 row: 0 column: 33 addr: 0X14200[0m
[1;33m[1;36m [AddCommand] cid: 1 clk: 12283 | READ | (address) rank: 0 bankgroup: 0 bank: 2 row: 0 column: 33 addr: 0X14220[0m
[1;33m[1;36m [IssueCommand] cid: 0 clk: 12284 | READ | (address) rank: 0 bankgroup: 0 bank: 2 row: 0 column: 33 addr: 0X14200[0m
[1;33m[1;36m [IssueCommand] cid: 1 clk: 12284 | READ | (address) rank: 0 bankgroup: 0 bank: 2 row: 0 column: 33 addr: 0X14220[0m
[1;33m[1;35m [ReturnDoneRead] cid: 0 clk: 12309 | READ | addr: 0X14200[0m
[1;33m[1;35m [ReturnDoneRead] cid: 1 clk: 12309 | READ | addr: 0X14220[0m
11533533: system.mem_ctrl: Read to address 82432 complete
11533533: system.mem_ctrl: Access for address 82432
11533533: system.mem_ctrl: Queuing response for address 82432
11541533: system.mem_ctrl: Attempting to send response
11541533: system.mem_ctrl: Have 0 read, 0 write, 0 responses outstanding
src/sim/syscall_emul.cc:85: warn: ignoring syscall set_robust_list(...)
      (further warnings will be suppressed)
11630000: system.mem_ctrl: Enqueueing address 409920
[1;33m[1;35m [AddTransaction(RD)] cid: 2 clk: 12412 | READ | addr: 0X64140[0m
[1;33m[1;35m [AddTransaction(RD)] cid: 3 clk: 12412 | READ | addr: 0X64160[0m
[1;33m[1;36m [AddCommand] cid: 2 clk: 12412 | READ | (address) rank: 1 bankgroup: 2 bank: 0 row: 1 column: 32 addr: 0X64140[0m
[1;33m[1;36m [AddCommand] cid: 3 clk: 12412 | READ | (address) rank: 1 bankgroup: 2 bank: 0 row: 1 column: 32 addr: 0X64160[0m
[1;33m[1;36m [IssueCommand] cid: 2 clk: 12413 | ACTIVATE | (address) rank: 1 bankgroup: 2 bank: 0 row: 1 column: 32 addr: 0X64140[0m
[1;33m[1;36m [IssueCommand] cid: 3 clk: 12413 | ACTIVATE | (address) rank: 1 bankgroup: 2 bank: 0 row: 1 column: 32 addr: 0X64160[0m
[1;33m[1;36m [IssueCommand] cid: 2 clk: 12432 | READ | (address) rank: 1 bankgroup: 2 bank: 0 row: 1 column: 32 addr: 0X64140[0m
[1;33m[1;36m [IssueCommand] cid: 3 clk: 12432 | READ | (address) rank: 1 bankgroup: 2 bank: 0 row: 1 column: 32 addr: 0X64160[0m
[1;33m[1;35m [ReturnDoneRead] cid: 2 clk: 12457 | READ | addr: 0X64140[0m
[1;33m[1;35m [ReturnDoneRead] cid: 3 clk: 12457 | READ | addr: 0X64160[0m
11672209: system.mem_ctrl: Read to address 409920 complete
11672209: system.mem_ctrl: Access for address 409920
11672209: system.mem_ctrl: Queuing response for address 409920
11680209: system.mem_ctrl: Attempting to send response
11680209: system.mem_ctrl: Have 0 read, 0 write, 0 responses outstanding
[1;33m[1;36m [IssueCommand] cid: 0 clk: 12498 | PRECHARGE | (address) rank: 1 bankgroup: 0 bank: 0 row: -1 column: -1 addr: 0XFFFFFFFFFFFFFFFF[0m
[1;33m[1;36m [IssueCommand] cid: 1 clk: 12498 | PRECHARGE | (address) rank: 1 bankgroup: 0 bank: 0 row: -1 column: -1 addr: 0XFFFFFFFFFFFFFFFF[0m
[1;33m[1;36m [IssueCommand] cid: 2 clk: 12498 | PRECHARGE | (address) rank: 1 bankgroup: 0 bank: 0 row: -1 column: -1 addr: 0XFFFFFFFFFFFFFFFF[0m
[1;33m[1;36m [IssueCommand] cid: 3 clk: 12498 | PRECHARGE | (address) rank: 1 bankgroup: 0 bank: 0 row: -1 column: -1 addr: 0XFFFFFFFFFFFFFFFF[0m
[1;33m[1;36m [IssueCommand] cid: 0 clk: 12499 | PRECHARGE | (address) rank: 1 bankgroup: 0 bank: 1 row: -1 column: -1 addr: 0XFFFFFFFFFFFFFFFF[0m
[1;33m[1;36m [IssueCommand] cid: 1 clk: 12499 | PRECHARGE | (address) rank: 1 bankgroup: 0 bank: 1 row: -1 column: -1 addr: 0XFFFFFFFFFFFFFFFF[0m
[1;33m[1;36m [IssueCommand] cid: 2 clk: 12499 | PRECHARGE | (address) rank: 1 bankgroup: 1 bank: 0 row: -1 column: -1 addr: 0XFFFFFFFFFFFFFFFF[0m
[1;33m[1;36m [IssueCommand] cid: 3 clk: 12499 | PRECHARGE | (address) rank: 1 bankgroup: 1 bank: 0 row: -1 column: -1 addr: 0XFFFFFFFFFFFFFFFF[0m
[1;33m[1;36m [IssueCommand] cid: 0 clk: 12500 | PRECHARGE | (address) rank: 1 bankgroup: 1 bank: 0 row: -1 column: -1 addr: 0XFFFFFFFFFFFFFFFF[0m
[1;33m[1;36m [IssueCommand] cid: 1 clk: 12500 | PRECHARGE | (address) rank: 1 bankgroup: 1 bank: 0 row: -1 column: -1 addr: 0XFFFFFFFFFFFFFFFF[0m
[1;33m[1;36m [IssueCommand] cid: 2 clk: 12500 | PRECHARGE | (address) rank: 1 bankgroup: 1 bank: 1 row: -1 column: -1 addr: 0XFFFFFFFFFFFFFFFF[0m
[1;33m[1;36m [IssueCommand] cid: 3 clk: 12500 | PRECHARGE | (address) rank: 1 bankgroup: 1 bank: 1 row: -1 column: -1 addr: 0XFFFFFFFFFFFFFFFF[0m
[1;33m[1;36m [IssueCommand] cid: 0 clk: 12501 | PRECHARGE | (address) rank: 1 bankgroup: 2 bank: 0 row: -1 column: -1 addr: 0XFFFFFFFFFFFFFFFF[0m
[1;33m[1;36m [IssueCommand] cid: 1 clk: 12501 | PRECHARGE | (address) rank: 1 bankgroup: 2 bank: 0 row: -1 column: -1 addr: 0XFFFFFFFFFFFFFFFF[0m
[1;33m[1;36m [IssueCommand] cid: 2 clk: 12501 | PRECHARGE | (address) rank: 1 bankgroup: 2 bank: 0 row: -1 column: -1 addr: 0XFFFFFFFFFFFFFFFF[0m
[1;33m[1;36m [IssueCommand] cid: 3 clk: 12501 | PRECHARGE | (address) rank: 1 bankgroup: 2 bank: 0 row: -1 column: -1 addr: 0XFFFFFFFFFFFFFFFF[0m
[1;33m[1;36m [IssueCommand] cid: 0 clk: 12502 | PRECHARGE | (address) rank: 1 bankgroup: 2 bank: 1 row: -1 column: -1 addr: 0XFFFFFFFFFFFFFFFF[0m
[1;33m[1;36m [IssueCommand] cid: 1 clk: 12502 | PRECHARGE | (address) rank: 1 bankgroup: 2 bank: 1 row: -1 column: -1 addr: 0XFFFFFFFFFFFFFFFF[0m
[1;33m[1;36m [IssueCommand] cid: 2 clk: 12502 | PRECHARGE | (address) rank: 1 bankgroup: 3 bank: 0 row: -1 column: -1 addr: 0XFFFFFFFFFFFFFFFF[0m
[1;33m[1;36m [IssueCommand] cid: 3 clk: 12502 | PRECHARGE | (address) rank: 1 bankgroup: 3 bank: 0 row: -1 column: -1 addr: 0XFFFFFFFFFFFFFFFF[0m
[1;33m[1;36m [IssueCommand] cid: 0 clk: 12503 | PRECHARGE | (address) rank: 1 bankgroup: 3 bank: 0 row: -1 column: -1 addr: 0XFFFFFFFFFFFFFFFF[0m
[1;33m[1;36m [IssueCommand] cid: 1 clk: 12503 | PRECHARGE | (address) rank: 1 bankgroup: 3 bank: 0 row: -1 column: -1 addr: 0XFFFFFFFFFFFFFFFF[0m
[1;33m[1;36m [IssueCommand] cid: 2 clk: 12503 | PRECHARGE | (address) rank: 1 bankgroup: 3 bank: 1 row: -1 column: -1 addr: 0XFFFFFFFFFFFFFFFF[0m
[1;33m[1;36m [IssueCommand] cid: 3 clk: 12503 | PRECHARGE | (address) rank: 1 bankgroup: 3 bank: 1 row: -1 column: -1 addr: 0XFFFFFFFFFFFFFFFF[0m
11733000: system.mem_ctrl: Enqueueing address 409984
[1;33m[1;35m [AddTransaction(RD)] cid: 0 clk: 12522 | READ | addr: 0X64180[0m
[1;33m[1;35m [AddTransaction(RD)] cid: 1 clk: 12522 | READ | addr: 0X641A0[0m
[1;33m[1;36m [IssueCommand] cid: 0 clk: 12522 | REFRESH | (address) rank: 1 bankgroup: -1 bank: -1 row: -1 column: -1 addr: 0XFFFFFFFFFFFFFFFF[0m
[1;33m[1;36m [AddCommand] cid: 0 clk: 12522 | READ | (address) rank: 1 bankgroup: 3 bank: 0 row: 1 column: 32 addr: 0X64180[0m
[1;33m[1;36m [IssueCommand] cid: 1 clk: 12522 | REFRESH | (address) rank: 1 bankgroup: -1 bank: -1 row: -1 column: -1 addr: 0XFFFFFFFFFFFFFFFF[0m
[1;33m[1;36m [AddCommand] cid: 1 clk: 12522 | READ | (address) rank: 1 bankgroup: 3 bank: 0 row: 1 column: 32 addr: 0X641A0[0m
[1;33m[1;36m [IssueCommand] cid: 2 clk: 12522 | REFRESH | (address) rank: 1 bankgroup: -1 bank: -1 row: -1 column: -1 addr: 0XFFFFFFFFFFFFFFFF[0m
[1;33m[1;36m [IssueCommand] cid: 3 clk: 12522 | REFRESH | (address) rank: 1 bankgroup: -1 bank: -1 row: -1 column: -1 addr: 0XFFFFFFFFFFFFFFFF[0m
[1;33m[1;36m [IssueCommand] cid: 0 clk: 12821 | ACTIVATE | (address) rank: 1 bankgroup: 3 bank: 0 row: 1 column: 32 addr: 0X64180[0m
[1;33m[1;36m [IssueCommand] cid: 1 clk: 12821 | ACTIVATE | (address) rank: 1 bankgroup: 3 bank: 0 row: 1 column: 32 addr: 0X641A0[0m
[1;33m[1;36m [IssueCommand] cid: 0 clk: 12840 | READ | (address) rank: 1 bankgroup: 3 bank: 0 row: 1 column: 32 addr: 0X64180[0m
[1;33m[1;36m [IssueCommand] cid: 1 clk: 12840 | READ | (address) rank: 1 bankgroup: 3 bank: 0 row: 1 column: 32 addr: 0X641A0[0m
[1;33m[1;35m [ReturnDoneRead] cid: 0 clk: 12865 | READ | addr: 0X64180[0m
[1;33m[1;35m [ReturnDoneRead] cid: 1 clk: 12865 | READ | addr: 0X641A0[0m
12054505: system.mem_ctrl: Read to address 409984 complete
12054505: system.mem_ctrl: Access for address 409984
12054505: system.mem_ctrl: Queuing response for address 409984
12062505: system.mem_ctrl: Attempting to send response
12062505: system.mem_ctrl: Have 0 read, 0 write, 0 responses outstanding
12163000: system.mem_ctrl: Enqueueing address 452416
[1;33m[1;35m [AddTransaction(RD)] cid: 2 clk: 12981 | READ | addr: 0X6E740[0m
[1;33m[1;35m [AddTransaction(RD)] cid: 3 clk: 12981 | READ | addr: 0X6E760[0m
[1;33m[1;36m [AddCommand] cid: 2 clk: 12981 | READ | (address) rank: 1 bankgroup: 2 bank: 1 row: 1 column: 51 addr: 0X6E740[0m
[1;33m[1;36m [AddCommand] cid: 3 clk: 12981 | READ | (address) rank: 1 bankgroup: 2 bank: 1 row: 1 column: 51 addr: 0X6E760[0m
[1;33m[1;36m [IssueCommand] cid: 2 clk: 12982 | ACTIVATE | (address) rank: 1 bankgroup: 2 bank: 1 row: 1 column: 51 addr: 0X6E740[0m
[1;33m[1;36m [IssueCommand] cid: 3 clk: 12982 | ACTIVATE | (address) rank: 1 bankgroup: 2 bank: 1 row: 1 column: 51 addr: 0X6E760[0m
[1;33m[1;36m [IssueCommand] cid: 2 clk: 13001 | READ | (address) rank: 1 bankgroup: 2 bank: 1 row: 1 column: 51 addr: 0X6E740[0m
[1;33m[1;36m [IssueCommand] cid: 3 clk: 13001 | READ | (address) rank: 1 bankgroup: 2 bank: 1 row: 1 column: 51 addr: 0X6E760[0m
[1;33m[1;35m [ReturnDoneRead] cid: 2 clk: 13026 | READ | addr: 0X6E740[0m
[1;33m[1;35m [ReturnDoneRead] cid: 3 clk: 13026 | READ | addr: 0X6E760[0m
12205362: system.mem_ctrl: Read to address 452416 complete
12205362: system.mem_ctrl: Access for address 452416
12205362: system.mem_ctrl: Queuing response for address 452416
12213362: system.mem_ctrl: Attempting to send response
12213362: system.mem_ctrl: Have 0 read, 0 write, 0 responses outstanding
12274000: system.mem_ctrl: Enqueueing address 452480
[1;33m[1;35m [AddTransaction(RD)] cid: 0 clk: 13100 | READ | addr: 0X6E780[0m
[1;33m[1;35m [AddTransaction(RD)] cid: 1 clk: 13100 | READ | addr: 0X6E7A0[0m
[1;33m[1;36m [AddCommand] cid: 0 clk: 13100 | READ | (address) rank: 1 bankgroup: 3 bank: 1 row: 1 column: 51 addr: 0X6E780[0m
[1;33m[1;36m [AddCommand] cid: 1 clk: 13100 | READ | (address) rank: 1 bankgroup: 3 bank: 1 row: 1 column: 51 addr: 0X6E7A0[0m
[1;33m[1;36m [IssueCommand] cid: 0 clk: 13101 | ACTIVATE | (address) rank: 1 bankgroup: 3 bank: 1 row: 1 column: 51 addr: 0X6E780[0m
[1;33m[1;36m [IssueCommand] cid: 1 clk: 13101 | ACTIVATE | (address) rank: 1 bankgroup: 3 bank: 1 row: 1 column: 51 addr: 0X6E7A0[0m
[1;33m[1;36m [IssueCommand] cid: 0 clk: 13120 | READ | (address) rank: 1 bankgroup: 3 bank: 1 row: 1 column: 51 addr: 0X6E780[0m
[1;33m[1;36m [IssueCommand] cid: 1 clk: 13120 | READ | (address) rank: 1 bankgroup: 3 bank: 1 row: 1 column: 51 addr: 0X6E7A0[0m
[1;33m[1;35m [ReturnDoneRead] cid: 0 clk: 13145 | READ | addr: 0X6E780[0m
[1;33m[1;35m [ReturnDoneRead] cid: 1 clk: 13145 | READ | addr: 0X6E7A0[0m
12316865: system.mem_ctrl: Read to address 452480 complete
12316865: system.mem_ctrl: Access for address 452480
12316865: system.mem_ctrl: Queuing response for address 452480
12324865: system.mem_ctrl: Attempting to send response
12324865: system.mem_ctrl: Have 0 read, 0 write, 0 responses outstanding
12375000: system.mem_ctrl: Enqueueing address 451712
[1;33m[1;35m [AddTransaction(RD)] cid: 0 clk: 13208 | READ | addr: 0X6E480[0m
[1;33m[1;35m [AddTransaction(RD)] cid: 1 clk: 13208 | READ | addr: 0X6E4A0[0m
[1;33m[1;36m [AddCommand] cid: 0 clk: 13208 | READ | (address) rank: 1 bankgroup: 1 bank: 1 row: 1 column: 50 addr: 0X6E480[0m
[1;33m[1;36m [AddCommand] cid: 1 clk: 13208 | READ | (address) rank: 1 bankgroup: 1 bank: 1 row: 1 column: 50 addr: 0X6E4A0[0m
[1;33m[1;36m [IssueCommand] cid: 0 clk: 13209 | ACTIVATE | (address) rank: 1 bankgroup: 1 bank: 1 row: 1 column: 50 addr: 0X6E480[0m
[1;33m[1;36m [IssueCommand] cid: 1 clk: 13209 | ACTIVATE | (address) rank: 1 bankgroup: 1 bank: 1 row: 1 column: 50 addr: 0X6E4A0[0m
[1;33m[1;36m [IssueCommand] cid: 0 clk: 13228 | READ | (address) rank: 1 bankgroup: 1 bank: 1 row: 1 column: 50 addr: 0X6E480[0m
[1;33m[1;36m [IssueCommand] cid: 1 clk: 13228 | READ | (address) rank: 1 bankgroup: 1 bank: 1 row: 1 column: 50 addr: 0X6E4A0[0m
[1;33m[1;35m [ReturnDoneRead] cid: 0 clk: 13253 | READ | addr: 0X6E480[0m
[1;33m[1;35m [ReturnDoneRead] cid: 1 clk: 13253 | READ | addr: 0X6E4A0[0m
12418061: system.mem_ctrl: Read to address 451712 complete
12418061: system.mem_ctrl: Access for address 451712
12418061: system.mem_ctrl: Queuing response for address 451712
12426061: system.mem_ctrl: Attempting to send response
12426061: system.mem_ctrl: Have 0 read, 0 write, 0 responses outstanding
12515000: system.mem_ctrl: Enqueueing address 424128
[1;33m[1;35m [AddTransaction(RD)] cid: 2 clk: 13357 | READ | addr: 0X678C0[0m
[1;33m[1;35m [AddTransaction(RD)] cid: 3 clk: 13357 | READ | addr: 0X678E0[0m
[1;33m[1;36m [AddCommand] cid: 2 clk: 13357 | READ | (address) rank: 1 bankgroup: 1 bank: 0 row: 1 column: 60 addr: 0X678C0[0m
[1;33m[1;36m [AddCommand] cid: 3 clk: 13357 | READ | (address) rank: 1 bankgroup: 1 bank: 0 row: 1 column: 60 addr: 0X678E0[0m
[1;33m[1;36m [IssueCommand] cid: 2 clk: 13358 | ACTIVATE | (address) rank: 1 bankgroup: 1 bank: 0 row: 1 column: 60 addr: 0X678C0[0m
[1;33m[1;36m [IssueCommand] cid: 3 clk: 13358 | ACTIVATE | (address) rank: 1 bankgroup: 1 bank: 0 row: 1 column: 60 addr: 0X678E0[0m
[1;33m[1;36m [IssueCommand] cid: 2 clk: 13377 | READ | (address) rank: 1 bankgroup: 1 bank: 0 row: 1 column: 60 addr: 0X678C0[0m
[1;33m[1;36m [IssueCommand] cid: 3 clk: 13377 | READ | (address) rank: 1 bankgroup: 1 bank: 0 row: 1 column: 60 addr: 0X678E0[0m
[1;33m[1;35m [ReturnDoneRead] cid: 2 clk: 13402 | READ | addr: 0X678C0[0m
[1;33m[1;35m [ReturnDoneRead] cid: 3 clk: 13402 | READ | addr: 0X678E0[0m
12557674: system.mem_ctrl: Read to address 424128 complete
12557674: system.mem_ctrl: Access for address 424128
12557674: system.mem_ctrl: Queuing response for address 424128
12565674: system.mem_ctrl: Attempting to send response
12565674: system.mem_ctrl: Have 0 read, 0 write, 0 responses outstanding
12622000: system.mem_ctrl: Enqueueing address 418688
[1;33m[1;35m [AddTransaction(RD)] cid: 0 clk: 13471 | READ | addr: 0X66380[0m
[1;33m[1;35m [AddTransaction(RD)] cid: 1 clk: 13471 | READ | addr: 0X663A0[0m
[1;33m[1;36m [AddCommand] cid: 0 clk: 13471 | READ | (address) rank: 1 bankgroup: 3 bank: 0 row: 1 column: 49 addr: 0X66380[0m
[1;33m[1;36m [AddCommand] cid: 1 clk: 13471 | READ | (address) rank: 1 bankgroup: 3 bank: 0 row: 1 column: 49 addr: 0X663A0[0m
[1;33m[1;36m [IssueCommand] cid: 0 clk: 13472 | READ | (address) rank: 1 bankgroup: 3 bank: 0 row: 1 column: 49 addr: 0X66380[0m
[1;33m[1;36m [IssueCommand] cid: 1 clk: 13472 | READ | (address) rank: 1 bankgroup: 3 bank: 0 row: 1 column: 49 addr: 0X663A0[0m
[1;33m[1;35m [ReturnDoneRead] cid: 0 clk: 13497 | READ | addr: 0X66380[0m
[1;33m[1;35m [ReturnDoneRead] cid: 1 clk: 13497 | READ | addr: 0X663A0[0m
12646689: system.mem_ctrl: Read to address 418688 complete
12646689: system.mem_ctrl: Access for address 418688
12646689: system.mem_ctrl: Queuing response for address 418688
12654689: system.mem_ctrl: Attempting to send response
12654689: system.mem_ctrl: Have 0 read, 0 write, 0 responses outstanding
12729000: system.mem_ctrl: Enqueueing address 3072
[1;33m[1;35m [AddTransaction(RD)] cid: 0 clk: 13585 | READ | addr: 0XC00[0m
[1;33m[1;35m [AddTransaction(RD)] cid: 1 clk: 13585 | READ | addr: 0XC20[0m
[1;33m[1;36m [AddCommand] cid: 0 clk: 13585 | READ | (address) rank: 0 bankgroup: 0 bank: 0 row: 0 column: 6 addr: 0XC00[0m
[1;33m[1;36m [AddCommand] cid: 1 clk: 13585 | READ | (address) rank: 0 bankgroup: 0 bank: 0 row: 0 column: 6 addr: 0XC20[0m
[1;33m[1;36m [IssueCommand] cid: 0 clk: 13586 | ACTIVATE | (address) rank: 0 bankgroup: 0 bank: 0 row: 0 column: 6 addr: 0XC00[0m
[1;33m[1;36m [IssueCommand] cid: 1 clk: 13586 | ACTIVATE | (address) rank: 0 bankgroup: 0 bank: 0 row: 0 column: 6 addr: 0XC20[0m
[1;33m[1;36m [IssueCommand] cid: 0 clk: 13605 | READ | (address) rank: 0 bankgroup: 0 bank: 0 row: 0 column: 6 addr: 0XC00[0m
[1;33m[1;36m [IssueCommand] cid: 1 clk: 13605 | READ | (address) rank: 0 bankgroup: 0 bank: 0 row: 0 column: 6 addr: 0XC20[0m
[1;33m[1;35m [ReturnDoneRead] cid: 0 clk: 13630 | READ | addr: 0XC00[0m
[1;33m[1;35m [ReturnDoneRead] cid: 1 clk: 13630 | READ | addr: 0XC20[0m
12771310: system.mem_ctrl: Read to address 3072 complete
12771310: system.mem_ctrl: Access for address 3072
12771310: system.mem_ctrl: Queuing response for address 3072
12779310: system.mem_ctrl: Attempting to send response
12779310: system.mem_ctrl: Have 0 read, 0 write, 0 responses outstanding
12834000: system.mem_ctrl: Enqueueing address 425152
[1;33m[1;35m [AddTransaction(RD)] cid: 2 clk: 13697 | READ | addr: 0X67CC0[0m
[1;33m[1;35m [AddTransaction(RD)] cid: 3 clk: 13697 | READ | addr: 0X67CE0[0m
[1;33m[1;36m [AddCommand] cid: 2 clk: 13697 | READ | (address) rank: 1 bankgroup: 1 bank: 0 row: 1 column: 62 addr: 0X67CC0[0m
[1;33m[1;36m [AddCommand] cid: 3 clk: 13697 | READ | (address) rank: 1 bankgroup: 1 bank: 0 row: 1 column: 62 addr: 0X67CE0[0m
[1;33m[1;36m [IssueCommand] cid: 2 clk: 13698 | READ | (address) rank: 1 bankgroup: 1 bank: 0 row: 1 column: 62 addr: 0X67CC0[0m
[1;33m[1;36m [IssueCommand] cid: 3 clk: 13698 | READ | (address) rank: 1 bankgroup: 1 bank: 0 row: 1 column: 62 addr: 0X67CE0[0m
[1;33m[1;35m [ReturnDoneRead] cid: 2 clk: 13723 | READ | addr: 0X67CC0[0m
[1;33m[1;35m [ReturnDoneRead] cid: 3 clk: 13723 | READ | addr: 0X67CE0[0m
12858451: system.mem_ctrl: Read to address 425152 complete
12858451: system.mem_ctrl: Access for address 425152
12858451: system.mem_ctrl: Queuing response for address 425152
12866451: system.mem_ctrl: Attempting to send response
12866451: system.mem_ctrl: Have 0 read, 0 write, 0 responses outstanding
13023000: system.mem_ctrl: Enqueueing address 2176
[1;33m[1;35m [AddTransaction(RD)] cid: 0 clk: 13899 | READ | addr: 0X880[0m
[1;33m[1;35m [AddTransaction(RD)] cid: 1 clk: 13899 | READ | addr: 0X8A0[0m
[1;33m[1;36m [AddCommand] cid: 0 clk: 13899 | READ | (address) rank: 0 bankgroup: 1 bank: 0 row: 0 column: 4 addr: 0X880[0m
[1;33m[1;36m [AddCommand] cid: 1 clk: 13899 | READ | (address) rank: 0 bankgroup: 1 bank: 0 row: 0 column: 4 addr: 0X8A0[0m
[1;33m[1;36m [IssueCommand] cid: 0 clk: 13900 | PRECHARGE | (address) rank: 0 bankgroup: 1 bank: 0 row: 0 column: 4 addr: 0X880[0m
[1;33m[1;36m [IssueCommand] cid: 1 clk: 13900 | PRECHARGE | (address) rank: 0 bankgroup: 1 bank: 0 row: 0 column: 4 addr: 0X8A0[0m
[1;33m[1;36m [IssueCommand] cid: 0 clk: 13919 | ACTIVATE | (address) rank: 0 bankgroup: 1 bank: 0 row: 0 column: 4 addr: 0X880[0m
[1;33m[1;36m [IssueCommand] cid: 1 clk: 13919 | ACTIVATE | (address) rank: 0 bankgroup: 1 bank: 0 row: 0 column: 4 addr: 0X8A0[0m
[1;33m[1;36m [IssueCommand] cid: 0 clk: 13938 | READ | (address) rank: 0 bankgroup: 1 bank: 0 row: 0 column: 4 addr: 0X880[0m
[1;33m[1;36m [IssueCommand] cid: 1 clk: 13938 | READ | (address) rank: 0 bankgroup: 1 bank: 0 row: 0 column: 4 addr: 0X8A0[0m
[1;33m[1;35m [ReturnDoneRead] cid: 0 clk: 13963 | READ | addr: 0X880[0m
[1;33m[1;35m [ReturnDoneRead] cid: 1 clk: 13963 | READ | addr: 0X8A0[0m
13083331: system.mem_ctrl: Read to address 2176 complete
13083331: system.mem_ctrl: Access for address 2176
13083331: system.mem_ctrl: Queuing response for address 2176
13091331: system.mem_ctrl: Attempting to send response
13091331: system.mem_ctrl: Have 0 read, 0 write, 0 responses outstanding
13200000: system.mem_ctrl: Enqueueing address 409216
[1;33m[1;35m [AddTransaction(RD)] cid: 0 clk: 14088 | READ | addr: 0X63E80[0m
[1;33m[1;35m [AddTransaction(RD)] cid: 1 clk: 14088 | READ | addr: 0X63EA0[0m
[1;33m[1;36m [AddCommand] cid: 0 clk: 14088 | READ | (address) rank: 1 bankgroup: 1 bank: 0 row: 1 column: 31 addr: 0X63E80[0m
[1;33m[1;36m [AddCommand] cid: 1 clk: 14088 | READ | (address) rank: 1 bankgroup: 1 bank: 0 row: 1 column: 31 addr: 0X63EA0[0m
[1;33m[1;36m [IssueCommand] cid: 0 clk: 14089 | ACTIVATE | (address) rank: 1 bankgroup: 1 bank: 0 row: 1 column: 31 addr: 0X63E80[0m
[1;33m[1;36m [IssueCommand] cid: 1 clk: 14089 | ACTIVATE | (address) rank: 1 bankgroup: 1 bank: 0 row: 1 column: 31 addr: 0X63EA0[0m
[1;33m[1;36m [IssueCommand] cid: 0 clk: 14108 | READ | (address) rank: 1 bankgroup: 1 bank: 0 row: 1 column: 31 addr: 0X63E80[0m
[1;33m[1;36m [IssueCommand] cid: 1 clk: 14108 | READ | (address) rank: 1 bankgroup: 1 bank: 0 row: 1 column: 31 addr: 0X63EA0[0m
[1;33m[1;35m [ReturnDoneRead] cid: 0 clk: 14133 | READ | addr: 0X63E80[0m
[1;33m[1;35m [ReturnDoneRead] cid: 1 clk: 14133 | READ | addr: 0X63EA0[0m
13242621: system.mem_ctrl: Read to address 409216 complete
13242621: system.mem_ctrl: Access for address 409216
13242621: system.mem_ctrl: Queuing response for address 409216
13250621: system.mem_ctrl: Attempting to send response
13250621: system.mem_ctrl: Have 0 read, 0 write, 0 responses outstanding
13301000: system.mem_ctrl: Enqueueing address 2240
[1;33m[1;35m [AddTransaction(RD)] cid: 2 clk: 14196 | READ | addr: 0X8C0[0m
[1;33m[1;35m [AddTransaction(RD)] cid: 3 clk: 14196 | READ | addr: 0X8E0[0m
[1;33m[1;36m [AddCommand] cid: 2 clk: 14196 | READ | (address) rank: 0 bankgroup: 1 bank: 0 row: 0 column: 4 addr: 0X8C0[0m
[1;33m[1;36m [AddCommand] cid: 3 clk: 14196 | READ | (address) rank: 0 bankgroup: 1 bank: 0 row: 0 column: 4 addr: 0X8E0[0m
[1;33m[1;36m [IssueCommand] cid: 2 clk: 14197 | ACTIVATE | (address) rank: 0 bankgroup: 1 bank: 0 row: 0 column: 4 addr: 0X8C0[0m
[1;33m[1;36m [IssueCommand] cid: 3 clk: 14197 | ACTIVATE | (address) rank: 0 bankgroup: 1 bank: 0 row: 0 column: 4 addr: 0X8E0[0m
[1;33m[1;36m [IssueCommand] cid: 2 clk: 14216 | READ | (address) rank: 0 bankgroup: 1 bank: 0 row: 0 column: 4 addr: 0X8C0[0m
[1;33m[1;36m [IssueCommand] cid: 3 clk: 14216 | READ | (address) rank: 0 bankgroup: 1 bank: 0 row: 0 column: 4 addr: 0X8E0[0m
[1;33m[1;35m [ReturnDoneRead] cid: 2 clk: 14241 | READ | addr: 0X8C0[0m
[1;33m[1;35m [ReturnDoneRead] cid: 3 clk: 14241 | READ | addr: 0X8E0[0m
13343817: system.mem_ctrl: Read to address 2240 complete
13343817: system.mem_ctrl: Access for address 2240
13343817: system.mem_ctrl: Queuing response for address 2240
13351817: system.mem_ctrl: Attempting to send response
13351817: system.mem_ctrl: Have 0 read, 0 write, 0 responses outstanding
13400000: system.mem_ctrl: Enqueueing address 86976
[1;33m[1;35m [AddTransaction(RD)] cid: 2 clk: 14301 | READ | addr: 0X153C0[0m
[1;33m[1;35m [AddTransaction(RD)] cid: 3 clk: 14301 | READ | addr: 0X153E0[0m
[1;33m[1;36m [AddCommand] cid: 2 clk: 14301 | READ | (address) rank: 0 bankgroup: 3 bank: 2 row: 0 column: 41 addr: 0X153C0[0m
[1;33m[1;36m [AddCommand] cid: 3 clk: 14301 | READ | (address) rank: 0 bankgroup: 3 bank: 2 row: 0 column: 41 addr: 0X153E0[0m
[1;33m[1;36m [IssueCommand] cid: 2 clk: 14302 | READ | (address) rank: 0 bankgroup: 3 bank: 2 row: 0 column: 41 addr: 0X153C0[0m
[1;33m[1;36m [IssueCommand] cid: 3 clk: 14302 | READ | (address) rank: 0 bankgroup: 3 bank: 2 row: 0 column: 41 addr: 0X153E0[0m
[1;33m[1;35m [ReturnDoneRead] cid: 2 clk: 14327 | READ | addr: 0X153C0[0m
[1;33m[1;35m [ReturnDoneRead] cid: 3 clk: 14327 | READ | addr: 0X153E0[0m
13424399: system.mem_ctrl: Read to address 86976 complete
13424399: system.mem_ctrl: Access for address 86976
13424399: system.mem_ctrl: Queuing response for address 86976
13432399: system.mem_ctrl: Attempting to send response
13432399: system.mem_ctrl: Have 0 read, 0 write, 0 responses outstanding
13491000: system.mem_ctrl: Enqueueing address 87040
[1;33m[1;35m [AddTransaction(RD)] cid: 0 clk: 14399 | READ | addr: 0X15400[0m
[1;33m[1;35m [AddTransaction(RD)] cid: 1 clk: 14399 | READ | addr: 0X15420[0m
[1;33m[1;36m [AddCommand] cid: 0 clk: 14399 | READ | (address) rank: 0 bankgroup: 0 bank: 2 row: 0 column: 42 addr: 0X15400[0m
[1;33m[1;36m [AddCommand] cid: 1 clk: 14399 | READ | (address) rank: 0 bankgroup: 0 bank: 2 row: 0 column: 42 addr: 0X15420[0m
[1;33m[1;36m [IssueCommand] cid: 0 clk: 14400 | READ | (address) rank: 0 bankgroup: 0 bank: 2 row: 0 column: 42 addr: 0X15400[0m
[1;33m[1;36m [IssueCommand] cid: 1 clk: 14400 | READ | (address) rank: 0 bankgroup: 0 bank: 2 row: 0 column: 42 addr: 0X15420[0m
[1;33m[1;35m [ReturnDoneRead] cid: 0 clk: 14425 | READ | addr: 0X15400[0m
[1;33m[1;35m [ReturnDoneRead] cid: 1 clk: 14425 | READ | addr: 0X15420[0m
13516225: system.mem_ctrl: Read to address 87040 complete
13516225: system.mem_ctrl: Access for address 87040
13516225: system.mem_ctrl: Queuing response for address 87040
13524225: system.mem_ctrl: Attempting to send response
13524225: system.mem_ctrl: Have 0 read, 0 write, 0 responses outstanding
13581000: system.mem_ctrl: Enqueueing address 178560
[1;33m[1;35m [AddTransaction(RD)] cid: 0 clk: 14495 | READ | addr: 0X2B980[0m
[1;33m[1;35m [AddTransaction(RD)] cid: 1 clk: 14495 | READ | addr: 0X2B9A0[0m
[1;33m[1;36m [AddCommand] cid: 0 clk: 14495 | READ | (address) rank: 1 bankgroup: 3 bank: 1 row: 0 column: 28 addr: 0X2B980[0m
[1;33m[1;36m [AddCommand] cid: 1 clk: 14495 | READ | (address) rank: 1 bankgroup: 3 bank: 1 row: 0 column: 28 addr: 0X2B9A0[0m
[1;33m[1;36m [IssueCommand] cid: 0 clk: 14496 | PRECHARGE | (address) rank: 1 bankgroup: 3 bank: 1 row: 0 column: 28 addr: 0X2B980[0m
[1;33m[1;36m [IssueCommand] cid: 1 clk: 14496 | PRECHARGE | (address) rank: 1 bankgroup: 3 bank: 1 row: 0 column: 28 addr: 0X2B9A0[0m
[1;33m[1;36m [IssueCommand] cid: 0 clk: 14515 | ACTIVATE | (address) rank: 1 bankgroup: 3 bank: 1 row: 0 column: 28 addr: 0X2B980[0m
[1;33m[1;36m [IssueCommand] cid: 1 clk: 14515 | ACTIVATE | (address) rank: 1 bankgroup: 3 bank: 1 row: 0 column: 28 addr: 0X2B9A0[0m
[1;33m[1;36m [IssueCommand] cid: 0 clk: 14534 | READ | (address) rank: 1 bankgroup: 3 bank: 1 row: 0 column: 28 addr: 0X2B980[0m
[1;33m[1;36m [IssueCommand] cid: 1 clk: 14534 | READ | (address) rank: 1 bankgroup: 3 bank: 1 row: 0 column: 28 addr: 0X2B9A0[0m
[1;33m[1;35m [ReturnDoneRead] cid: 0 clk: 14559 | READ | addr: 0X2B980[0m
[1;33m[1;35m [ReturnDoneRead] cid: 1 clk: 14559 | READ | addr: 0X2B9A0[0m
13641783: system.mem_ctrl: Read to address 178560 complete
13641783: system.mem_ctrl: Access for address 178560
13641783: system.mem_ctrl: Queuing response for address 178560
13649783: system.mem_ctrl: Attempting to send response
13649783: system.mem_ctrl: Have 0 read, 0 write, 0 responses outstanding
[1;33m[1;36m [IssueCommand] cid: 0 clk: 14581 | PRECHARGE | (address) rank: 0 bankgroup: 0 bank: 0 row: -1 column: -1 addr: 0XFFFFFFFFFFFFFFFF[0m
[1;33m[1;36m [IssueCommand] cid: 1 clk: 14581 | PRECHARGE | (address) rank: 0 bankgroup: 0 bank: 0 row: -1 column: -1 addr: 0XFFFFFFFFFFFFFFFF[0m
[1;33m[1;36m [IssueCommand] cid: 2 clk: 14581 | PRECHARGE | (address) rank: 0 bankgroup: 1 bank: 0 row: -1 column: -1 addr: 0XFFFFFFFFFFFFFFFF[0m
[1;33m[1;36m [IssueCommand] cid: 3 clk: 14581 | PRECHARGE | (address) rank: 0 bankgroup: 1 bank: 0 row: -1 column: -1 addr: 0XFFFFFFFFFFFFFFFF[0m
[1;33m[1;36m [IssueCommand] cid: 0 clk: 14582 | PRECHARGE | (address) rank: 0 bankgroup: 0 bank: 2 row: -1 column: -1 addr: 0XFFFFFFFFFFFFFFFF[0m
[1;33m[1;36m [IssueCommand] cid: 1 clk: 14582 | PRECHARGE | (address) rank: 0 bankgroup: 0 bank: 2 row: -1 column: -1 addr: 0XFFFFFFFFFFFFFFFF[0m
[1;33m[1;36m [IssueCommand] cid: 2 clk: 14582 | PRECHARGE | (address) rank: 0 bankgroup: 1 bank: 2 row: -1 column: -1 addr: 0XFFFFFFFFFFFFFFFF[0m
[1;33m[1;36m [IssueCommand] cid: 3 clk: 14582 | PRECHARGE | (address) rank: 0 bankgroup: 1 bank: 2 row: -1 column: -1 addr: 0XFFFFFFFFFFFFFFFF[0m
[1;33m[1;36m [IssueCommand] cid: 0 clk: 14583 | PRECHARGE | (address) rank: 0 bankgroup: 1 bank: 0 row: -1 column: -1 addr: 0XFFFFFFFFFFFFFFFF[0m
[1;33m[1;36m [IssueCommand] cid: 1 clk: 14583 | PRECHARGE | (address) rank: 0 bankgroup: 1 bank: 0 row: -1 column: -1 addr: 0XFFFFFFFFFFFFFFFF[0m
[1;33m[1;36m [IssueCommand] cid: 2 clk: 14583 | PRECHARGE | (address) rank: 0 bankgroup: 3 bank: 0 row: -1 column: -1 addr: 0XFFFFFFFFFFFFFFFF[0m
[1;33m[1;36m [IssueCommand] cid: 3 clk: 14583 | PRECHARGE | (address) rank: 0 bankgroup: 3 bank: 0 row: -1 column: -1 addr: 0XFFFFFFFFFFFFFFFF[0m
[1;33m[1;36m [IssueCommand] cid: 0 clk: 14584 | PRECHARGE | (address) rank: 0 bankgroup: 1 bank: 2 row: -1 column: -1 addr: 0XFFFFFFFFFFFFFFFF[0m
[1;33m[1;36m [IssueCommand] cid: 1 clk: 14584 | PRECHARGE | (address) rank: 0 bankgroup: 1 bank: 2 row: -1 column: -1 addr: 0XFFFFFFFFFFFFFFFF[0m
[1;33m[1;36m [IssueCommand] cid: 2 clk: 14584 | PRECHARGE | (address) rank: 0 bankgroup: 3 bank: 2 row: -1 column: -1 addr: 0XFFFFFFFFFFFFFFFF[0m
[1;33m[1;36m [IssueCommand] cid: 3 clk: 14584 | PRECHARGE | (address) rank: 0 bankgroup: 3 bank: 2 row: -1 column: -1 addr: 0XFFFFFFFFFFFFFFFF[0m
[1;33m[1;36m [IssueCommand] cid: 0 clk: 14585 | PRECHARGE | (address) rank: 0 bankgroup: 2 bank: 2 row: -1 column: -1 addr: 0XFFFFFFFFFFFFFFFF[0m
[1;33m[1;36m [IssueCommand] cid: 1 clk: 14585 | PRECHARGE | (address) rank: 0 bankgroup: 2 bank: 2 row: -1 column: -1 addr: 0XFFFFFFFFFFFFFFFF[0m
[1;33m[1;36m [IssueCommand] cid: 2 clk: 14603 | REFRESH | (address) rank: 0 bankgroup: -1 bank: -1 row: -1 column: -1 addr: 0XFFFFFFFFFFFFFFFF[0m
[1;33m[1;36m [IssueCommand] cid: 3 clk: 14603 | REFRESH | (address) rank: 0 bankgroup: -1 bank: -1 row: -1 column: -1 addr: 0XFFFFFFFFFFFFFFFF[0m
[1;33m[1;36m [IssueCommand] cid: 0 clk: 14604 | REFRESH | (address) rank: 0 bankgroup: -1 bank: -1 row: -1 column: -1 addr: 0XFFFFFFFFFFFFFFFF[0m
[1;33m[1;36m [IssueCommand] cid: 1 clk: 14604 | REFRESH | (address) rank: 0 bankgroup: -1 bank: -1 row: -1 column: -1 addr: 0XFFFFFFFFFFFFFFFF[0m
13698000: system.mem_ctrl: Enqueueing address 178624
[1;33m[1;35m [AddTransaction(RD)] cid: 2 clk: 14619 | READ | addr: 0X2B9C0[0m
[1;33m[1;35m [AddTransaction(RD)] cid: 3 clk: 14619 | READ | addr: 0X2B9E0[0m
[1;33m[1;36m [AddCommand] cid: 2 clk: 14619 | READ | (address) rank: 1 bankgroup: 3 bank: 1 row: 0 column: 28 addr: 0X2B9C0[0m
[1;33m[1;36m [AddCommand] cid: 3 clk: 14619 | READ | (address) rank: 1 bankgroup: 3 bank: 1 row: 0 column: 28 addr: 0X2B9E0[0m
[1;33m[1;36m [IssueCommand] cid: 2 clk: 14620 | ACTIVATE | (address) rank: 1 bankgroup: 3 bank: 1 row: 0 column: 28 addr: 0X2B9C0[0m
[1;33m[1;36m [IssueCommand] cid: 3 clk: 14620 | ACTIVATE | (address) rank: 1 bankgroup: 3 bank: 1 row: 0 column: 28 addr: 0X2B9E0[0m
[1;33m[1;36m [IssueCommand] cid: 2 clk: 14639 | READ | (address) rank: 1 bankgroup: 3 bank: 1 row: 0 column: 28 addr: 0X2B9C0[0m
[1;33m[1;36m [IssueCommand] cid: 3 clk: 14639 | READ | (address) rank: 1 bankgroup: 3 bank: 1 row: 0 column: 28 addr: 0X2B9E0[0m
[1;33m[1;35m [ReturnDoneRead] cid: 2 clk: 14664 | READ | addr: 0X2B9C0[0m
[1;33m[1;35m [ReturnDoneRead] cid: 3 clk: 14664 | READ | addr: 0X2B9E0[0m
13740168: system.mem_ctrl: Read to address 178624 complete
13740168: system.mem_ctrl: Access for address 178624
13740168: system.mem_ctrl: Queuing response for address 178624
13748168: system.mem_ctrl: Attempting to send response
13748168: system.mem_ctrl: Have 0 read, 0 write, 0 responses outstanding
13823000: system.mem_ctrl: Enqueueing address 449856
[1;33m[1;35m [AddTransaction(RD)] cid: 2 clk: 14753 | READ | addr: 0X6DD40[0m
[1;33m[1;35m [AddTransaction(RD)] cid: 3 clk: 14753 | READ | addr: 0X6DD60[0m
[1;33m[1;36m [AddCommand] cid: 2 clk: 14753 | READ | (address) rank: 1 bankgroup: 2 bank: 1 row: 1 column: 46 addr: 0X6DD40[0m
[1;33m[1;36m [AddCommand] cid: 3 clk: 14753 | READ | (address) rank: 1 bankgroup: 2 bank: 1 row: 1 column: 46 addr: 0X6DD60[0m
[1;33m[1;36m [IssueCommand] cid: 2 clk: 14754 | READ | (address) rank: 1 bankgroup: 2 bank: 1 row: 1 column: 46 addr: 0X6DD40[0m
[1;33m[1;36m [IssueCommand] cid: 3 clk: 14754 | READ | (address) rank: 1 bankgroup: 2 bank: 1 row: 1 column: 46 addr: 0X6DD60[0m
[1;33m[1;35m [ReturnDoneRead] cid: 2 clk: 14779 | READ | addr: 0X6DD40[0m
[1;33m[1;35m [ReturnDoneRead] cid: 3 clk: 14779 | READ | addr: 0X6DD60[0m
13847923: system.mem_ctrl: Read to address 449856 complete
13847923: system.mem_ctrl: Access for address 449856
13847923: system.mem_ctrl: Queuing response for address 449856
13855923: system.mem_ctrl: Attempting to send response
13855923: system.mem_ctrl: Have 0 read, 0 write, 0 responses outstanding
13930000: system.mem_ctrl: Enqueueing address 87104
[1;33m[1;35m [AddTransaction(RD)] cid: 2 clk: 14867 | READ | addr: 0X15440[0m
[1;33m[1;35m [AddTransaction(RD)] cid: 3 clk: 14867 | READ | addr: 0X15460[0m
[1;33m[1;36m [AddCommand] cid: 2 clk: 14867 | READ | (address) rank: 0 bankgroup: 0 bank: 2 row: 0 column: 42 addr: 0X15440[0m
[1;33m[1;36m [AddCommand] cid: 3 clk: 14867 | READ | (address) rank: 0 bankgroup: 0 bank: 2 row: 0 column: 42 addr: 0X15460[0m
[1;33m[1;36m [IssueCommand] cid: 2 clk: 14902 | ACTIVATE | (address) rank: 0 bankgroup: 0 bank: 2 row: 0 column: 42 addr: 0X15440[0m
[1;33m[1;36m [IssueCommand] cid: 3 clk: 14902 | ACTIVATE | (address) rank: 0 bankgroup: 0 bank: 2 row: 0 column: 42 addr: 0X15460[0m
[1;33m[1;36m [IssueCommand] cid: 2 clk: 14921 | READ | (address) rank: 0 bankgroup: 0 bank: 2 row: 0 column: 42 addr: 0X15440[0m
[1;33m[1;36m [IssueCommand] cid: 3 clk: 14921 | READ | (address) rank: 0 bankgroup: 0 bank: 2 row: 0 column: 42 addr: 0X15460[0m
[1;33m[1;35m [ReturnDoneRead] cid: 2 clk: 14946 | READ | addr: 0X15440[0m
[1;33m[1;35m [ReturnDoneRead] cid: 3 clk: 14946 | READ | addr: 0X15460[0m
14004402: system.mem_ctrl: Read to address 87104 complete
14004402: system.mem_ctrl: Access for address 87104
14004402: system.mem_ctrl: Queuing response for address 87104
14012402: system.mem_ctrl: Attempting to send response
14012402: system.mem_ctrl: Have 0 read, 0 write, 0 responses outstanding
14173000: system.mem_ctrl: Enqueueing address 87168
[1;33m[1;35m [AddTransaction(RD)] cid: 0 clk: 15126 | READ | addr: 0X15480[0m
[1;33m[1;35m [AddTransaction(RD)] cid: 1 clk: 15126 | READ | addr: 0X154A0[0m
[1;33m[1;36m [AddCommand] cid: 0 clk: 15126 | READ | (address) rank: 0 bankgroup: 1 bank: 2 row: 0 column: 42 addr: 0X15480[0m
[1;33m[1;36m [AddCommand] cid: 1 clk: 15126 | READ | (address) rank: 0 bankgroup: 1 bank: 2 row: 0 column: 42 addr: 0X154A0[0m
[1;33m[1;36m [IssueCommand] cid: 0 clk: 15127 | ACTIVATE | (address) rank: 0 bankgroup: 1 bank: 2 row: 0 column: 42 addr: 0X15480[0m
[1;33m[1;36m [IssueCommand] cid: 1 clk: 15127 | ACTIVATE | (address) rank: 0 bankgroup: 1 bank: 2 row: 0 column: 42 addr: 0X154A0[0m
[1;33m[1;36m [IssueCommand] cid: 0 clk: 15146 | READ | (address) rank: 0 bankgroup: 1 bank: 2 row: 0 column: 42 addr: 0X15480[0m
[1;33m[1;36m [IssueCommand] cid: 1 clk: 15146 | READ | (address) rank: 0 bankgroup: 1 bank: 2 row: 0 column: 42 addr: 0X154A0[0m
[1;33m[1;35m [ReturnDoneRead] cid: 0 clk: 15171 | READ | addr: 0X15480[0m
[1;33m[1;35m [ReturnDoneRead] cid: 1 clk: 15171 | READ | addr: 0X154A0[0m
14215227: system.mem_ctrl: Read to address 87168 complete
14215227: system.mem_ctrl: Access for address 87168
14215227: system.mem_ctrl: Queuing response for address 87168
14223227: system.mem_ctrl: Attempting to send response
14223227: system.mem_ctrl: Have 0 read, 0 write, 0 responses outstanding
14312000: system.mem_ctrl: Enqueueing address 443392
[1;33m[1;35m [AddTransaction(RD)] cid: 0 clk: 15275 | READ | addr: 0X6C400[0m
[1;33m[1;35m [AddTransaction(RD)] cid: 1 clk: 15275 | READ | addr: 0X6C420[0m
[1;33m[1;36m [AddCommand] cid: 0 clk: 15275 | READ | (address) rank: 1 bankgroup: 0 bank: 1 row: 1 column: 34 addr: 0X6C400[0m
[1;33m[1;36m [AddCommand] cid: 1 clk: 15275 | READ | (address) rank: 1 bankgroup: 0 bank: 1 row: 1 column: 34 addr: 0X6C420[0m
[1;33m[1;36m [IssueCommand] cid: 0 clk: 15276 | ACTIVATE | (address) rank: 1 bankgroup: 0 bank: 1 row: 1 column: 34 addr: 0X6C400[0m
[1;33m[1;36m [IssueCommand] cid: 1 clk: 15276 | ACTIVATE | (address) rank: 1 bankgroup: 0 bank: 1 row: 1 column: 34 addr: 0X6C420[0m
[1;33m[1;36m [IssueCommand] cid: 0 clk: 15295 | READ | (address) rank: 1 bankgroup: 0 bank: 1 row: 1 column: 34 addr: 0X6C400[0m
[1;33m[1;36m [IssueCommand] cid: 1 clk: 15295 | READ | (address) rank: 1 bankgroup: 0 bank: 1 row: 1 column: 34 addr: 0X6C420[0m
[1;33m[1;35m [ReturnDoneRead] cid: 0 clk: 15320 | READ | addr: 0X6C400[0m
[1;33m[1;35m [ReturnDoneRead] cid: 1 clk: 15320 | READ | addr: 0X6C420[0m
14354840: system.mem_ctrl: Read to address 443392 complete
14354840: system.mem_ctrl: Access for address 443392
14354840: system.mem_ctrl: Queuing response for address 443392
14362840: system.mem_ctrl: Attempting to send response
14362840: system.mem_ctrl: Have 0 read, 0 write, 0 responses outstanding
14439000: system.mem_ctrl: Enqueueing address 422272
[1;33m[1;35m [AddTransaction(RD)] cid: 0 clk: 15410 | READ | addr: 0X67180[0m
[1;33m[1;35m [AddTransaction(RD)] cid: 1 clk: 15410 | READ | addr: 0X671A0[0m
[1;33m[1;36m [AddCommand] cid: 0 clk: 15410 | READ | (address) rank: 1 bankgroup: 3 bank: 0 row: 1 column: 56 addr: 0X67180[0m
[1;33m[1;36m [AddCommand] cid: 1 clk: 15410 | READ | (address) rank: 1 bankgroup: 3 bank: 0 row: 1 column: 56 addr: 0X671A0[0m
[1;33m[1;36m [IssueCommand] cid: 0 clk: 15411 | READ | (address) rank: 1 bankgroup: 3 bank: 0 row: 1 column: 56 addr: 0X67180[0m
[1;33m[1;36m [IssueCommand] cid: 1 clk: 15411 | READ | (address) rank: 1 bankgroup: 3 bank: 0 row: 1 column: 56 addr: 0X671A0[0m
[1;33m[1;35m [ReturnDoneRead] cid: 0 clk: 15436 | READ | addr: 0X67180[0m
[1;33m[1;35m [ReturnDoneRead] cid: 1 clk: 15436 | READ | addr: 0X671A0[0m
14463532: system.mem_ctrl: Read to address 422272 complete
14463532: system.mem_ctrl: Access for address 422272
14463532: system.mem_ctrl: Queuing response for address 422272
14471532: system.mem_ctrl: Attempting to send response
14471532: system.mem_ctrl: Have 0 read, 0 write, 0 responses outstanding
14532000: system.mem_ctrl: Enqueueing address 450496
[1;33m[1;35m [AddTransaction(RD)] cid: 2 clk: 15510 | READ | addr: 0X6DFC0[0m
[1;33m[1;35m [AddTransaction(RD)] cid: 3 clk: 15510 | READ | addr: 0X6DFE0[0m
[1;33m[1;36m [AddCommand] cid: 2 clk: 15510 | READ | (address) rank: 1 bankgroup: 3 bank: 1 row: 1 column: 47 addr: 0X6DFC0[0m
[1;33m[1;36m [AddCommand] cid: 3 clk: 15510 | READ | (address) rank: 1 bankgroup: 3 bank: 1 row: 1 column: 47 addr: 0X6DFE0[0m
[1;33m[1;36m [IssueCommand] cid: 2 clk: 15511 | PRECHARGE | (address) rank: 1 bankgroup: 3 bank: 1 row: 1 column: 47 addr: 0X6DFC0[0m
[1;33m[1;36m [IssueCommand] cid: 3 clk: 15511 | PRECHARGE | (address) rank: 1 bankgroup: 3 bank: 1 row: 1 column: 47 addr: 0X6DFE0[0m
[1;33m[1;36m [IssueCommand] cid: 2 clk: 15530 | ACTIVATE | (address) rank: 1 bankgroup: 3 bank: 1 row: 1 column: 47 addr: 0X6DFC0[0m
[1;33m[1;36m [IssueCommand] cid: 3 clk: 15530 | ACTIVATE | (address) rank: 1 bankgroup: 3 bank: 1 row: 1 column: 47 addr: 0X6DFE0[0m
[1;33m[1;36m [IssueCommand] cid: 2 clk: 15549 | READ | (address) rank: 1 bankgroup: 3 bank: 1 row: 1 column: 47 addr: 0X6DFC0[0m
[1;33m[1;36m [IssueCommand] cid: 3 clk: 15549 | READ | (address) rank: 1 bankgroup: 3 bank: 1 row: 1 column: 47 addr: 0X6DFE0[0m
[1;33m[1;35m [ReturnDoneRead] cid: 2 clk: 15574 | READ | addr: 0X6DFC0[0m
[1;33m[1;35m [ReturnDoneRead] cid: 3 clk: 15574 | READ | addr: 0X6DFE0[0m
14592838: system.mem_ctrl: Read to address 450496 complete
14592838: system.mem_ctrl: Access for address 450496
14592838: system.mem_ctrl: Queuing response for address 450496
14600838: system.mem_ctrl: Attempting to send response
14600838: system.mem_ctrl: Have 0 read, 0 write, 0 responses outstanding
14657000: system.mem_ctrl: Enqueueing address 2304
[1;33m[1;35m [AddTransaction(RD)] cid: 0 clk: 15643 | READ | addr: 0X900[0m
[1;33m[1;35m [AddTransaction(RD)] cid: 1 clk: 15643 | READ | addr: 0X920[0m
[1;33m[1;36m [AddCommand] cid: 0 clk: 15643 | READ | (address) rank: 0 bankgroup: 2 bank: 0 row: 0 column: 4 addr: 0X900[0m
[1;33m[1;36m [AddCommand] cid: 1 clk: 15643 | READ | (address) rank: 0 bankgroup: 2 bank: 0 row: 0 column: 4 addr: 0X920[0m
[1;33m[1;36m [IssueCommand] cid: 0 clk: 15644 | ACTIVATE | (address) rank: 0 bankgroup: 2 bank: 0 row: 0 column: 4 addr: 0X900[0m
[1;33m[1;36m [IssueCommand] cid: 1 clk: 15644 | ACTIVATE | (address) rank: 0 bankgroup: 2 bank: 0 row: 0 column: 4 addr: 0X920[0m
[1;33m[1;36m [IssueCommand] cid: 0 clk: 15663 | READ | (address) rank: 0 bankgroup: 2 bank: 0 row: 0 column: 4 addr: 0X900[0m
[1;33m[1;36m [IssueCommand] cid: 1 clk: 15663 | READ | (address) rank: 0 bankgroup: 2 bank: 0 row: 0 column: 4 addr: 0X920[0m
[1;33m[1;35m [ReturnDoneRead] cid: 0 clk: 15688 | READ | addr: 0X900[0m
[1;33m[1;35m [ReturnDoneRead] cid: 1 clk: 15688 | READ | addr: 0X920[0m
14699656: system.mem_ctrl: Read to address 2304 complete
14699656: system.mem_ctrl: Access for address 2304
14699656: system.mem_ctrl: Queuing response for address 2304
14707656: system.mem_ctrl: Attempting to send response
14707656: system.mem_ctrl: Have 0 read, 0 write, 0 responses outstanding
14848000: system.mem_ctrl: Enqueueing address 2368
[1;33m[1;35m [AddTransaction(RD)] cid: 2 clk: 15847 | READ | addr: 0X940[0m
[1;33m[1;35m [AddTransaction(RD)] cid: 3 clk: 15847 | READ | addr: 0X960[0m
[1;33m[1;36m [AddCommand] cid: 2 clk: 15847 | READ | (address) rank: 0 bankgroup: 2 bank: 0 row: 0 column: 4 addr: 0X940[0m
[1;33m[1;36m [AddCommand] cid: 3 clk: 15847 | READ | (address) rank: 0 bankgroup: 2 bank: 0 row: 0 column: 4 addr: 0X960[0m
[1;33m[1;36m [IssueCommand] cid: 2 clk: 15848 | ACTIVATE | (address) rank: 0 bankgroup: 2 bank: 0 row: 0 column: 4 addr: 0X940[0m
[1;33m[1;36m [IssueCommand] cid: 3 clk: 15848 | ACTIVATE | (address) rank: 0 bankgroup: 2 bank: 0 row: 0 column: 4 addr: 0X960[0m
[1;33m[1;36m [IssueCommand] cid: 2 clk: 15867 | READ | (address) rank: 0 bankgroup: 2 bank: 0 row: 0 column: 4 addr: 0X940[0m
[1;33m[1;36m [IssueCommand] cid: 3 clk: 15867 | READ | (address) rank: 0 bankgroup: 2 bank: 0 row: 0 column: 4 addr: 0X960[0m
[1;33m[1;35m [ReturnDoneRead] cid: 2 clk: 15892 | READ | addr: 0X940[0m
[1;33m[1;35m [ReturnDoneRead] cid: 3 clk: 15892 | READ | addr: 0X960[0m
14890804: system.mem_ctrl: Read to address 2368 complete
14890804: system.mem_ctrl: Access for address 2368
14890804: system.mem_ctrl: Queuing response for address 2368
14898804: system.mem_ctrl: Attempting to send response
14898804: system.mem_ctrl: Have 0 read, 0 write, 0 responses outstanding
14951000: system.mem_ctrl: Enqueueing address 87360
[1;33m[1;35m [AddTransaction(RD)] cid: 2 clk: 15957 | READ | addr: 0X15540[0m
[1;33m[1;35m [AddTransaction(RD)] cid: 3 clk: 15957 | READ | addr: 0X15560[0m
[1;33m[1;36m [AddCommand] cid: 2 clk: 15957 | READ | (address) rank: 0 bankgroup: 2 bank: 2 row: 0 column: 42 addr: 0X15540[0m
[1;33m[1;36m [AddCommand] cid: 3 clk: 15957 | READ | (address) rank: 0 bankgroup: 2 bank: 2 row: 0 column: 42 addr: 0X15560[0m
[1;33m[1;36m [IssueCommand] cid: 2 clk: 15958 | ACTIVATE | (address) rank: 0 bankgroup: 2 bank: 2 row: 0 column: 42 addr: 0X15540[0m
[1;33m[1;36m [IssueCommand] cid: 3 clk: 15958 | ACTIVATE | (address) rank: 0 bankgroup: 2 bank: 2 row: 0 column: 42 addr: 0X15560[0m
[1;33m[1;36m [IssueCommand] cid: 2 clk: 15977 | READ | (address) rank: 0 bankgroup: 2 bank: 2 row: 0 column: 42 addr: 0X15540[0m
[1;33m[1;36m [IssueCommand] cid: 3 clk: 15977 | READ | (address) rank: 0 bankgroup: 2 bank: 2 row: 0 column: 42 addr: 0X15560[0m
[1;33m[1;35m [ReturnDoneRead] cid: 2 clk: 16002 | READ | addr: 0X15540[0m
[1;33m[1;35m [ReturnDoneRead] cid: 3 clk: 16002 | READ | addr: 0X15560[0m
14993874: system.mem_ctrl: Read to address 87360 complete
14993874: system.mem_ctrl: Access for address 87360
14993874: system.mem_ctrl: Queuing response for address 87360
15001874: system.mem_ctrl: Attempting to send response
15001874: system.mem_ctrl: Have 0 read, 0 write, 0 responses outstanding
15082000: system.mem_ctrl: Enqueueing address 125504
[1;33m[1;35m [AddTransaction(RD)] cid: 2 clk: 16097 | READ | addr: 0X1EA40[0m
[1;33m[1;35m [AddTransaction(RD)] cid: 3 clk: 16097 | READ | addr: 0X1EA60[0m
[1;33m[1;36m [AddCommand] cid: 2 clk: 16097 | READ | (address) rank: 0 bankgroup: 0 bank: 3 row: 0 column: 53 addr: 0X1EA40[0m
[1;33m[1;36m [AddCommand] cid: 3 clk: 16097 | READ | (address) rank: 0 bankgroup: 0 bank: 3 row: 0 column: 53 addr: 0X1EA60[0m
[1;33m[1;36m [IssueCommand] cid: 2 clk: 16098 | ACTIVATE | (address) rank: 0 bankgroup: 0 bank: 3 row: 0 column: 53 addr: 0X1EA40[0m
[1;33m[1;36m [IssueCommand] cid: 3 clk: 16098 | ACTIVATE | (address) rank: 0 bankgroup: 0 bank: 3 row: 0 column: 53 addr: 0X1EA60[0m
[1;33m[1;36m [IssueCommand] cid: 2 clk: 16117 | READ | (address) rank: 0 bankgroup: 0 bank: 3 row: 0 column: 53 addr: 0X1EA40[0m
[1;33m[1;36m [IssueCommand] cid: 3 clk: 16117 | READ | (address) rank: 0 bankgroup: 0 bank: 3 row: 0 column: 53 addr: 0X1EA60[0m
[1;33m[1;35m [ReturnDoneRead] cid: 2 clk: 16142 | READ | addr: 0X1EA40[0m
[1;33m[1;35m [ReturnDoneRead] cid: 3 clk: 16142 | READ | addr: 0X1EA60[0m
15125054: system.mem_ctrl: Read to address 125504 complete
15125054: system.mem_ctrl: Access for address 125504
15125054: system.mem_ctrl: Queuing response for address 125504
15133054: system.mem_ctrl: Attempting to send response
15133054: system.mem_ctrl: Have 0 read, 0 write, 0 responses outstanding
15184000: system.mem_ctrl: Enqueueing address 422208
[1;33m[1;35m [AddTransaction(RD)] cid: 2 clk: 16205 | READ | addr: 0X67140[0m
[1;33m[1;35m [AddTransaction(RD)] cid: 3 clk: 16205 | READ | addr: 0X67160[0m
[1;33m[1;36m [AddCommand] cid: 2 clk: 16205 | READ | (address) rank: 1 bankgroup: 2 bank: 0 row: 1 column: 56 addr: 0X67140[0m
[1;33m[1;36m [AddCommand] cid: 3 clk: 16205 | READ | (address) rank: 1 bankgroup: 2 bank: 0 row: 1 column: 56 addr: 0X67160[0m
[1;33m[1;36m [IssueCommand] cid: 2 clk: 16206 | ACTIVATE | (address) rank: 1 bankgroup: 2 bank: 0 row: 1 column: 56 addr: 0X67140[0m
[1;33m[1;36m [IssueCommand] cid: 3 clk: 16206 | ACTIVATE | (address) rank: 1 bankgroup: 2 bank: 0 row: 1 column: 56 addr: 0X67160[0m
[1;33m[1;36m [IssueCommand] cid: 2 clk: 16225 | READ | (address) rank: 1 bankgroup: 2 bank: 0 row: 1 column: 56 addr: 0X67140[0m
[1;33m[1;36m [IssueCommand] cid: 3 clk: 16225 | READ | (address) rank: 1 bankgroup: 2 bank: 0 row: 1 column: 56 addr: 0X67160[0m
[1;33m[1;35m [ReturnDoneRead] cid: 2 clk: 16250 | READ | addr: 0X67140[0m
[1;33m[1;35m [ReturnDoneRead] cid: 3 clk: 16250 | READ | addr: 0X67160[0m
15226250: system.mem_ctrl: Read to address 422208 complete
15226250: system.mem_ctrl: Access for address 422208
15226250: system.mem_ctrl: Queuing response for address 422208
15234250: system.mem_ctrl: Attempting to send response
15234250: system.mem_ctrl: Have 0 read, 0 write, 0 responses outstanding
15293000: system.mem_ctrl: Enqueueing address 421760
[1;33m[1;35m [AddTransaction(RD)] cid: 0 clk: 16322 | READ | addr: 0X66F80[0m
[1;33m[1;35m [AddTransaction(RD)] cid: 1 clk: 16322 | READ | addr: 0X66FA0[0m
[1;33m[1;36m [AddCommand] cid: 0 clk: 16322 | READ | (address) rank: 1 bankgroup: 3 bank: 0 row: 1 column: 55 addr: 0X66F80[0m
[1;33m[1;36m [AddCommand] cid: 1 clk: 16322 | READ | (address) rank: 1 bankgroup: 3 bank: 0 row: 1 column: 55 addr: 0X66FA0[0m
[1;33m[1;36m [IssueCommand] cid: 0 clk: 16323 | READ | (address) rank: 1 bankgroup: 3 bank: 0 row: 1 column: 55 addr: 0X66F80[0m
[1;33m[1;36m [IssueCommand] cid: 1 clk: 16323 | READ | (address) rank: 1 bankgroup: 3 bank: 0 row: 1 column: 55 addr: 0X66FA0[0m
[1;33m[1;35m [ReturnDoneRead] cid: 0 clk: 16348 | READ | addr: 0X66F80[0m
[1;33m[1;35m [ReturnDoneRead] cid: 1 clk: 16348 | READ | addr: 0X66FA0[0m
15318076: system.mem_ctrl: Read to address 421760 complete
15318076: system.mem_ctrl: Access for address 421760
15318076: system.mem_ctrl: Queuing response for address 421760
15326076: system.mem_ctrl: Attempting to send response
15326076: system.mem_ctrl: Have 0 read, 0 write, 0 responses outstanding
15377000: system.mem_ctrl: Enqueueing address 419648
[1;33m[1;35m [AddTransaction(RD)] cid: 2 clk: 16411 | READ | addr: 0X66740[0m
[1;33m[1;35m [AddTransaction(RD)] cid: 3 clk: 16411 | READ | addr: 0X66760[0m
[1;33m[1;36m [AddCommand] cid: 2 clk: 16411 | READ | (address) rank: 1 bankgroup: 2 bank: 0 row: 1 column: 51 addr: 0X66740[0m
[1;33m[1;36m [AddCommand] cid: 3 clk: 16411 | READ | (address) rank: 1 bankgroup: 2 bank: 0 row: 1 column: 51 addr: 0X66760[0m
[1;33m[1;36m [IssueCommand] cid: 2 clk: 16412 | READ | (address) rank: 1 bankgroup: 2 bank: 0 row: 1 column: 51 addr: 0X66740[0m
[1;33m[1;36m [IssueCommand] cid: 3 clk: 16412 | READ | (address) rank: 1 bankgroup: 2 bank: 0 row: 1 column: 51 addr: 0X66760[0m
[1;33m[1;35m [ReturnDoneRead] cid: 2 clk: 16437 | READ | addr: 0X66740[0m
[1;33m[1;35m [ReturnDoneRead] cid: 3 clk: 16437 | READ | addr: 0X66760[0m
15401469: system.mem_ctrl: Read to address 419648 complete
15401469: system.mem_ctrl: Access for address 419648
15401469: system.mem_ctrl: Queuing response for address 419648
15409469: system.mem_ctrl: Attempting to send response
15409469: system.mem_ctrl: Have 0 read, 0 write, 0 responses outstanding
15462000: system.mem_ctrl: Enqueueing address 401024
[1;33m[1;35m [AddTransaction(RD)] cid: 0 clk: 16502 | READ | addr: 0X61E80[0m
[1;33m[1;35m [AddTransaction(RD)] cid: 1 clk: 16502 | READ | addr: 0X61EA0[0m
[1;33m[1;36m [AddCommand] cid: 0 clk: 16502 | READ | (address) rank: 1 bankgroup: 1 bank: 0 row: 1 column: 15 addr: 0X61E80[0m
[1;33m[1;36m [AddCommand] cid: 1 clk: 16502 | READ | (address) rank: 1 bankgroup: 1 bank: 0 row: 1 column: 15 addr: 0X61EA0[0m
[1;33m[1;36m [IssueCommand] cid: 0 clk: 16503 | READ | (address) rank: 1 bankgroup: 1 bank: 0 row: 1 column: 15 addr: 0X61E80[0m
[1;33m[1;36m [IssueCommand] cid: 1 clk: 16503 | READ | (address) rank: 1 bankgroup: 1 bank: 0 row: 1 column: 15 addr: 0X61EA0[0m
[1;33m[1;35m [ReturnDoneRead] cid: 0 clk: 16528 | READ | addr: 0X61E80[0m
[1;33m[1;35m [ReturnDoneRead] cid: 1 clk: 16528 | READ | addr: 0X61EA0[0m
15486736: system.mem_ctrl: Read to address 401024 complete
15486736: system.mem_ctrl: Access for address 401024
15486736: system.mem_ctrl: Queuing response for address 401024
15494736: system.mem_ctrl: Attempting to send response
15494736: system.mem_ctrl: Have 0 read, 0 write, 0 responses outstanding
15565000: system.mem_ctrl: Enqueueing address 452608
[1;33m[1;35m [AddTransaction(RD)] cid: 0 clk: 16612 | READ | addr: 0X6E800[0m
[1;33m[1;35m [AddTransaction(RD)] cid: 1 clk: 16612 | READ | addr: 0X6E820[0m
[1;33m[1;36m [AddCommand] cid: 0 clk: 16612 | READ | (address) rank: 1 bankgroup: 0 bank: 1 row: 1 column: 52 addr: 0X6E800[0m
[1;33m[1;36m [AddCommand] cid: 1 clk: 16612 | READ | (address) rank: 1 bankgroup: 0 bank: 1 row: 1 column: 52 addr: 0X6E820[0m
[1;33m[1;36m [IssueCommand] cid: 0 clk: 16613 | READ | (address) rank: 1 bankgroup: 0 bank: 1 row: 1 column: 52 addr: 0X6E800[0m
[1;33m[1;36m [IssueCommand] cid: 1 clk: 16613 | READ | (address) rank: 1 bankgroup: 0 bank: 1 row: 1 column: 52 addr: 0X6E820[0m
[1;33m[1;35m [ReturnDoneRead] cid: 0 clk: 16638 | READ | addr: 0X6E800[0m
[1;33m[1;35m [ReturnDoneRead] cid: 1 clk: 16638 | READ | addr: 0X6E820[0m
15589806: system.mem_ctrl: Read to address 452608 complete
15589806: system.mem_ctrl: Access for address 452608
15589806: system.mem_ctrl: Queuing response for address 452608
15597806: system.mem_ctrl: Attempting to send response
15597806: system.mem_ctrl: Have 0 read, 0 write, 0 responses outstanding
[1;33m[1;36m [IssueCommand] cid: 0 clk: 16664 | PRECHARGE | (address) rank: 1 bankgroup: 0 bank: 1 row: -1 column: -1 addr: 0XFFFFFFFFFFFFFFFF[0m
[1;33m[1;36m [IssueCommand] cid: 1 clk: 16664 | PRECHARGE | (address) rank: 1 bankgroup: 0 bank: 1 row: -1 column: -1 addr: 0XFFFFFFFFFFFFFFFF[0m
[1;33m[1;36m [IssueCommand] cid: 2 clk: 16664 | PRECHARGE | (address) rank: 1 bankgroup: 1 bank: 0 row: -1 column: -1 addr: 0XFFFFFFFFFFFFFFFF[0m
[1;33m[1;36m [IssueCommand] cid: 3 clk: 16664 | PRECHARGE | (address) rank: 1 bankgroup: 1 bank: 0 row: -1 column: -1 addr: 0XFFFFFFFFFFFFFFFF[0m
[1;33m[1;36m [IssueCommand] cid: 0 clk: 16665 | PRECHARGE | (address) rank: 1 bankgroup: 1 bank: 0 row: -1 column: -1 addr: 0XFFFFFFFFFFFFFFFF[0m
[1;33m[1;36m [IssueCommand] cid: 1 clk: 16665 | PRECHARGE | (address) rank: 1 bankgroup: 1 bank: 0 row: -1 column: -1 addr: 0XFFFFFFFFFFFFFFFF[0m
[1;33m[1;36m [IssueCommand] cid: 2 clk: 16665 | PRECHARGE | (address) rank: 1 bankgroup: 2 bank: 0 row: -1 column: -1 addr: 0XFFFFFFFFFFFFFFFF[0m
[1;33m[1;36m [IssueCommand] cid: 3 clk: 16665 | PRECHARGE | (address) rank: 1 bankgroup: 2 bank: 0 row: -1 column: -1 addr: 0XFFFFFFFFFFFFFFFF[0m
[1;33m[1;36m [IssueCommand] cid: 0 clk: 16666 | PRECHARGE | (address) rank: 1 bankgroup: 1 bank: 1 row: -1 column: -1 addr: 0XFFFFFFFFFFFFFFFF[0m
[1;33m[1;36m [IssueCommand] cid: 1 clk: 16666 | PRECHARGE | (address) rank: 1 bankgroup: 1 bank: 1 row: -1 column: -1 addr: 0XFFFFFFFFFFFFFFFF[0m
[1;33m[1;36m [IssueCommand] cid: 2 clk: 16666 | PRECHARGE | (address) rank: 1 bankgroup: 2 bank: 1 row: -1 column: -1 addr: 0XFFFFFFFFFFFFFFFF[0m
[1;33m[1;36m [IssueCommand] cid: 3 clk: 16666 | PRECHARGE | (address) rank: 1 bankgroup: 2 bank: 1 row: -1 column: -1 addr: 0XFFFFFFFFFFFFFFFF[0m
[1;33m[1;36m [IssueCommand] cid: 0 clk: 16667 | PRECHARGE | (address) rank: 1 bankgroup: 3 bank: 0 row: -1 column: -1 addr: 0XFFFFFFFFFFFFFFFF[0m
[1;33m[1;36m [IssueCommand] cid: 1 clk: 16667 | PRECHARGE | (address) rank: 1 bankgroup: 3 bank: 0 row: -1 column: -1 addr: 0XFFFFFFFFFFFFFFFF[0m
[1;33m[1;36m [IssueCommand] cid: 2 clk: 16667 | PRECHARGE | (address) rank: 1 bankgroup: 3 bank: 1 row: -1 column: -1 addr: 0XFFFFFFFFFFFFFFFF[0m
[1;33m[1;36m [IssueCommand] cid: 3 clk: 16667 | PRECHARGE | (address) rank: 1 bankgroup: 3 bank: 1 row: -1 column: -1 addr: 0XFFFFFFFFFFFFFFFF[0m
[1;33m[1;36m [IssueCommand] cid: 0 clk: 16668 | PRECHARGE | (address) rank: 1 bankgroup: 3 bank: 1 row: -1 column: -1 addr: 0XFFFFFFFFFFFFFFFF[0m
[1;33m[1;36m [IssueCommand] cid: 1 clk: 16668 | PRECHARGE | (address) rank: 1 bankgroup: 3 bank: 1 row: -1 column: -1 addr: 0XFFFFFFFFFFFFFFFF[0m
[1;33m[1;36m [IssueCommand] cid: 2 clk: 16686 | REFRESH | (address) rank: 1 bankgroup: -1 bank: -1 row: -1 column: -1 addr: 0XFFFFFFFFFFFFFFFF[0m
[1;33m[1;36m [IssueCommand] cid: 3 clk: 16686 | REFRESH | (address) rank: 1 bankgroup: -1 bank: -1 row: -1 column: -1 addr: 0XFFFFFFFFFFFFFFFF[0m
[1;33m[1;36m [IssueCommand] cid: 0 clk: 16687 | REFRESH | (address) rank: 1 bankgroup: -1 bank: -1 row: -1 column: -1 addr: 0XFFFFFFFFFFFFFFFF[0m
[1;33m[1;36m [IssueCommand] cid: 1 clk: 16687 | REFRESH | (address) rank: 1 bankgroup: -1 bank: -1 row: -1 column: -1 addr: 0XFFFFFFFFFFFFFFFF[0m
15666000: system.mem_ctrl: Enqueueing address 421888
[1;33m[1;35m [AddTransaction(RD)] cid: 0 clk: 16720 | READ | addr: 0X67000[0m
[1;33m[1;35m [AddTransaction(RD)] cid: 1 clk: 16720 | READ | addr: 0X67020[0m
[1;33m[1;36m [AddCommand] cid: 0 clk: 16720 | READ | (address) rank: 1 bankgroup: 0 bank: 0 row: 1 column: 56 addr: 0X67000[0m
[1;33m[1;36m [AddCommand] cid: 1 clk: 16720 | READ | (address) rank: 1 bankgroup: 0 bank: 0 row: 1 column: 56 addr: 0X67020[0m
[1;33m[1;36m [IssueCommand] cid: 0 clk: 16986 | ACTIVATE | (address) rank: 1 bankgroup: 0 bank: 0 row: 1 column: 56 addr: 0X67000[0m
[1;33m[1;36m [IssueCommand] cid: 1 clk: 16986 | ACTIVATE | (address) rank: 1 bankgroup: 0 bank: 0 row: 1 column: 56 addr: 0X67020[0m
[1;33m[1;36m [IssueCommand] cid: 0 clk: 17005 | READ | (address) rank: 1 bankgroup: 0 bank: 0 row: 1 column: 56 addr: 0X67000[0m
[1;33m[1;36m [IssueCommand] cid: 1 clk: 17005 | READ | (address) rank: 1 bankgroup: 0 bank: 0 row: 1 column: 56 addr: 0X67020[0m
[1;33m[1;35m [ReturnDoneRead] cid: 0 clk: 17030 | READ | addr: 0X67000[0m
[1;33m[1;35m [ReturnDoneRead] cid: 1 clk: 17030 | READ | addr: 0X67020[0m
15957110: system.mem_ctrl: Read to address 421888 complete
15957110: system.mem_ctrl: Access for address 421888
15957110: system.mem_ctrl: Queuing response for address 421888
15965110: system.mem_ctrl: Attempting to send response
15965110: system.mem_ctrl: Have 0 read, 0 write, 0 responses outstanding
16018000: system.mem_ctrl: Enqueueing address 419904
[1;33m[1;35m [AddTransaction(RD)] cid: 2 clk: 17095 | READ | addr: 0X66840[0m
[1;33m[1;35m [AddTransaction(RD)] cid: 3 clk: 17095 | READ | addr: 0X66860[0m
[1;33m[1;36m [AddCommand] cid: 2 clk: 17095 | READ | (address) rank: 1 bankgroup: 0 bank: 0 row: 1 column: 52 addr: 0X66840[0m
[1;33m[1;36m [AddCommand] cid: 3 clk: 17095 | READ | (address) rank: 1 bankgroup: 0 bank: 0 row: 1 column: 52 addr: 0X66860[0m
[1;33m[1;36m [IssueCommand] cid: 2 clk: 17096 | ACTIVATE | (address) rank: 1 bankgroup: 0 bank: 0 row: 1 column: 52 addr: 0X66840[0m
[1;33m[1;36m [IssueCommand] cid: 3 clk: 17096 | ACTIVATE | (address) rank: 1 bankgroup: 0 bank: 0 row: 1 column: 52 addr: 0X66860[0m
[1;33m[1;36m [IssueCommand] cid: 2 clk: 17115 | READ | (address) rank: 1 bankgroup: 0 bank: 0 row: 1 column: 52 addr: 0X66840[0m
[1;33m[1;36m [IssueCommand] cid: 3 clk: 17115 | READ | (address) rank: 1 bankgroup: 0 bank: 0 row: 1 column: 52 addr: 0X66860[0m
[1;33m[1;35m [ReturnDoneRead] cid: 2 clk: 17140 | READ | addr: 0X66840[0m
[1;33m[1;35m [ReturnDoneRead] cid: 3 clk: 17140 | READ | addr: 0X66860[0m
16060180: system.mem_ctrl: Read to address 419904 complete
16060180: system.mem_ctrl: Access for address 419904
16060180: system.mem_ctrl: Queuing response for address 419904
16068180: system.mem_ctrl: Attempting to send response
16068180: system.mem_ctrl: Have 0 read, 0 write, 0 responses outstanding
16119000: system.mem_ctrl: Enqueueing address 74880
[1;33m[1;35m [AddTransaction(RD)] cid: 0 clk: 17203 | READ | addr: 0X12480[0m
[1;33m[1;35m [AddTransaction(RD)] cid: 1 clk: 17203 | READ | addr: 0X124A0[0m
[1;33m[1;36m [AddCommand] cid: 0 clk: 17203 | READ | (address) rank: 0 bankgroup: 1 bank: 2 row: 0 column: 18 addr: 0X12480[0m
[1;33m[1;36m [AddCommand] cid: 1 clk: 17203 | READ | (address) rank: 0 bankgroup: 1 bank: 2 row: 0 column: 18 addr: 0X124A0[0m
[1;33m[1;36m [IssueCommand] cid: 0 clk: 17204 | READ | (address) rank: 0 bankgroup: 1 bank: 2 row: 0 column: 18 addr: 0X12480[0m
[1;33m[1;36m [IssueCommand] cid: 1 clk: 17204 | READ | (address) rank: 0 bankgroup: 1 bank: 2 row: 0 column: 18 addr: 0X124A0[0m
[1;33m[1;35m [ReturnDoneRead] cid: 0 clk: 17229 | READ | addr: 0X12480[0m
[1;33m[1;35m [ReturnDoneRead] cid: 1 clk: 17229 | READ | addr: 0X124A0[0m
16143573: system.mem_ctrl: Read to address 74880 complete
16143573: system.mem_ctrl: Access for address 74880
16143573: system.mem_ctrl: Queuing response for address 74880
16151573: system.mem_ctrl: Attempting to send response
16151573: system.mem_ctrl: Have 0 read, 0 write, 0 responses outstanding
16240000: system.mem_ctrl: Enqueueing address 87424
[1;33m[1;35m [AddTransaction(RD)] cid: 0 clk: 17332 | READ | addr: 0X15580[0m
[1;33m[1;35m [AddTransaction(RD)] cid: 1 clk: 17332 | READ | addr: 0X155A0[0m
[1;33m[1;36m [AddCommand] cid: 0 clk: 17332 | READ | (address) rank: 0 bankgroup: 3 bank: 2 row: 0 column: 42 addr: 0X15580[0m
[1;33m[1;36m [AddCommand] cid: 1 clk: 17332 | READ | (address) rank: 0 bankgroup: 3 bank: 2 row: 0 column: 42 addr: 0X155A0[0m
[1;33m[1;36m [IssueCommand] cid: 0 clk: 17333 | ACTIVATE | (address) rank: 0 bankgroup: 3 bank: 2 row: 0 column: 42 addr: 0X15580[0m
[1;33m[1;36m [IssueCommand] cid: 1 clk: 17333 | ACTIVATE | (address) rank: 0 bankgroup: 3 bank: 2 row: 0 column: 42 addr: 0X155A0[0m
[1;33m[1;36m [IssueCommand] cid: 0 clk: 17352 | READ | (address) rank: 0 bankgroup: 3 bank: 2 row: 0 column: 42 addr: 0X15580[0m
[1;33m[1;36m [IssueCommand] cid: 1 clk: 17352 | READ | (address) rank: 0 bankgroup: 3 bank: 2 row: 0 column: 42 addr: 0X155A0[0m
[1;33m[1;35m [ReturnDoneRead] cid: 0 clk: 17377 | READ | addr: 0X15580[0m
[1;33m[1;35m [ReturnDoneRead] cid: 1 clk: 17377 | READ | addr: 0X155A0[0m
16282249: system.mem_ctrl: Read to address 87424 complete
16282249: system.mem_ctrl: Access for address 87424
16282249: system.mem_ctrl: Queuing response for address 87424
16290249: system.mem_ctrl: Attempting to send response
16290249: system.mem_ctrl: Have 0 read, 0 write, 0 responses outstanding
16339000: system.mem_ctrl: Enqueueing address 87488
[1;33m[1;35m [AddTransaction(RD)] cid: 2 clk: 17438 | READ | addr: 0X155C0[0m
[1;33m[1;35m [AddTransaction(RD)] cid: 3 clk: 17438 | READ | addr: 0X155E0[0m
[1;33m[1;36m [AddCommand] cid: 2 clk: 17438 | READ | (address) rank: 0 bankgroup: 3 bank: 2 row: 0 column: 42 addr: 0X155C0[0m
[1;33m[1;36m [AddCommand] cid: 3 clk: 17438 | READ | (address) rank: 0 bankgroup: 3 bank: 2 row: 0 column: 42 addr: 0X155E0[0m
[1;33m[1;36m [IssueCommand] cid: 2 clk: 17439 | ACTIVATE | (address) rank: 0 bankgroup: 3 bank: 2 row: 0 column: 42 addr: 0X155C0[0m
[1;33m[1;36m [IssueCommand] cid: 3 clk: 17439 | ACTIVATE | (address) rank: 0 bankgroup: 3 bank: 2 row: 0 column: 42 addr: 0X155E0[0m
[1;33m[1;36m [IssueCommand] cid: 2 clk: 17458 | READ | (address) rank: 0 bankgroup: 3 bank: 2 row: 0 column: 42 addr: 0X155C0[0m
[1;33m[1;36m [IssueCommand] cid: 3 clk: 17458 | READ | (address) rank: 0 bankgroup: 3 bank: 2 row: 0 column: 42 addr: 0X155E0[0m
[1;33m[1;35m [ReturnDoneRead] cid: 2 clk: 17483 | READ | addr: 0X155C0[0m
[1;33m[1;35m [ReturnDoneRead] cid: 3 clk: 17483 | READ | addr: 0X155E0[0m
16381571: system.mem_ctrl: Read to address 87488 complete
16381571: system.mem_ctrl: Access for address 87488
16381571: system.mem_ctrl: Queuing response for address 87488
16389571: system.mem_ctrl: Attempting to send response
16389571: system.mem_ctrl: Have 0 read, 0 write, 0 responses outstanding
16444000: system.mem_ctrl: Enqueueing address 422144
[1;33m[1;35m [AddTransaction(RD)] cid: 0 clk: 17550 | READ | addr: 0X67100[0m
[1;33m[1;35m [AddTransaction(RD)] cid: 1 clk: 17550 | READ | addr: 0X67120[0m
[1;33m[1;36m [AddCommand] cid: 0 clk: 17550 | READ | (address) rank: 1 bankgroup: 2 bank: 0 row: 1 column: 56 addr: 0X67100[0m
[1;33m[1;36m [AddCommand] cid: 1 clk: 17550 | READ | (address) rank: 1 bankgroup: 2 bank: 0 row: 1 column: 56 addr: 0X67120[0m
[1;33m[1;36m [IssueCommand] cid: 0 clk: 17551 | ACTIVATE | (address) rank: 1 bankgroup: 2 bank: 0 row: 1 column: 56 addr: 0X67100[0m
[1;33m[1;36m [IssueCommand] cid: 1 clk: 17551 | ACTIVATE | (address) rank: 1 bankgroup: 2 bank: 0 row: 1 column: 56 addr: 0X67120[0m
[1;33m[1;36m [IssueCommand] cid: 0 clk: 17570 | READ | (address) rank: 1 bankgroup: 2 bank: 0 row: 1 column: 56 addr: 0X67100[0m
[1;33m[1;36m [IssueCommand] cid: 1 clk: 17570 | READ | (address) rank: 1 bankgroup: 2 bank: 0 row: 1 column: 56 addr: 0X67120[0m
[1;33m[1;35m [ReturnDoneRead] cid: 0 clk: 17595 | READ | addr: 0X67100[0m
[1;33m[1;35m [ReturnDoneRead] cid: 1 clk: 17595 | READ | addr: 0X67120[0m
16486515: system.mem_ctrl: Read to address 422144 complete
16486515: system.mem_ctrl: Access for address 422144
16486515: system.mem_ctrl: Queuing response for address 422144
16494515: system.mem_ctrl: Attempting to send response
16494515: system.mem_ctrl: Have 0 read, 0 write, 0 responses outstanding
16619000: system.mem_ctrl: Enqueueing address 444096
[1;33m[1;35m [AddTransaction(RD)] cid: 2 clk: 17737 | READ | addr: 0X6C6C0[0m
[1;33m[1;35m [AddTransaction(RD)] cid: 3 clk: 17737 | READ | addr: 0X6C6E0[0m
[1;33m[1;36m [AddCommand] cid: 2 clk: 17737 | READ | (address) rank: 1 bankgroup: 1 bank: 1 row: 1 column: 35 addr: 0X6C6C0[0m
[1;33m[1;36m [AddCommand] cid: 3 clk: 17737 | READ | (address) rank: 1 bankgroup: 1 bank: 1 row: 1 column: 35 addr: 0X6C6E0[0m
[1;33m[1;36m [IssueCommand] cid: 2 clk: 17738 | ACTIVATE | (address) rank: 1 bankgroup: 1 bank: 1 row: 1 column: 35 addr: 0X6C6C0[0m
[1;33m[1;36m [IssueCommand] cid: 3 clk: 17738 | ACTIVATE | (address) rank: 1 bankgroup: 1 bank: 1 row: 1 column: 35 addr: 0X6C6E0[0m
[1;33m[1;36m [IssueCommand] cid: 2 clk: 17757 | READ | (address) rank: 1 bankgroup: 1 bank: 1 row: 1 column: 35 addr: 0X6C6C0[0m
[1;33m[1;36m [IssueCommand] cid: 3 clk: 17757 | READ | (address) rank: 1 bankgroup: 1 bank: 1 row: 1 column: 35 addr: 0X6C6E0[0m
[1;33m[1;35m [ReturnDoneRead] cid: 2 clk: 17782 | READ | addr: 0X6C6C0[0m
[1;33m[1;35m [ReturnDoneRead] cid: 3 clk: 17782 | READ | addr: 0X6C6E0[0m
16661734: system.mem_ctrl: Read to address 444096 complete
16661734: system.mem_ctrl: Access for address 444096
16661734: system.mem_ctrl: Queuing response for address 444096
16669734: system.mem_ctrl: Attempting to send response
16669734: system.mem_ctrl: Have 0 read, 0 write, 0 responses outstanding
16724000: system.mem_ctrl: Enqueueing address 169088
[1;33m[1;35m [AddTransaction(RD)] cid: 0 clk: 17849 | READ | addr: 0X29480[0m
[1;33m[1;35m [AddTransaction(RD)] cid: 1 clk: 17849 | READ | addr: 0X294A0[0m
[1;33m[1;36m [AddCommand] cid: 0 clk: 17849 | READ | (address) rank: 1 bankgroup: 1 bank: 1 row: 0 column: 10 addr: 0X29480[0m
[1;33m[1;36m [AddCommand] cid: 1 clk: 17849 | READ | (address) rank: 1 bankgroup: 1 bank: 1 row: 0 column: 10 addr: 0X294A0[0m
[1;33m[1;36m [IssueCommand] cid: 0 clk: 17850 | ACTIVATE | (address) rank: 1 bankgroup: 1 bank: 1 row: 0 column: 10 addr: 0X29480[0m
[1;33m[1;36m [IssueCommand] cid: 1 clk: 17850 | ACTIVATE | (address) rank: 1 bankgroup: 1 bank: 1 row: 0 column: 10 addr: 0X294A0[0m
[1;33m[1;36m [IssueCommand] cid: 0 clk: 17869 | READ | (address) rank: 1 bankgroup: 1 bank: 1 row: 0 column: 10 addr: 0X29480[0m
[1;33m[1;36m [IssueCommand] cid: 1 clk: 17869 | READ | (address) rank: 1 bankgroup: 1 bank: 1 row: 0 column: 10 addr: 0X294A0[0m
[1;33m[1;35m [ReturnDoneRead] cid: 0 clk: 17894 | READ | addr: 0X29480[0m
[1;33m[1;35m [ReturnDoneRead] cid: 1 clk: 17894 | READ | addr: 0X294A0[0m
16766678: system.mem_ctrl: Read to address 169088 complete
16766678: system.mem_ctrl: Access for address 169088
16766678: system.mem_ctrl: Queuing response for address 169088
16774678: system.mem_ctrl: Attempting to send response
16774678: system.mem_ctrl: Have 0 read, 0 write, 0 responses outstanding
16823000: system.mem_ctrl: Enqueueing address 169152
[1;33m[1;35m [AddTransaction(RD)] cid: 2 clk: 17955 | READ | addr: 0X294C0[0m
[1;33m[1;35m [AddTransaction(RD)] cid: 3 clk: 17955 | READ | addr: 0X294E0[0m
[1;33m[1;36m [AddCommand] cid: 2 clk: 17955 | READ | (address) rank: 1 bankgroup: 1 bank: 1 row: 0 column: 10 addr: 0X294C0[0m
[1;33m[1;36m [AddCommand] cid: 3 clk: 17955 | READ | (address) rank: 1 bankgroup: 1 bank: 1 row: 0 column: 10 addr: 0X294E0[0m
[1;33m[1;36m [IssueCommand] cid: 2 clk: 17956 | PRECHARGE | (address) rank: 1 bankgroup: 1 bank: 1 row: 0 column: 10 addr: 0X294C0[0m
[1;33m[1;36m [IssueCommand] cid: 3 clk: 17956 | PRECHARGE | (address) rank: 1 bankgroup: 1 bank: 1 row: 0 column: 10 addr: 0X294E0[0m
[1;33m[1;36m [IssueCommand] cid: 2 clk: 17975 | ACTIVATE | (address) rank: 1 bankgroup: 1 bank: 1 row: 0 column: 10 addr: 0X294C0[0m
[1;33m[1;36m [IssueCommand] cid: 3 clk: 17975 | ACTIVATE | (address) rank: 1 bankgroup: 1 bank: 1 row: 0 column: 10 addr: 0X294E0[0m
[1;33m[1;36m [IssueCommand] cid: 2 clk: 17994 | READ | (address) rank: 1 bankgroup: 1 bank: 1 row: 0 column: 10 addr: 0X294C0[0m
[1;33m[1;36m [IssueCommand] cid: 3 clk: 17994 | READ | (address) rank: 1 bankgroup: 1 bank: 1 row: 0 column: 10 addr: 0X294E0[0m
[1;33m[1;35m [ReturnDoneRead] cid: 2 clk: 18019 | READ | addr: 0X294C0[0m
[1;33m[1;35m [ReturnDoneRead] cid: 3 clk: 18019 | READ | addr: 0X294E0[0m
16883803: system.mem_ctrl: Read to address 169152 complete
16883803: system.mem_ctrl: Access for address 169152
16883803: system.mem_ctrl: Queuing response for address 169152
16891803: system.mem_ctrl: Attempting to send response
16891803: system.mem_ctrl: Have 0 read, 0 write, 0 responses outstanding
17004000: system.mem_ctrl: Enqueueing address 412096
[1;33m[1;35m [AddTransaction(RD)] cid: 2 clk: 18148 | READ | addr: 0X649C0[0m
[1;33m[1;35m [AddTransaction(RD)] cid: 3 clk: 18148 | READ | addr: 0X649E0[0m
[1;33m[1;36m [AddCommand] cid: 2 clk: 18148 | READ | (address) rank: 1 bankgroup: 3 bank: 0 row: 1 column: 36 addr: 0X649C0[0m
[1;33m[1;36m [AddCommand] cid: 3 clk: 18148 | READ | (address) rank: 1 bankgroup: 3 bank: 0 row: 1 column: 36 addr: 0X649E0[0m
[1;33m[1;36m [IssueCommand] cid: 2 clk: 18149 | ACTIVATE | (address) rank: 1 bankgroup: 3 bank: 0 row: 1 column: 36 addr: 0X649C0[0m
[1;33m[1;36m [IssueCommand] cid: 3 clk: 18149 | ACTIVATE | (address) rank: 1 bankgroup: 3 bank: 0 row: 1 column: 36 addr: 0X649E0[0m
[1;33m[1;36m [IssueCommand] cid: 2 clk: 18168 | READ | (address) rank: 1 bankgroup: 3 bank: 0 row: 1 column: 36 addr: 0X649C0[0m
[1;33m[1;36m [IssueCommand] cid: 3 clk: 18168 | READ | (address) rank: 1 bankgroup: 3 bank: 0 row: 1 column: 36 addr: 0X649E0[0m
[1;33m[1;35m [ReturnDoneRead] cid: 2 clk: 18193 | READ | addr: 0X649C0[0m
[1;33m[1;35m [ReturnDoneRead] cid: 3 clk: 18193 | READ | addr: 0X649E0[0m
17046841: system.mem_ctrl: Read to address 412096 complete
17046841: system.mem_ctrl: Access for address 412096
17046841: system.mem_ctrl: Queuing response for address 412096
17054841: system.mem_ctrl: Attempting to send response
17054841: system.mem_ctrl: Have 0 read, 0 write, 0 responses outstanding
17177000: system.mem_ctrl: Enqueueing address 410944
[1;33m[1;35m [AddTransaction(RD)] cid: 2 clk: 18332 | READ | addr: 0X64540[0m
[1;33m[1;35m [AddTransaction(RD)] cid: 3 clk: 18332 | READ | addr: 0X64560[0m
[1;33m[1;36m [AddCommand] cid: 2 clk: 18332 | READ | (address) rank: 1 bankgroup: 2 bank: 0 row: 1 column: 34 addr: 0X64540[0m
[1;33m[1;36m [AddCommand] cid: 3 clk: 18332 | READ | (address) rank: 1 bankgroup: 2 bank: 0 row: 1 column: 34 addr: 0X64560[0m
[1;33m[1;36m [IssueCommand] cid: 2 clk: 18333 | ACTIVATE | (address) rank: 1 bankgroup: 2 bank: 0 row: 1 column: 34 addr: 0X64540[0m
[1;33m[1;36m [IssueCommand] cid: 3 clk: 18333 | ACTIVATE | (address) rank: 1 bankgroup: 2 bank: 0 row: 1 column: 34 addr: 0X64560[0m
[1;33m[1;36m [IssueCommand] cid: 2 clk: 18352 | READ | (address) rank: 1 bankgroup: 2 bank: 0 row: 1 column: 34 addr: 0X64540[0m
[1;33m[1;36m [IssueCommand] cid: 3 clk: 18352 | READ | (address) rank: 1 bankgroup: 2 bank: 0 row: 1 column: 34 addr: 0X64560[0m
[1;33m[1;35m [ReturnDoneRead] cid: 2 clk: 18377 | READ | addr: 0X64540[0m
[1;33m[1;35m [ReturnDoneRead] cid: 3 clk: 18377 | READ | addr: 0X64560[0m
17219249: system.mem_ctrl: Read to address 410944 complete
17219249: system.mem_ctrl: Access for address 410944
17219249: system.mem_ctrl: Queuing response for address 410944
17227249: system.mem_ctrl: Attempting to send response
17227249: system.mem_ctrl: Have 0 read, 0 write, 0 responses outstanding
17280000: system.mem_ctrl: Enqueueing address 411008
[1;33m[1;35m [AddTransaction(RD)] cid: 0 clk: 18442 | READ | addr: 0X64580[0m
[1;33m[1;35m [AddTransaction(RD)] cid: 1 clk: 18442 | READ | addr: 0X645A0[0m
[1;33m[1;36m [AddCommand] cid: 0 clk: 18442 | READ | (address) rank: 1 bankgroup: 3 bank: 0 row: 1 column: 34 addr: 0X64580[0m
[1;33m[1;36m [AddCommand] cid: 1 clk: 18442 | READ | (address) rank: 1 bankgroup: 3 bank: 0 row: 1 column: 34 addr: 0X645A0[0m
[1;33m[1;36m [IssueCommand] cid: 0 clk: 18443 | ACTIVATE | (address) rank: 1 bankgroup: 3 bank: 0 row: 1 column: 34 addr: 0X64580[0m
[1;33m[1;36m [IssueCommand] cid: 1 clk: 18443 | ACTIVATE | (address) rank: 1 bankgroup: 3 bank: 0 row: 1 column: 34 addr: 0X645A0[0m
[1;33m[1;36m [IssueCommand] cid: 0 clk: 18462 | READ | (address) rank: 1 bankgroup: 3 bank: 0 row: 1 column: 34 addr: 0X64580[0m
[1;33m[1;36m [IssueCommand] cid: 1 clk: 18462 | READ | (address) rank: 1 bankgroup: 3 bank: 0 row: 1 column: 34 addr: 0X645A0[0m
[1;33m[1;35m [ReturnDoneRead] cid: 0 clk: 18487 | READ | addr: 0X64580[0m
[1;33m[1;35m [ReturnDoneRead] cid: 1 clk: 18487 | READ | addr: 0X645A0[0m
17322319: system.mem_ctrl: Read to address 411008 complete
17322319: system.mem_ctrl: Access for address 411008
17322319: system.mem_ctrl: Queuing response for address 411008
17330319: system.mem_ctrl: Attempting to send response
17330319: system.mem_ctrl: Have 0 read, 0 write, 0 responses outstanding
17427000: system.mem_ctrl: Enqueueing address 169216
[1;33m[1;35m [AddTransaction(RD)] cid: 0 clk: 18599 | READ | addr: 0X29500[0m
[1;33m[1;35m [AddTransaction(RD)] cid: 1 clk: 18599 | READ | addr: 0X29520[0m
[1;33m[1;36m [AddCommand] cid: 0 clk: 18599 | READ | (address) rank: 1 bankgroup: 2 bank: 1 row: 0 column: 10 addr: 0X29500[0m
[1;33m[1;36m [AddCommand] cid: 1 clk: 18599 | READ | (address) rank: 1 bankgroup: 2 bank: 1 row: 0 column: 10 addr: 0X29520[0m
[1;33m[1;36m [IssueCommand] cid: 0 clk: 18600 | ACTIVATE | (address) rank: 1 bankgroup: 2 bank: 1 row: 0 column: 10 addr: 0X29500[0m
[1;33m[1;36m [IssueCommand] cid: 1 clk: 18600 | ACTIVATE | (address) rank: 1 bankgroup: 2 bank: 1 row: 0 column: 10 addr: 0X29520[0m
[1;33m[1;36m [IssueCommand] cid: 0 clk: 18619 | READ | (address) rank: 1 bankgroup: 2 bank: 1 row: 0 column: 10 addr: 0X29500[0m
[1;33m[1;36m [IssueCommand] cid: 1 clk: 18619 | READ | (address) rank: 1 bankgroup: 2 bank: 1 row: 0 column: 10 addr: 0X29520[0m
[1;33m[1;35m [ReturnDoneRead] cid: 0 clk: 18644 | READ | addr: 0X29500[0m
[1;33m[1;35m [ReturnDoneRead] cid: 1 clk: 18644 | READ | addr: 0X29520[0m
17469428: system.mem_ctrl: Read to address 169216 complete
17469428: system.mem_ctrl: Access for address 169216
17469428: system.mem_ctrl: Queuing response for address 169216
17477428: system.mem_ctrl: Attempting to send response
17477428: system.mem_ctrl: Have 0 read, 0 write, 0 responses outstanding
[1;33m[1;36m [IssueCommand] cid: 0 clk: 18747 | PRECHARGE | (address) rank: 0 bankgroup: 1 bank: 2 row: -1 column: -1 addr: 0XFFFFFFFFFFFFFFFF[0m
[1;33m[1;36m [IssueCommand] cid: 1 clk: 18747 | PRECHARGE | (address) rank: 0 bankgroup: 1 bank: 2 row: -1 column: -1 addr: 0XFFFFFFFFFFFFFFFF[0m
[1;33m[1;36m [IssueCommand] cid: 2 clk: 18747 | PRECHARGE | (address) rank: 0 bankgroup: 0 bank: 2 row: -1 column: -1 addr: 0XFFFFFFFFFFFFFFFF[0m
[1;33m[1;36m [IssueCommand] cid: 3 clk: 18747 | PRECHARGE | (address) rank: 0 bankgroup: 0 bank: 2 row: -1 column: -1 addr: 0XFFFFFFFFFFFFFFFF[0m
[1;33m[1;36m [IssueCommand] cid: 0 clk: 18748 | PRECHARGE | (address) rank: 0 bankgroup: 2 bank: 0 row: -1 column: -1 addr: 0XFFFFFFFFFFFFFFFF[0m
[1;33m[1;36m [IssueCommand] cid: 1 clk: 18748 | PRECHARGE | (address) rank: 0 bankgroup: 2 bank: 0 row: -1 column: -1 addr: 0XFFFFFFFFFFFFFFFF[0m
[1;33m[1;36m [IssueCommand] cid: 2 clk: 18748 | PRECHARGE | (address) rank: 0 bankgroup: 0 bank: 3 row: -1 column: -1 addr: 0XFFFFFFFFFFFFFFFF[0m
[1;33m[1;36m [IssueCommand] cid: 3 clk: 18748 | PRECHARGE | (address) rank: 0 bankgroup: 0 bank: 3 row: -1 column: -1 addr: 0XFFFFFFFFFFFFFFFF[0m
[1;33m[1;36m [IssueCommand] cid: 0 clk: 18749 | PRECHARGE | (address) rank: 0 bankgroup: 3 bank: 2 row: -1 column: -1 addr: 0XFFFFFFFFFFFFFFFF[0m
[1;33m[1;36m [IssueCommand] cid: 1 clk: 18749 | PRECHARGE | (address) rank: 0 bankgroup: 3 bank: 2 row: -1 column: -1 addr: 0XFFFFFFFFFFFFFFFF[0m
[1;33m[1;36m [IssueCommand] cid: 2 clk: 18749 | PRECHARGE | (address) rank: 0 bankgroup: 2 bank: 0 row: -1 column: -1 addr: 0XFFFFFFFFFFFFFFFF[0m
[1;33m[1;36m [IssueCommand] cid: 3 clk: 18749 | PRECHARGE | (address) rank: 0 bankgroup: 2 bank: 0 row: -1 column: -1 addr: 0XFFFFFFFFFFFFFFFF[0m
[1;33m[1;36m [IssueCommand] cid: 2 clk: 18750 | PRECHARGE | (address) rank: 0 bankgroup: 2 bank: 2 row: -1 column: -1 addr: 0XFFFFFFFFFFFFFFFF[0m
[1;33m[1;36m [IssueCommand] cid: 3 clk: 18750 | PRECHARGE | (address) rank: 0 bankgroup: 2 bank: 2 row: -1 column: -1 addr: 0XFFFFFFFFFFFFFFFF[0m
[1;33m[1;36m [IssueCommand] cid: 2 clk: 18751 | PRECHARGE | (address) rank: 0 bankgroup: 3 bank: 2 row: -1 column: -1 addr: 0XFFFFFFFFFFFFFFFF[0m
[1;33m[1;36m [IssueCommand] cid: 3 clk: 18751 | PRECHARGE | (address) rank: 0 bankgroup: 3 bank: 2 row: -1 column: -1 addr: 0XFFFFFFFFFFFFFFFF[0m
[1;33m[1;36m [IssueCommand] cid: 0 clk: 18768 | REFRESH | (address) rank: 0 bankgroup: -1 bank: -1 row: -1 column: -1 addr: 0XFFFFFFFFFFFFFFFF[0m
[1;33m[1;36m [IssueCommand] cid: 1 clk: 18768 | REFRESH | (address) rank: 0 bankgroup: -1 bank: -1 row: -1 column: -1 addr: 0XFFFFFFFFFFFFFFFF[0m
[1;33m[1;36m [IssueCommand] cid: 2 clk: 18770 | REFRESH | (address) rank: 0 bankgroup: -1 bank: -1 row: -1 column: -1 addr: 0XFFFFFFFFFFFFFFFF[0m
[1;33m[1;36m [IssueCommand] cid: 3 clk: 18770 | REFRESH | (address) rank: 0 bankgroup: -1 bank: -1 row: -1 column: -1 addr: 0XFFFFFFFFFFFFFFFF[0m
17598000: system.mem_ctrl: Enqueueing address 87552
[1;33m[1;35m [AddTransaction(RD)] cid: 0 clk: 18782 | READ | addr: 0X15600[0m
[1;33m[1;35m [AddTransaction(RD)] cid: 1 clk: 18782 | READ | addr: 0X15620[0m
[1;33m[1;36m [AddCommand] cid: 0 clk: 18782 | READ | (address) rank: 0 bankgroup: 0 bank: 2 row: 0 column: 43 addr: 0X15600[0m
[1;33m[1;36m [AddCommand] cid: 1 clk: 18782 | READ | (address) rank: 0 bankgroup: 0 bank: 2 row: 0 column: 43 addr: 0X15620[0m
[1;33m[1;36m [IssueCommand] cid: 0 clk: 19067 | ACTIVATE | (address) rank: 0 bankgroup: 0 bank: 2 row: 0 column: 43 addr: 0X15600[0m
[1;33m[1;36m [IssueCommand] cid: 1 clk: 19067 | ACTIVATE | (address) rank: 0 bankgroup: 0 bank: 2 row: 0 column: 43 addr: 0X15620[0m
[1;33m[1;36m [IssueCommand] cid: 0 clk: 19086 | READ | (address) rank: 0 bankgroup: 0 bank: 2 row: 0 column: 43 addr: 0X15600[0m
[1;33m[1;36m [IssueCommand] cid: 1 clk: 19086 | READ | (address) rank: 0 bankgroup: 0 bank: 2 row: 0 column: 43 addr: 0X15620[0m
[1;33m[1;35m [ReturnDoneRead] cid: 0 clk: 19111 | READ | addr: 0X15600[0m
[1;33m[1;35m [ReturnDoneRead] cid: 1 clk: 19111 | READ | addr: 0X15620[0m
17907007: system.mem_ctrl: Read to address 87552 complete
17907007: system.mem_ctrl: Access for address 87552
17907007: system.mem_ctrl: Queuing response for address 87552
17915007: system.mem_ctrl: Attempting to send response
17915007: system.mem_ctrl: Have 0 read, 0 write, 0 responses outstanding
18052000: system.mem_ctrl: Enqueueing address 85248
[1;33m[1;35m [AddTransaction(RD)] cid: 0 clk: 19266 | READ | addr: 0X14D00[0m
[1;33m[1;35m [AddTransaction(RD)] cid: 1 clk: 19266 | READ | addr: 0X14D20[0m
[1;33m[1;36m [AddCommand] cid: 0 clk: 19266 | READ | (address) rank: 0 bankgroup: 2 bank: 2 row: 0 column: 38 addr: 0X14D00[0m
[1;33m[1;36m [AddCommand] cid: 1 clk: 19266 | READ | (address) rank: 0 bankgroup: 2 bank: 2 row: 0 column: 38 addr: 0X14D20[0m
[1;33m[1;36m [IssueCommand] cid: 0 clk: 19267 | ACTIVATE | (address) rank: 0 bankgroup: 2 bank: 2 row: 0 column: 38 addr: 0X14D00[0m
[1;33m[1;36m [IssueCommand] cid: 1 clk: 19267 | ACTIVATE | (address) rank: 0 bankgroup: 2 bank: 2 row: 0 column: 38 addr: 0X14D20[0m
[1;33m[1;36m [IssueCommand] cid: 0 clk: 19286 | READ | (address) rank: 0 bankgroup: 2 bank: 2 row: 0 column: 38 addr: 0X14D00[0m
[1;33m[1;36m [IssueCommand] cid: 1 clk: 19286 | READ | (address) rank: 0 bankgroup: 2 bank: 2 row: 0 column: 38 addr: 0X14D20[0m
[1;33m[1;35m [ReturnDoneRead] cid: 0 clk: 19311 | READ | addr: 0X14D00[0m
[1;33m[1;35m [ReturnDoneRead] cid: 1 clk: 19311 | READ | addr: 0X14D20[0m
18094407: system.mem_ctrl: Read to address 85248 complete
18094407: system.mem_ctrl: Access for address 85248
18094407: system.mem_ctrl: Queuing response for address 85248
18102407: system.mem_ctrl: Attempting to send response
18102407: system.mem_ctrl: Have 0 read, 0 write, 0 responses outstanding
18165000: system.mem_ctrl: Enqueueing address 197056
[1;33m[1;35m [AddTransaction(RD)] cid: 2 clk: 19387 | READ | addr: 0X301C0[0m
[1;33m[1;35m [AddTransaction(RD)] cid: 3 clk: 19387 | READ | addr: 0X301E0[0m
[1;33m[1;36m [AddCommand] cid: 2 clk: 19387 | READ | (address) rank: 1 bankgroup: 3 bank: 2 row: 0 column: 0 addr: 0X301C0[0m
[1;33m[1;36m [AddCommand] cid: 3 clk: 19387 | READ | (address) rank: 1 bankgroup: 3 bank: 2 row: 0 column: 0 addr: 0X301E0[0m
[1;33m[1;36m [IssueCommand] cid: 2 clk: 19388 | ACTIVATE | (address) rank: 1 bankgroup: 3 bank: 2 row: 0 column: 0 addr: 0X301C0[0m
[1;33m[1;36m [IssueCommand] cid: 3 clk: 19388 | ACTIVATE | (address) rank: 1 bankgroup: 3 bank: 2 row: 0 column: 0 addr: 0X301E0[0m
[1;33m[1;36m [IssueCommand] cid: 2 clk: 19407 | READ | (address) rank: 1 bankgroup: 3 bank: 2 row: 0 column: 0 addr: 0X301C0[0m
[1;33m[1;36m [IssueCommand] cid: 3 clk: 19407 | READ | (address) rank: 1 bankgroup: 3 bank: 2 row: 0 column: 0 addr: 0X301E0[0m
[1;33m[1;35m [ReturnDoneRead] cid: 2 clk: 19432 | READ | addr: 0X301C0[0m
[1;33m[1;35m [ReturnDoneRead] cid: 3 clk: 19432 | READ | addr: 0X301E0[0m
18207784: system.mem_ctrl: Read to address 197056 complete
18207784: system.mem_ctrl: Access for address 197056
18207784: system.mem_ctrl: Queuing response for address 197056
18215784: system.mem_ctrl: Attempting to send response
18215784: system.mem_ctrl: Have 0 read, 0 write, 0 responses outstanding
18276000: system.mem_ctrl: Enqueueing address 197120
[1;33m[1;35m [AddTransaction(RD)] cid: 0 clk: 19505 | READ | addr: 0X30200[0m
[1;33m[1;35m [AddTransaction(RD)] cid: 1 clk: 19505 | READ | addr: 0X30220[0m
[1;33m[1;36m [AddCommand] cid: 0 clk: 19505 | READ | (address) rank: 1 bankgroup: 0 bank: 2 row: 0 column: 1 addr: 0X30200[0m
[1;33m[1;36m [AddCommand] cid: 1 clk: 19505 | READ | (address) rank: 1 bankgroup: 0 bank: 2 row: 0 column: 1 addr: 0X30220[0m
[1;33m[1;36m [IssueCommand] cid: 0 clk: 19506 | ACTIVATE | (address) rank: 1 bankgroup: 0 bank: 2 row: 0 column: 1 addr: 0X30200[0m
[1;33m[1;36m [IssueCommand] cid: 1 clk: 19506 | ACTIVATE | (address) rank: 1 bankgroup: 0 bank: 2 row: 0 column: 1 addr: 0X30220[0m
[1;33m[1;36m [IssueCommand] cid: 0 clk: 19525 | READ | (address) rank: 1 bankgroup: 0 bank: 2 row: 0 column: 1 addr: 0X30200[0m
[1;33m[1;36m [IssueCommand] cid: 1 clk: 19525 | READ | (address) rank: 1 bankgroup: 0 bank: 2 row: 0 column: 1 addr: 0X30220[0m
[1;33m[1;35m [ReturnDoneRead] cid: 0 clk: 19550 | READ | addr: 0X30200[0m
[1;33m[1;35m [ReturnDoneRead] cid: 1 clk: 19550 | READ | addr: 0X30220[0m
18318350: system.mem_ctrl: Read to address 197120 complete
18318350: system.mem_ctrl: Access for address 197120
18318350: system.mem_ctrl: Queuing response for address 197120
18326350: system.mem_ctrl: Attempting to send response
18326350: system.mem_ctrl: Have 0 read, 0 write, 0 responses outstanding
18379000: system.mem_ctrl: Enqueueing address 449920
[1;33m[1;35m [AddTransaction(RD)] cid: 0 clk: 19615 | READ | addr: 0X6DD80[0m
[1;33m[1;35m [AddTransaction(RD)] cid: 1 clk: 19615 | READ | addr: 0X6DDA0[0m
[1;33m[1;36m [AddCommand] cid: 0 clk: 19615 | READ | (address) rank: 1 bankgroup: 3 bank: 1 row: 1 column: 46 addr: 0X6DD80[0m
[1;33m[1;36m [AddCommand] cid: 1 clk: 19615 | READ | (address) rank: 1 bankgroup: 3 bank: 1 row: 1 column: 46 addr: 0X6DDA0[0m
[1;33m[1;36m [IssueCommand] cid: 0 clk: 19616 | ACTIVATE | (address) rank: 1 bankgroup: 3 bank: 1 row: 1 column: 46 addr: 0X6DD80[0m
[1;33m[1;36m [IssueCommand] cid: 1 clk: 19616 | ACTIVATE | (address) rank: 1 bankgroup: 3 bank: 1 row: 1 column: 46 addr: 0X6DDA0[0m
[1;33m[1;36m [IssueCommand] cid: 0 clk: 19635 | READ | (address) rank: 1 bankgroup: 3 bank: 1 row: 1 column: 46 addr: 0X6DD80[0m
[1;33m[1;36m [IssueCommand] cid: 1 clk: 19635 | READ | (address) rank: 1 bankgroup: 3 bank: 1 row: 1 column: 46 addr: 0X6DDA0[0m
[1;33m[1;35m [ReturnDoneRead] cid: 0 clk: 19660 | READ | addr: 0X6DD80[0m
[1;33m[1;35m [ReturnDoneRead] cid: 1 clk: 19660 | READ | addr: 0X6DDA0[0m
18421420: system.mem_ctrl: Read to address 449920 complete
18421420: system.mem_ctrl: Access for address 449920
18421420: system.mem_ctrl: Queuing response for address 449920
18429420: system.mem_ctrl: Attempting to send response
18429420: system.mem_ctrl: Have 0 read, 0 write, 0 responses outstanding
src/sim/syscall_emul.hh:1014: warn: readlink() called on '/proc/self/exe' may yield unexpected results in various settings.
      Returning '/home/pimony/gem5/tests/test-progs/pim_dispatch/pim_dispatch_wait_test'
src/sim/mem_state.cc:443: info: Increasing stack size by one page.
18522000: system.mem_ctrl: Enqueueing address 458112
[1;33m[1;35m [AddTransaction(RD)] cid: 0 clk: 19768 | READ | addr: 0X6FD80[0m
[1;33m[1;35m [AddTransaction(RD)] cid: 1 clk: 19768 | READ | addr: 0X6FDA0[0m
[1;33m[1;36m [AddCommand] cid: 0 clk: 19768 | READ | (address) rank: 1 bankgroup: 3 bank: 1 row: 1 column: 62 addr: 0X6FD80[0m
[1;33m[1;36m [AddCommand] cid: 1 clk: 19768 | READ | (address) rank: 1 bankgroup: 3 bank: 1 row: 1 column: 62 addr: 0X6FDA0[0m
[1;33m[1;36m [IssueCommand] cid: 0 clk: 19769 | READ | (address) rank: 1 bankgroup: 3 bank: 1 row: 1 column: 62 addr: 0X6FD80[0m
[1;33m[1;36m [IssueCommand] cid: 1 clk: 19769 | READ | (address) rank: 1 bankgroup: 3 bank: 1 row: 1 column: 62 addr: 0X6FDA0[0m
[1;33m[1;35m [ReturnDoneRead] cid: 0 clk: 19794 | READ | addr: 0X6FD80[0m
[1;33m[1;35m [ReturnDoneRead] cid: 1 clk: 19794 | READ | addr: 0X6FDA0[0m
18546978: system.mem_ctrl: Read to address 458112 complete
18546978: system.mem_ctrl: Access for address 458112
18546978: system.mem_ctrl: Queuing response for address 458112
18554978: system.mem_ctrl: Attempting to send response
18554978: system.mem_ctrl: Have 0 read, 0 write, 0 responses outstanding
18609000: system.mem_ctrl: Enqueueing address 197184
[1;33m[1;35m [AddTransaction(RD)] cid: 2 clk: 19861 | READ | addr: 0X30240[0m
[1;33m[1;35m [AddTransaction(RD)] cid: 3 clk: 19861 | READ | addr: 0X30260[0m
[1;33m[1;36m [AddCommand] cid: 2 clk: 19861 | READ | (address) rank: 1 bankgroup: 0 bank: 2 row: 0 column: 1 addr: 0X30240[0m
[1;33m[1;36m [AddCommand] cid: 3 clk: 19861 | READ | (address) rank: 1 bankgroup: 0 bank: 2 row: 0 column: 1 addr: 0X30260[0m
[1;33m[1;36m [IssueCommand] cid: 2 clk: 19862 | ACTIVATE | (address) rank: 1 bankgroup: 0 bank: 2 row: 0 column: 1 addr: 0X30240[0m
[1;33m[1;36m [IssueCommand] cid: 3 clk: 19862 | ACTIVATE | (address) rank: 1 bankgroup: 0 bank: 2 row: 0 column: 1 addr: 0X30260[0m
[1;33m[1;36m [IssueCommand] cid: 2 clk: 19881 | READ | (address) rank: 1 bankgroup: 0 bank: 2 row: 0 column: 1 addr: 0X30240[0m
[1;33m[1;36m [IssueCommand] cid: 3 clk: 19881 | READ | (address) rank: 1 bankgroup: 0 bank: 2 row: 0 column: 1 addr: 0X30260[0m
[1;33m[1;35m [ReturnDoneRead] cid: 2 clk: 19906 | READ | addr: 0X30240[0m
[1;33m[1;35m [ReturnDoneRead] cid: 3 clk: 19906 | READ | addr: 0X30260[0m
18651922: system.mem_ctrl: Read to address 197184 complete
18651922: system.mem_ctrl: Access for address 197184
18651922: system.mem_ctrl: Queuing response for address 197184
18659922: system.mem_ctrl: Attempting to send response
18659922: system.mem_ctrl: Have 0 read, 0 write, 0 responses outstanding
18724000: system.mem_ctrl: Enqueueing address 458176
[1;33m[1;35m [AddTransaction(RD)] cid: 2 clk: 19983 | READ | addr: 0X6FDC0[0m
[1;33m[1;35m [AddTransaction(RD)] cid: 3 clk: 19983 | READ | addr: 0X6FDE0[0m
[1;33m[1;36m [AddCommand] cid: 2 clk: 19983 | READ | (address) rank: 1 bankgroup: 3 bank: 1 row: 1 column: 62 addr: 0X6FDC0[0m
[1;33m[1;36m [AddCommand] cid: 3 clk: 19983 | READ | (address) rank: 1 bankgroup: 3 bank: 1 row: 1 column: 62 addr: 0X6FDE0[0m
[1;33m[1;36m [IssueCommand] cid: 2 clk: 19984 | ACTIVATE | (address) rank: 1 bankgroup: 3 bank: 1 row: 1 column: 62 addr: 0X6FDC0[0m
[1;33m[1;36m [IssueCommand] cid: 3 clk: 19984 | ACTIVATE | (address) rank: 1 bankgroup: 3 bank: 1 row: 1 column: 62 addr: 0X6FDE0[0m
[1;33m[1;36m [IssueCommand] cid: 2 clk: 20003 | READ | (address) rank: 1 bankgroup: 3 bank: 1 row: 1 column: 62 addr: 0X6FDC0[0m
[1;33m[1;36m [IssueCommand] cid: 3 clk: 20003 | READ | (address) rank: 1 bankgroup: 3 bank: 1 row: 1 column: 62 addr: 0X6FDE0[0m
[1;33m[1;35m [ReturnDoneRead] cid: 2 clk: 20028 | READ | addr: 0X6FDC0[0m
[1;33m[1;35m [ReturnDoneRead] cid: 3 clk: 20028 | READ | addr: 0X6FDE0[0m
18766236: system.mem_ctrl: Read to address 458176 complete
18766236: system.mem_ctrl: Access for address 458176
18766236: system.mem_ctrl: Queuing response for address 458176
18774236: system.mem_ctrl: Attempting to send response
18774236: system.mem_ctrl: Have 0 read, 0 write, 0 responses outstanding
19271000: system.mem_ctrl: Enqueueing address 197312
[1;33m[1;35m [AddTransaction(RD)] cid: 2 clk: 20567 | READ | addr: 0X302C0[0m
[1;33m[1;35m [AddTransaction(RD)] cid: 3 clk: 20567 | READ | addr: 0X302E0[0m
[1;33m[1;36m [AddCommand] cid: 2 clk: 20567 | READ | (address) rank: 1 bankgroup: 1 bank: 2 row: 0 column: 1 addr: 0X302C0[0m
[1;33m[1;36m [AddCommand] cid: 3 clk: 20567 | READ | (address) rank: 1 bankgroup: 1 bank: 2 row: 0 column: 1 addr: 0X302E0[0m
[1;33m[1;36m [IssueCommand] cid: 2 clk: 20568 | ACTIVATE | (address) rank: 1 bankgroup: 1 bank: 2 row: 0 column: 1 addr: 0X302C0[0m
[1;33m[1;36m [IssueCommand] cid: 3 clk: 20568 | ACTIVATE | (address) rank: 1 bankgroup: 1 bank: 2 row: 0 column: 1 addr: 0X302E0[0m
[1;33m[1;36m [IssueCommand] cid: 2 clk: 20587 | READ | (address) rank: 1 bankgroup: 1 bank: 2 row: 0 column: 1 addr: 0X302C0[0m
[1;33m[1;36m [IssueCommand] cid: 3 clk: 20587 | READ | (address) rank: 1 bankgroup: 1 bank: 2 row: 0 column: 1 addr: 0X302E0[0m
[1;33m[1;35m [ReturnDoneRead] cid: 2 clk: 20612 | READ | addr: 0X302C0[0m
[1;33m[1;35m [ReturnDoneRead] cid: 3 clk: 20612 | READ | addr: 0X302E0[0m
19313444: system.mem_ctrl: Read to address 197312 complete
19313444: system.mem_ctrl: Access for address 197312
19313444: system.mem_ctrl: Queuing response for address 197312
19321444: system.mem_ctrl: Attempting to send response
19321444: system.mem_ctrl: Have 0 read, 0 write, 0 responses outstanding
19372000: system.mem_ctrl: Enqueueing address 58944
[1;33m[1;35m [AddTransaction(RD)] cid: 2 clk: 20675 | READ | addr: 0XE640[0m
[1;33m[1;35m [AddTransaction(RD)] cid: 3 clk: 20675 | READ | addr: 0XE660[0m
[1;33m[1;36m [AddCommand] cid: 2 clk: 20675 | READ | (address) rank: 0 bankgroup: 0 bank: 1 row: 0 column: 51 addr: 0XE640[0m
[1;33m[1;36m [AddCommand] cid: 3 clk: 20675 | READ | (address) rank: 0 bankgroup: 0 bank: 1 row: 0 column: 51 addr: 0XE660[0m
[1;33m[1;36m [IssueCommand] cid: 2 clk: 20676 | ACTIVATE | (address) rank: 0 bankgroup: 0 bank: 1 row: 0 column: 51 addr: 0XE640[0m
[1;33m[1;36m [IssueCommand] cid: 3 clk: 20676 | ACTIVATE | (address) rank: 0 bankgroup: 0 bank: 1 row: 0 column: 51 addr: 0XE660[0m
[1;33m[1;36m [IssueCommand] cid: 2 clk: 20695 | READ | (address) rank: 0 bankgroup: 0 bank: 1 row: 0 column: 51 addr: 0XE640[0m
[1;33m[1;36m [IssueCommand] cid: 3 clk: 20695 | READ | (address) rank: 0 bankgroup: 0 bank: 1 row: 0 column: 51 addr: 0XE660[0m
[1;33m[1;35m [ReturnDoneRead] cid: 2 clk: 20720 | READ | addr: 0XE640[0m
[1;33m[1;35m [ReturnDoneRead] cid: 3 clk: 20720 | READ | addr: 0XE660[0m
19414640: system.mem_ctrl: Read to address 58944 complete
19414640: system.mem_ctrl: Access for address 58944
19414640: system.mem_ctrl: Queuing response for address 58944
19422640: system.mem_ctrl: Attempting to send response
19422640: system.mem_ctrl: Have 0 read, 0 write, 0 responses outstanding
19495000: system.mem_ctrl: Enqueueing address 443136
[1;33m[1;35m [AddTransaction(RD)] cid: 0 clk: 20806 | READ | addr: 0X6C300[0m
[1;33m[1;35m [AddTransaction(RD)] cid: 1 clk: 20806 | READ | addr: 0X6C320[0m
[1;33m[1;36m [AddCommand] cid: 0 clk: 20806 | READ | (address) rank: 1 bankgroup: 2 bank: 1 row: 1 column: 33 addr: 0X6C300[0m
[1;33m[1;36m [AddCommand] cid: 1 clk: 20806 | READ | (address) rank: 1 bankgroup: 2 bank: 1 row: 1 column: 33 addr: 0X6C320[0m
[1;33m[1;36m [IssueCommand] cid: 0 clk: 20807 | PRECHARGE | (address) rank: 1 bankgroup: 2 bank: 1 row: 1 column: 33 addr: 0X6C300[0m
[1;33m[1;36m [IssueCommand] cid: 1 clk: 20807 | PRECHARGE | (address) rank: 1 bankgroup: 2 bank: 1 row: 1 column: 33 addr: 0X6C320[0m
[1;33m[1;36m [IssueCommand] cid: 0 clk: 20826 | ACTIVATE | (address) rank: 1 bankgroup: 2 bank: 1 row: 1 column: 33 addr: 0X6C300[0m
[1;33m[1;36m [IssueCommand] cid: 1 clk: 20826 | ACTIVATE | (address) rank: 1 bankgroup: 2 bank: 1 row: 1 column: 33 addr: 0X6C320[0m
[1;33m[1;36m [IssueCommand] cid: 0 clk: 20830 | PRECHARGE | (address) rank: 1 bankgroup: 0 bank: 0 row: -1 column: -1 addr: 0XFFFFFFFFFFFFFFFF[0m
[1;33m[1;36m [IssueCommand] cid: 1 clk: 20830 | PRECHARGE | (address) rank: 1 bankgroup: 0 bank: 0 row: -1 column: -1 addr: 0XFFFFFFFFFFFFFFFF[0m
[1;33m[1;36m [IssueCommand] cid: 2 clk: 20830 | PRECHARGE | (address) rank: 1 bankgroup: 0 bank: 0 row: -1 column: -1 addr: 0XFFFFFFFFFFFFFFFF[0m
[1;33m[1;36m [IssueCommand] cid: 3 clk: 20830 | PRECHARGE | (address) rank: 1 bankgroup: 0 bank: 0 row: -1 column: -1 addr: 0XFFFFFFFFFFFFFFFF[0m
[1;33m[1;36m [IssueCommand] cid: 0 clk: 20831 | PRECHARGE | (address) rank: 1 bankgroup: 0 bank: 2 row: -1 column: -1 addr: 0XFFFFFFFFFFFFFFFF[0m
[1;33m[1;36m [IssueCommand] cid: 1 clk: 20831 | PRECHARGE | (address) rank: 1 bankgroup: 0 bank: 2 row: -1 column: -1 addr: 0XFFFFFFFFFFFFFFFF[0m
[1;33m[1;36m [IssueCommand] cid: 2 clk: 20831 | PRECHARGE | (address) rank: 1 bankgroup: 0 bank: 2 row: -1 column: -1 addr: 0XFFFFFFFFFFFFFFFF[0m
[1;33m[1;36m [IssueCommand] cid: 3 clk: 20831 | PRECHARGE | (address) rank: 1 bankgroup: 0 bank: 2 row: -1 column: -1 addr: 0XFFFFFFFFFFFFFFFF[0m
[1;33m[1;36m [IssueCommand] cid: 0 clk: 20832 | PRECHARGE | (address) rank: 1 bankgroup: 1 bank: 1 row: -1 column: -1 addr: 0XFFFFFFFFFFFFFFFF[0m
[1;33m[1;36m [IssueCommand] cid: 1 clk: 20832 | PRECHARGE | (address) rank: 1 bankgroup: 1 bank: 1 row: -1 column: -1 addr: 0XFFFFFFFFFFFFFFFF[0m
[1;33m[1;36m [IssueCommand] cid: 2 clk: 20832 | PRECHARGE | (address) rank: 1 bankgroup: 1 bank: 1 row: -1 column: -1 addr: 0XFFFFFFFFFFFFFFFF[0m
[1;33m[1;36m [IssueCommand] cid: 3 clk: 20832 | PRECHARGE | (address) rank: 1 bankgroup: 1 bank: 1 row: -1 column: -1 addr: 0XFFFFFFFFFFFFFFFF[0m
[1;33m[1;36m [IssueCommand] cid: 0 clk: 20833 | PRECHARGE | (address) rank: 1 bankgroup: 2 bank: 0 row: -1 column: -1 addr: 0XFFFFFFFFFFFFFFFF[0m
[1;33m[1;36m [IssueCommand] cid: 1 clk: 20833 | PRECHARGE | (address) rank: 1 bankgroup: 2 bank: 0 row: -1 column: -1 addr: 0XFFFFFFFFFFFFFFFF[0m
[1;33m[1;36m [IssueCommand] cid: 2 clk: 20833 | PRECHARGE | (address) rank: 1 bankgroup: 1 bank: 2 row: -1 column: -1 addr: 0XFFFFFFFFFFFFFFFF[0m
[1;33m[1;36m [IssueCommand] cid: 3 clk: 20833 | PRECHARGE | (address) rank: 1 bankgroup: 1 bank: 2 row: -1 column: -1 addr: 0XFFFFFFFFFFFFFFFF[0m
[1;33m[1;36m [IssueCommand] cid: 0 clk: 20834 | PRECHARGE | (address) rank: 1 bankgroup: 2 bank: 1 row: -1 column: -1 addr: 0XFFFFFFFFFFFFFFFF[0m
[1;33m[1;36m [IssueCommand] cid: 1 clk: 20834 | PRECHARGE | (address) rank: 1 bankgroup: 2 bank: 1 row: -1 column: -1 addr: 0XFFFFFFFFFFFFFFFF[0m
[1;33m[1;36m [IssueCommand] cid: 2 clk: 20834 | PRECHARGE | (address) rank: 1 bankgroup: 2 bank: 0 row: -1 column: -1 addr: 0XFFFFFFFFFFFFFFFF[0m
[1;33m[1;36m [IssueCommand] cid: 3 clk: 20834 | PRECHARGE | (address) rank: 1 bankgroup: 2 bank: 0 row: -1 column: -1 addr: 0XFFFFFFFFFFFFFFFF[0m
[1;33m[1;36m [IssueCommand] cid: 0 clk: 20835 | PRECHARGE | (address) rank: 1 bankgroup: 3 bank: 0 row: -1 column: -1 addr: 0XFFFFFFFFFFFFFFFF[0m
[1;33m[1;36m [IssueCommand] cid: 1 clk: 20835 | PRECHARGE | (address) rank: 1 bankgroup: 3 bank: 0 row: -1 column: -1 addr: 0XFFFFFFFFFFFFFFFF[0m
[1;33m[1;36m [IssueCommand] cid: 2 clk: 20835 | PRECHARGE | (address) rank: 1 bankgroup: 3 bank: 0 row: -1 column: -1 addr: 0XFFFFFFFFFFFFFFFF[0m
[1;33m[1;36m [IssueCommand] cid: 3 clk: 20835 | PRECHARGE | (address) rank: 1 bankgroup: 3 bank: 0 row: -1 column: -1 addr: 0XFFFFFFFFFFFFFFFF[0m
[1;33m[1;36m [IssueCommand] cid: 0 clk: 20836 | PRECHARGE | (address) rank: 1 bankgroup: 3 bank: 1 row: -1 column: -1 addr: 0XFFFFFFFFFFFFFFFF[0m
[1;33m[1;36m [IssueCommand] cid: 1 clk: 20836 | PRECHARGE | (address) rank: 1 bankgroup: 3 bank: 1 row: -1 column: -1 addr: 0XFFFFFFFFFFFFFFFF[0m
[1;33m[1;36m [IssueCommand] cid: 2 clk: 20836 | PRECHARGE | (address) rank: 1 bankgroup: 3 bank: 1 row: -1 column: -1 addr: 0XFFFFFFFFFFFFFFFF[0m
[1;33m[1;36m [IssueCommand] cid: 3 clk: 20836 | PRECHARGE | (address) rank: 1 bankgroup: 3 bank: 1 row: -1 column: -1 addr: 0XFFFFFFFFFFFFFFFF[0m
[1;33m[1;36m [IssueCommand] cid: 2 clk: 20837 | PRECHARGE | (address) rank: 1 bankgroup: 3 bank: 2 row: -1 column: -1 addr: 0XFFFFFFFFFFFFFFFF[0m
[1;33m[1;36m [IssueCommand] cid: 3 clk: 20837 | PRECHARGE | (address) rank: 1 bankgroup: 3 bank: 2 row: -1 column: -1 addr: 0XFFFFFFFFFFFFFFFF[0m
[1;33m[1;36m [IssueCommand] cid: 0 clk: 20855 | REFRESH | (address) rank: 1 bankgroup: -1 bank: -1 row: -1 column: -1 addr: 0XFFFFFFFFFFFFFFFF[0m
[1;33m[1;36m [IssueCommand] cid: 1 clk: 20855 | REFRESH | (address) rank: 1 bankgroup: -1 bank: -1 row: -1 column: -1 addr: 0XFFFFFFFFFFFFFFFF[0m
[1;33m[1;36m [IssueCommand] cid: 2 clk: 20856 | REFRESH | (address) rank: 1 bankgroup: -1 bank: -1 row: -1 column: -1 addr: 0XFFFFFFFFFFFFFFFF[0m
[1;33m[1;36m [IssueCommand] cid: 3 clk: 20856 | REFRESH | (address) rank: 1 bankgroup: -1 bank: -1 row: -1 column: -1 addr: 0XFFFFFFFFFFFFFFFF[0m
[1;33m[1;36m [IssueCommand] cid: 0 clk: 21154 | ACTIVATE | (address) rank: 1 bankgroup: 2 bank: 1 row: 1 column: 33 addr: 0X6C300[0m
[1;33m[1;36m [IssueCommand] cid: 1 clk: 21154 | ACTIVATE | (address) rank: 1 bankgroup: 2 bank: 1 row: 1 column: 33 addr: 0X6C320[0m
[1;33m[1;36m [IssueCommand] cid: 0 clk: 21173 | READ | (address) rank: 1 bankgroup: 2 bank: 1 row: 1 column: 33 addr: 0X6C300[0m
[1;33m[1;36m [IssueCommand] cid: 1 clk: 21173 | READ | (address) rank: 1 bankgroup: 2 bank: 1 row: 1 column: 33 addr: 0X6C320[0m
[1;33m[1;35m [ReturnDoneRead] cid: 0 clk: 21198 | READ | addr: 0X6C300[0m
[1;33m[1;35m [ReturnDoneRead] cid: 1 clk: 21198 | READ | addr: 0X6C320[0m
19862526: system.mem_ctrl: Read to address 443136 complete
19862526: system.mem_ctrl: Access for address 443136
19862526: system.mem_ctrl: Queuing response for address 443136
19870526: system.mem_ctrl: Attempting to send response
19870526: system.mem_ctrl: Have 0 read, 0 write, 0 responses outstanding
19923000: system.mem_ctrl: Enqueueing address 59136
[1;33m[1;35m [AddTransaction(RD)] cid: 0 clk: 21263 | READ | addr: 0XE700[0m
[1;33m[1;35m [AddTransaction(RD)] cid: 1 clk: 21263 | READ | addr: 0XE720[0m
[1;33m[1;36m [AddCommand] cid: 0 clk: 21263 | READ | (address) rank: 0 bankgroup: 2 bank: 1 row: 0 column: 51 addr: 0XE700[0m
[1;33m[1;36m [AddCommand] cid: 1 clk: 21263 | READ | (address) rank: 0 bankgroup: 2 bank: 1 row: 0 column: 51 addr: 0XE720[0m
[1;33m[1;36m [IssueCommand] cid: 0 clk: 21264 | ACTIVATE | (address) rank: 0 bankgroup: 2 bank: 1 row: 0 column: 51 addr: 0XE700[0m
[1;33m[1;36m [IssueCommand] cid: 1 clk: 21264 | ACTIVATE | (address) rank: 0 bankgroup: 2 bank: 1 row: 0 column: 51 addr: 0XE720[0m
[1;33m[1;36m [IssueCommand] cid: 0 clk: 21283 | READ | (address) rank: 0 bankgroup: 2 bank: 1 row: 0 column: 51 addr: 0XE700[0m
[1;33m[1;36m [IssueCommand] cid: 1 clk: 21283 | READ | (address) rank: 0 bankgroup: 2 bank: 1 row: 0 column: 51 addr: 0XE720[0m
[1;33m[1;35m [ReturnDoneRead] cid: 0 clk: 21308 | READ | addr: 0XE700[0m
[1;33m[1;35m [ReturnDoneRead] cid: 1 clk: 21308 | READ | addr: 0XE720[0m
19965596: system.mem_ctrl: Read to address 59136 complete
19965596: system.mem_ctrl: Access for address 59136
19965596: system.mem_ctrl: Queuing response for address 59136
19973596: system.mem_ctrl: Attempting to send response
19973596: system.mem_ctrl: Have 0 read, 0 write, 0 responses outstanding
20022000: system.mem_ctrl: Enqueueing address 48192
[1;33m[1;35m [AddTransaction(RD)] cid: 2 clk: 21369 | READ | addr: 0XBC40[0m
[1;33m[1;35m [AddTransaction(RD)] cid: 3 clk: 21369 | READ | addr: 0XBC60[0m
[1;33m[1;36m [AddCommand] cid: 2 clk: 21369 | READ | (address) rank: 0 bankgroup: 0 bank: 1 row: 0 column: 30 addr: 0XBC40[0m
[1;33m[1;36m [AddCommand] cid: 3 clk: 21369 | READ | (address) rank: 0 bankgroup: 0 bank: 1 row: 0 column: 30 addr: 0XBC60[0m
[1;33m[1;36m [IssueCommand] cid: 2 clk: 21370 | READ | (address) rank: 0 bankgroup: 0 bank: 1 row: 0 column: 30 addr: 0XBC40[0m
[1;33m[1;36m [IssueCommand] cid: 3 clk: 21370 | READ | (address) rank: 0 bankgroup: 0 bank: 1 row: 0 column: 30 addr: 0XBC60[0m
[1;33m[1;35m [ReturnDoneRead] cid: 2 clk: 21395 | READ | addr: 0XBC40[0m
[1;33m[1;35m [ReturnDoneRead] cid: 3 clk: 21395 | READ | addr: 0XBC60[0m
20047115: system.mem_ctrl: Read to address 48192 complete
20047115: system.mem_ctrl: Access for address 48192
20047115: system.mem_ctrl: Queuing response for address 48192
20055115: system.mem_ctrl: Attempting to send response
20055115: system.mem_ctrl: Have 0 read, 0 write, 0 responses outstanding
20106000: system.mem_ctrl: Enqueueing address 458048
[1;33m[1;35m [AddTransaction(RD)] cid: 2 clk: 21458 | READ | addr: 0X6FD40[0m
[1;33m[1;35m [AddTransaction(RD)] cid: 3 clk: 21458 | READ | addr: 0X6FD60[0m
[1;33m[1;36m [AddCommand] cid: 2 clk: 21458 | READ | (address) rank: 1 bankgroup: 2 bank: 1 row: 1 column: 62 addr: 0X6FD40[0m
[1;33m[1;36m [AddCommand] cid: 3 clk: 21458 | READ | (address) rank: 1 bankgroup: 2 bank: 1 row: 1 column: 62 addr: 0X6FD60[0m
[1;33m[1;36m [IssueCommand] cid: 2 clk: 21459 | ACTIVATE | (address) rank: 1 bankgroup: 2 bank: 1 row: 1 column: 62 addr: 0X6FD40[0m
[1;33m[1;36m [IssueCommand] cid: 3 clk: 21459 | ACTIVATE | (address) rank: 1 bankgroup: 2 bank: 1 row: 1 column: 62 addr: 0X6FD60[0m
[1;33m[1;36m [IssueCommand] cid: 2 clk: 21478 | READ | (address) rank: 1 bankgroup: 2 bank: 1 row: 1 column: 62 addr: 0X6FD40[0m
[1;33m[1;36m [IssueCommand] cid: 3 clk: 21478 | READ | (address) rank: 1 bankgroup: 2 bank: 1 row: 1 column: 62 addr: 0X6FD60[0m
[1;33m[1;35m [ReturnDoneRead] cid: 2 clk: 21503 | READ | addr: 0X6FD40[0m
[1;33m[1;35m [ReturnDoneRead] cid: 3 clk: 21503 | READ | addr: 0X6FD60[0m
20148311: system.mem_ctrl: Read to address 458048 complete
20148311: system.mem_ctrl: Access for address 458048
20148311: system.mem_ctrl: Queuing response for address 458048
20156311: system.mem_ctrl: Attempting to send response
20156311: system.mem_ctrl: Have 0 read, 0 write, 0 responses outstanding
20237000: system.mem_ctrl: Enqueueing address 48256
[1;33m[1;35m [AddTransaction(RD)] cid: 0 clk: 21598 | READ | addr: 0XBC80[0m
[1;33m[1;35m [AddTransaction(RD)] cid: 1 clk: 21598 | READ | addr: 0XBCA0[0m
[1;33m[1;36m [AddCommand] cid: 0 clk: 21598 | READ | (address) rank: 0 bankgroup: 1 bank: 1 row: 0 column: 30 addr: 0XBC80[0m
[1;33m[1;36m [AddCommand] cid: 1 clk: 21598 | READ | (address) rank: 0 bankgroup: 1 bank: 1 row: 0 column: 30 addr: 0XBCA0[0m
[1;33m[1;36m [IssueCommand] cid: 0 clk: 21599 | ACTIVATE | (address) rank: 0 bankgroup: 1 bank: 1 row: 0 column: 30 addr: 0XBC80[0m
[1;33m[1;36m [IssueCommand] cid: 1 clk: 21599 | ACTIVATE | (address) rank: 0 bankgroup: 1 bank: 1 row: 0 column: 30 addr: 0XBCA0[0m
[1;33m[1;36m [IssueCommand] cid: 0 clk: 21618 | READ | (address) rank: 0 bankgroup: 1 bank: 1 row: 0 column: 30 addr: 0XBC80[0m
[1;33m[1;36m [IssueCommand] cid: 1 clk: 21618 | READ | (address) rank: 0 bankgroup: 1 bank: 1 row: 0 column: 30 addr: 0XBCA0[0m
[1;33m[1;35m [ReturnDoneRead] cid: 0 clk: 21643 | READ | addr: 0XBC80[0m
[1;33m[1;35m [ReturnDoneRead] cid: 1 clk: 21643 | READ | addr: 0XBCA0[0m
20279491: system.mem_ctrl: Read to address 48256 complete
20279491: system.mem_ctrl: Access for address 48256
20279491: system.mem_ctrl: Queuing response for address 48256
20287491: system.mem_ctrl: Attempting to send response
20287491: system.mem_ctrl: Have 0 read, 0 write, 0 responses outstanding
20364000: system.mem_ctrl: Enqueueing address 127744
[1;33m[1;35m [AddTransaction(RD)] cid: 0 clk: 21734 | READ | addr: 0X1F300[0m
[1;33m[1;35m [AddTransaction(RD)] cid: 1 clk: 21734 | READ | addr: 0X1F320[0m
[1;33m[1;36m [AddCommand] cid: 0 clk: 21734 | READ | (address) rank: 0 bankgroup: 2 bank: 3 row: 0 column: 57 addr: 0X1F300[0m
[1;33m[1;36m [AddCommand] cid: 1 clk: 21734 | READ | (address) rank: 0 bankgroup: 2 bank: 3 row: 0 column: 57 addr: 0X1F320[0m
[1;33m[1;36m [IssueCommand] cid: 0 clk: 21735 | ACTIVATE | (address) rank: 0 bankgroup: 2 bank: 3 row: 0 column: 57 addr: 0X1F300[0m
[1;33m[1;36m [IssueCommand] cid: 1 clk: 21735 | ACTIVATE | (address) rank: 0 bankgroup: 2 bank: 3 row: 0 column: 57 addr: 0X1F320[0m
[1;33m[1;36m [IssueCommand] cid: 0 clk: 21754 | READ | (address) rank: 0 bankgroup: 2 bank: 3 row: 0 column: 57 addr: 0X1F300[0m
[1;33m[1;36m [IssueCommand] cid: 1 clk: 21754 | READ | (address) rank: 0 bankgroup: 2 bank: 3 row: 0 column: 57 addr: 0X1F320[0m
[1;33m[1;35m [ReturnDoneRead] cid: 0 clk: 21779 | READ | addr: 0X1F300[0m
[1;33m[1;35m [ReturnDoneRead] cid: 1 clk: 21779 | READ | addr: 0X1F320[0m
20406923: system.mem_ctrl: Read to address 127744 complete
20406923: system.mem_ctrl: Access for address 127744
20406923: system.mem_ctrl: Queuing response for address 127744
20414923: system.mem_ctrl: Attempting to send response
20414923: system.mem_ctrl: Have 0 read, 0 write, 0 responses outstanding
20465000: system.mem_ctrl: Enqueueing address 450560
[1;33m[1;35m [AddTransaction(RD)] cid: 0 clk: 21841 | READ | addr: 0X6E000[0m
[1;33m[1;35m [AddTransaction(RD)] cid: 1 clk: 21841 | READ | addr: 0X6E020[0m
[1;33m[1;36m [AddCommand] cid: 0 clk: 21841 | READ | (address) rank: 1 bankgroup: 0 bank: 1 row: 1 column: 48 addr: 0X6E000[0m
[1;33m[1;36m [AddCommand] cid: 1 clk: 21841 | READ | (address) rank: 1 bankgroup: 0 bank: 1 row: 1 column: 48 addr: 0X6E020[0m
[1;33m[1;36m [IssueCommand] cid: 0 clk: 21842 | ACTIVATE | (address) rank: 1 bankgroup: 0 bank: 1 row: 1 column: 48 addr: 0X6E000[0m
[1;33m[1;36m [IssueCommand] cid: 1 clk: 21842 | ACTIVATE | (address) rank: 1 bankgroup: 0 bank: 1 row: 1 column: 48 addr: 0X6E020[0m
[1;33m[1;36m [IssueCommand] cid: 0 clk: 21861 | READ | (address) rank: 1 bankgroup: 0 bank: 1 row: 1 column: 48 addr: 0X6E000[0m
[1;33m[1;36m [IssueCommand] cid: 1 clk: 21861 | READ | (address) rank: 1 bankgroup: 0 bank: 1 row: 1 column: 48 addr: 0X6E020[0m
[1;33m[1;35m [ReturnDoneRead] cid: 0 clk: 21886 | READ | addr: 0X6E000[0m
[1;33m[1;35m [ReturnDoneRead] cid: 1 clk: 21886 | READ | addr: 0X6E020[0m
20507182: system.mem_ctrl: Read to address 450560 complete
20507182: system.mem_ctrl: Access for address 450560
20507182: system.mem_ctrl: Queuing response for address 450560
20515182: system.mem_ctrl: Attempting to send response
20515182: system.mem_ctrl: Have 0 read, 0 write, 0 responses outstanding
20570000: system.mem_ctrl: Enqueueing address 457984
[1;33m[1;35m [AddTransaction(RD)] cid: 0 clk: 21954 | READ | addr: 0X6FD00[0m
[1;33m[1;35m [AddTransaction(RD)] cid: 1 clk: 21954 | READ | addr: 0X6FD20[0m
[1;33m[1;36m [AddCommand] cid: 0 clk: 21954 | READ | (address) rank: 1 bankgroup: 2 bank: 1 row: 1 column: 62 addr: 0X6FD00[0m
[1;33m[1;36m [AddCommand] cid: 1 clk: 21954 | READ | (address) rank: 1 bankgroup: 2 bank: 1 row: 1 column: 62 addr: 0X6FD20[0m
[1;33m[1;36m [IssueCommand] cid: 0 clk: 21955 | READ | (address) rank: 1 bankgroup: 2 bank: 1 row: 1 column: 62 addr: 0X6FD00[0m
[1;33m[1;36m [IssueCommand] cid: 1 clk: 21955 | READ | (address) rank: 1 bankgroup: 2 bank: 1 row: 1 column: 62 addr: 0X6FD20[0m
[1;33m[1;35m [ReturnDoneRead] cid: 0 clk: 21980 | READ | addr: 0X6FD00[0m
[1;33m[1;35m [ReturnDoneRead] cid: 1 clk: 21980 | READ | addr: 0X6FD20[0m
20595260: system.mem_ctrl: Read to address 457984 complete
20595260: system.mem_ctrl: Access for address 457984
20595260: system.mem_ctrl: Queuing response for address 457984
20603260: system.mem_ctrl: Attempting to send response
20603260: system.mem_ctrl: Have 0 read, 0 write, 0 responses outstanding
20652000: system.mem_ctrl: Enqueueing address 127808
[1;33m[1;35m [AddTransaction(RD)] cid: 2 clk: 22041 | READ | addr: 0X1F340[0m
[1;33m[1;35m [AddTransaction(RD)] cid: 3 clk: 22041 | READ | addr: 0X1F360[0m
[1;33m[1;36m [AddCommand] cid: 2 clk: 22041 | READ | (address) rank: 0 bankgroup: 2 bank: 3 row: 0 column: 57 addr: 0X1F340[0m
[1;33m[1;36m [AddCommand] cid: 3 clk: 22041 | READ | (address) rank: 0 bankgroup: 2 bank: 3 row: 0 column: 57 addr: 0X1F360[0m
[1;33m[1;36m [IssueCommand] cid: 2 clk: 22042 | ACTIVATE | (address) rank: 0 bankgroup: 2 bank: 3 row: 0 column: 57 addr: 0X1F340[0m
[1;33m[1;36m [IssueCommand] cid: 3 clk: 22042 | ACTIVATE | (address) rank: 0 bankgroup: 2 bank: 3 row: 0 column: 57 addr: 0X1F360[0m
[1;33m[1;36m [IssueCommand] cid: 2 clk: 22061 | READ | (address) rank: 0 bankgroup: 2 bank: 3 row: 0 column: 57 addr: 0X1F340[0m
[1;33m[1;36m [IssueCommand] cid: 3 clk: 22061 | READ | (address) rank: 0 bankgroup: 2 bank: 3 row: 0 column: 57 addr: 0X1F360[0m
[1;33m[1;35m [ReturnDoneRead] cid: 2 clk: 22086 | READ | addr: 0X1F340[0m
[1;33m[1;35m [ReturnDoneRead] cid: 3 clk: 22086 | READ | addr: 0X1F360[0m
20694582: system.mem_ctrl: Read to address 127808 complete
20694582: system.mem_ctrl: Access for address 127808
20694582: system.mem_ctrl: Queuing response for address 127808
20702582: system.mem_ctrl: Attempting to send response
20702582: system.mem_ctrl: Have 0 read, 0 write, 0 responses outstanding
20795000: system.mem_ctrl: Enqueueing address 48320
[1;33m[1;35m [AddTransaction(RD)] cid: 2 clk: 22194 | READ | addr: 0XBCC0[0m
[1;33m[1;35m [AddTransaction(RD)] cid: 3 clk: 22194 | READ | addr: 0XBCE0[0m
[1;33m[1;36m [AddCommand] cid: 2 clk: 22194 | READ | (address) rank: 0 bankgroup: 1 bank: 1 row: 0 column: 30 addr: 0XBCC0[0m
[1;33m[1;36m [AddCommand] cid: 3 clk: 22194 | READ | (address) rank: 0 bankgroup: 1 bank: 1 row: 0 column: 30 addr: 0XBCE0[0m
[1;33m[1;36m [IssueCommand] cid: 2 clk: 22195 | ACTIVATE | (address) rank: 0 bankgroup: 1 bank: 1 row: 0 column: 30 addr: 0XBCC0[0m
[1;33m[1;36m [IssueCommand] cid: 3 clk: 22195 | ACTIVATE | (address) rank: 0 bankgroup: 1 bank: 1 row: 0 column: 30 addr: 0XBCE0[0m
[1;33m[1;36m [IssueCommand] cid: 2 clk: 22214 | READ | (address) rank: 0 bankgroup: 1 bank: 1 row: 0 column: 30 addr: 0XBCC0[0m
[1;33m[1;36m [IssueCommand] cid: 3 clk: 22214 | READ | (address) rank: 0 bankgroup: 1 bank: 1 row: 0 column: 30 addr: 0XBCE0[0m
[1;33m[1;35m [ReturnDoneRead] cid: 2 clk: 22239 | READ | addr: 0XBCC0[0m
[1;33m[1;35m [ReturnDoneRead] cid: 3 clk: 22239 | READ | addr: 0XBCE0[0m
20837943: system.mem_ctrl: Read to address 48320 complete
20837943: system.mem_ctrl: Access for address 48320
20837943: system.mem_ctrl: Queuing response for address 48320
20845943: system.mem_ctrl: Attempting to send response
20845943: system.mem_ctrl: Have 0 read, 0 write, 0 responses outstanding
20900000: system.mem_ctrl: Enqueueing address 421696
[1;33m[1;35m [AddTransaction(RD)] cid: 2 clk: 22306 | READ | addr: 0X66F40[0m
[1;33m[1;35m [AddTransaction(RD)] cid: 3 clk: 22306 | READ | addr: 0X66F60[0m
[1;33m[1;36m [AddCommand] cid: 2 clk: 22306 | READ | (address) rank: 1 bankgroup: 2 bank: 0 row: 1 column: 55 addr: 0X66F40[0m
[1;33m[1;36m [AddCommand] cid: 3 clk: 22306 | READ | (address) rank: 1 bankgroup: 2 bank: 0 row: 1 column: 55 addr: 0X66F60[0m
[1;33m[1;36m [IssueCommand] cid: 2 clk: 22307 | ACTIVATE | (address) rank: 1 bankgroup: 2 bank: 0 row: 1 column: 55 addr: 0X66F40[0m
[1;33m[1;36m [IssueCommand] cid: 3 clk: 22307 | ACTIVATE | (address) rank: 1 bankgroup: 2 bank: 0 row: 1 column: 55 addr: 0X66F60[0m
[1;33m[1;36m [IssueCommand] cid: 2 clk: 22326 | READ | (address) rank: 1 bankgroup: 2 bank: 0 row: 1 column: 55 addr: 0X66F40[0m
[1;33m[1;36m [IssueCommand] cid: 3 clk: 22326 | READ | (address) rank: 1 bankgroup: 2 bank: 0 row: 1 column: 55 addr: 0X66F60[0m
[1;33m[1;35m [ReturnDoneRead] cid: 2 clk: 22351 | READ | addr: 0X66F40[0m
[1;33m[1;35m [ReturnDoneRead] cid: 3 clk: 22351 | READ | addr: 0X66F60[0m
20942887: system.mem_ctrl: Read to address 421696 complete
20942887: system.mem_ctrl: Access for address 421696
20942887: system.mem_ctrl: Queuing response for address 421696
20950887: system.mem_ctrl: Attempting to send response
20950887: system.mem_ctrl: Have 0 read, 0 write, 0 responses outstanding
21009000: system.mem_ctrl: Enqueueing address 48384
[1;33m[1;35m [AddTransaction(RD)] cid: 0 clk: 22422 | READ | addr: 0XBD00[0m
[1;33m[1;35m [AddTransaction(RD)] cid: 1 clk: 22422 | READ | addr: 0XBD20[0m
[1;33m[1;36m [AddCommand] cid: 0 clk: 22422 | READ | (address) rank: 0 bankgroup: 2 bank: 1 row: 0 column: 30 addr: 0XBD00[0m
[1;33m[1;36m [AddCommand] cid: 1 clk: 22422 | READ | (address) rank: 0 bankgroup: 2 bank: 1 row: 0 column: 30 addr: 0XBD20[0m
[1;33m[1;36m [IssueCommand] cid: 0 clk: 22423 | READ | (address) rank: 0 bankgroup: 2 bank: 1 row: 0 column: 30 addr: 0XBD00[0m
[1;33m[1;36m [IssueCommand] cid: 1 clk: 22423 | READ | (address) rank: 0 bankgroup: 2 bank: 1 row: 0 column: 30 addr: 0XBD20[0m
[1;33m[1;35m [ReturnDoneRead] cid: 0 clk: 22448 | READ | addr: 0XBD00[0m
[1;33m[1;35m [ReturnDoneRead] cid: 1 clk: 22448 | READ | addr: 0XBD20[0m
21033776: system.mem_ctrl: Read to address 48384 complete
21033776: system.mem_ctrl: Access for address 48384
21033776: system.mem_ctrl: Queuing response for address 48384
21041776: system.mem_ctrl: Attempting to send response
21041776: system.mem_ctrl: Have 0 read, 0 write, 0 responses outstanding
21112000: system.mem_ctrl: Enqueueing address 415360
[1;33m[1;35m [AddTransaction(RD)] cid: 0 clk: 22532 | READ | addr: 0X65680[0m
[1;33m[1;35m [AddTransaction(RD)] cid: 1 clk: 22532 | READ | addr: 0X656A0[0m
[1;33m[1;36m [AddCommand] cid: 0 clk: 22532 | READ | (address) rank: 1 bankgroup: 1 bank: 0 row: 1 column: 43 addr: 0X65680[0m
[1;33m[1;36m [AddCommand] cid: 1 clk: 22532 | READ | (address) rank: 1 bankgroup: 1 bank: 0 row: 1 column: 43 addr: 0X656A0[0m
[1;33m[1;36m [IssueCommand] cid: 0 clk: 22533 | ACTIVATE | (address) rank: 1 bankgroup: 1 bank: 0 row: 1 column: 43 addr: 0X65680[0m
[1;33m[1;36m [IssueCommand] cid: 1 clk: 22533 | ACTIVATE | (address) rank: 1 bankgroup: 1 bank: 0 row: 1 column: 43 addr: 0X656A0[0m
[1;33m[1;36m [IssueCommand] cid: 0 clk: 22552 | READ | (address) rank: 1 bankgroup: 1 bank: 0 row: 1 column: 43 addr: 0X65680[0m
[1;33m[1;36m [IssueCommand] cid: 1 clk: 22552 | READ | (address) rank: 1 bankgroup: 1 bank: 0 row: 1 column: 43 addr: 0X656A0[0m
[1;33m[1;35m [ReturnDoneRead] cid: 0 clk: 22577 | READ | addr: 0X65680[0m
[1;33m[1;35m [ReturnDoneRead] cid: 1 clk: 22577 | READ | addr: 0X656A0[0m
21154649: system.mem_ctrl: Read to address 415360 complete
21154649: system.mem_ctrl: Access for address 415360
21154649: system.mem_ctrl: Queuing response for address 415360
21162649: system.mem_ctrl: Attempting to send response
21162649: system.mem_ctrl: Have 0 read, 0 write, 0 responses outstanding
21237000: system.mem_ctrl: Enqueueing address 415424
[1;33m[1;35m [AddTransaction(RD)] cid: 2 clk: 22665 | READ | addr: 0X656C0[0m
[1;33m[1;35m [AddTransaction(RD)] cid: 3 clk: 22665 | READ | addr: 0X656E0[0m
[1;33m[1;36m [AddCommand] cid: 2 clk: 22665 | READ | (address) rank: 1 bankgroup: 1 bank: 0 row: 1 column: 43 addr: 0X656C0[0m
[1;33m[1;36m [AddCommand] cid: 3 clk: 22665 | READ | (address) rank: 1 bankgroup: 1 bank: 0 row: 1 column: 43 addr: 0X656E0[0m
[1;33m[1;36m [IssueCommand] cid: 2 clk: 22666 | ACTIVATE | (address) rank: 1 bankgroup: 1 bank: 0 row: 1 column: 43 addr: 0X656C0[0m
[1;33m[1;36m [IssueCommand] cid: 3 clk: 22666 | ACTIVATE | (address) rank: 1 bankgroup: 1 bank: 0 row: 1 column: 43 addr: 0X656E0[0m
[1;33m[1;36m [IssueCommand] cid: 2 clk: 22685 | READ | (address) rank: 1 bankgroup: 1 bank: 0 row: 1 column: 43 addr: 0X656C0[0m
[1;33m[1;36m [IssueCommand] cid: 3 clk: 22685 | READ | (address) rank: 1 bankgroup: 1 bank: 0 row: 1 column: 43 addr: 0X656E0[0m
[1;33m[1;35m [ReturnDoneRead] cid: 2 clk: 22710 | READ | addr: 0X656C0[0m
[1;33m[1;35m [ReturnDoneRead] cid: 3 clk: 22710 | READ | addr: 0X656E0[0m
21279270: system.mem_ctrl: Read to address 415424 complete
21279270: system.mem_ctrl: Access for address 415424
21279270: system.mem_ctrl: Queuing response for address 415424
21287270: system.mem_ctrl: Attempting to send response
21287270: system.mem_ctrl: Have 0 read, 0 write, 0 responses outstanding
21390000: system.mem_ctrl: Enqueueing address 415488
[1;33m[1;35m [AddTransaction(RD)] cid: 0 clk: 22829 | READ | addr: 0X65700[0m
[1;33m[1;35m [AddTransaction(RD)] cid: 1 clk: 22829 | READ | addr: 0X65720[0m
[1;33m[1;36m [AddCommand] cid: 0 clk: 22829 | READ | (address) rank: 1 bankgroup: 2 bank: 0 row: 1 column: 43 addr: 0X65700[0m
[1;33m[1;36m [AddCommand] cid: 1 clk: 22829 | READ | (address) rank: 1 bankgroup: 2 bank: 0 row: 1 column: 43 addr: 0X65720[0m
[1;33m[1;36m [IssueCommand] cid: 0 clk: 22830 | ACTIVATE | (address) rank: 1 bankgroup: 2 bank: 0 row: 1 column: 43 addr: 0X65700[0m
[1;33m[1;36m [IssueCommand] cid: 1 clk: 22830 | ACTIVATE | (address) rank: 1 bankgroup: 2 bank: 0 row: 1 column: 43 addr: 0X65720[0m
[1;33m[1;36m [IssueCommand] cid: 0 clk: 22849 | READ | (address) rank: 1 bankgroup: 2 bank: 0 row: 1 column: 43 addr: 0X65700[0m
[1;33m[1;36m [IssueCommand] cid: 1 clk: 22849 | READ | (address) rank: 1 bankgroup: 2 bank: 0 row: 1 column: 43 addr: 0X65720[0m
[1;33m[1;35m [ReturnDoneRead] cid: 0 clk: 22874 | READ | addr: 0X65700[0m
[1;33m[1;35m [ReturnDoneRead] cid: 1 clk: 22874 | READ | addr: 0X65720[0m
21432938: system.mem_ctrl: Read to address 415488 complete
21432938: system.mem_ctrl: Access for address 415488
21432938: system.mem_ctrl: Queuing response for address 415488
21440938: system.mem_ctrl: Attempting to send response
21440938: system.mem_ctrl: Have 0 read, 0 write, 0 responses outstanding
[1;33m[1;36m [IssueCommand] cid: 0 clk: 22913 | PRECHARGE | (address) rank: 0 bankgroup: 0 bank: 2 row: -1 column: -1 addr: 0XFFFFFFFFFFFFFFFF[0m
[1;33m[1;36m [IssueCommand] cid: 1 clk: 22913 | PRECHARGE | (address) rank: 0 bankgroup: 0 bank: 2 row: -1 column: -1 addr: 0XFFFFFFFFFFFFFFFF[0m
[1;33m[1;36m [IssueCommand] cid: 2 clk: 22913 | PRECHARGE | (address) rank: 0 bankgroup: 0 bank: 1 row: -1 column: -1 addr: 0XFFFFFFFFFFFFFFFF[0m
[1;33m[1;36m [IssueCommand] cid: 3 clk: 22913 | PRECHARGE | (address) rank: 0 bankgroup: 0 bank: 1 row: -1 column: -1 addr: 0XFFFFFFFFFFFFFFFF[0m
[1;33m[1;36m [IssueCommand] cid: 0 clk: 22914 | PRECHARGE | (address) rank: 0 bankgroup: 1 bank: 1 row: -1 column: -1 addr: 0XFFFFFFFFFFFFFFFF[0m
[1;33m[1;36m [IssueCommand] cid: 1 clk: 22914 | PRECHARGE | (address) rank: 0 bankgroup: 1 bank: 1 row: -1 column: -1 addr: 0XFFFFFFFFFFFFFFFF[0m
[1;33m[1;36m [IssueCommand] cid: 2 clk: 22914 | PRECHARGE | (address) rank: 0 bankgroup: 1 bank: 1 row: -1 column: -1 addr: 0XFFFFFFFFFFFFFFFF[0m
[1;33m[1;36m [IssueCommand] cid: 3 clk: 22914 | PRECHARGE | (address) rank: 0 bankgroup: 1 bank: 1 row: -1 column: -1 addr: 0XFFFFFFFFFFFFFFFF[0m
[1;33m[1;36m [IssueCommand] cid: 0 clk: 22915 | PRECHARGE | (address) rank: 0 bankgroup: 2 bank: 1 row: -1 column: -1 addr: 0XFFFFFFFFFFFFFFFF[0m
[1;33m[1;36m [IssueCommand] cid: 1 clk: 22915 | PRECHARGE | (address) rank: 0 bankgroup: 2 bank: 1 row: -1 column: -1 addr: 0XFFFFFFFFFFFFFFFF[0m
[1;33m[1;36m [IssueCommand] cid: 2 clk: 22915 | PRECHARGE | (address) rank: 0 bankgroup: 2 bank: 3 row: -1 column: -1 addr: 0XFFFFFFFFFFFFFFFF[0m
[1;33m[1;36m [IssueCommand] cid: 3 clk: 22915 | PRECHARGE | (address) rank: 0 bankgroup: 2 bank: 3 row: -1 column: -1 addr: 0XFFFFFFFFFFFFFFFF[0m
[1;33m[1;36m [IssueCommand] cid: 0 clk: 22916 | PRECHARGE | (address) rank: 0 bankgroup: 2 bank: 2 row: -1 column: -1 addr: 0XFFFFFFFFFFFFFFFF[0m
[1;33m[1;36m [IssueCommand] cid: 1 clk: 22916 | PRECHARGE | (address) rank: 0 bankgroup: 2 bank: 2 row: -1 column: -1 addr: 0XFFFFFFFFFFFFFFFF[0m
[1;33m[1;36m [IssueCommand] cid: 0 clk: 22917 | PRECHARGE | (address) rank: 0 bankgroup: 2 bank: 3 row: -1 column: -1 addr: 0XFFFFFFFFFFFFFFFF[0m
[1;33m[1;36m [IssueCommand] cid: 1 clk: 22917 | PRECHARGE | (address) rank: 0 bankgroup: 2 bank: 3 row: -1 column: -1 addr: 0XFFFFFFFFFFFFFFFF[0m
[1;33m[1;36m [IssueCommand] cid: 2 clk: 22934 | REFRESH | (address) rank: 0 bankgroup: -1 bank: -1 row: -1 column: -1 addr: 0XFFFFFFFFFFFFFFFF[0m
[1;33m[1;36m [IssueCommand] cid: 3 clk: 22934 | REFRESH | (address) rank: 0 bankgroup: -1 bank: -1 row: -1 column: -1 addr: 0XFFFFFFFFFFFFFFFF[0m
[1;33m[1;36m [IssueCommand] cid: 0 clk: 22936 | REFRESH | (address) rank: 0 bankgroup: -1 bank: -1 row: -1 column: -1 addr: 0XFFFFFFFFFFFFFFFF[0m
[1;33m[1;36m [IssueCommand] cid: 1 clk: 22936 | REFRESH | (address) rank: 0 bankgroup: -1 bank: -1 row: -1 column: -1 addr: 0XFFFFFFFFFFFFFFFF[0m
21543000: system.mem_ctrl: Enqueueing address 415552
[1;33m[1;35m [AddTransaction(RD)] cid: 2 clk: 22992 | READ | addr: 0X65740[0m
[1;33m[1;35m [AddTransaction(RD)] cid: 3 clk: 22992 | READ | addr: 0X65760[0m
[1;33m[1;36m [AddCommand] cid: 2 clk: 22992 | READ | (address) rank: 1 bankgroup: 2 bank: 0 row: 1 column: 43 addr: 0X65740[0m
[1;33m[1;36m [AddCommand] cid: 3 clk: 22992 | READ | (address) rank: 1 bankgroup: 2 bank: 0 row: 1 column: 43 addr: 0X65760[0m
[1;33m[1;36m [IssueCommand] cid: 2 clk: 22993 | READ | (address) rank: 1 bankgroup: 2 bank: 0 row: 1 column: 43 addr: 0X65740[0m
[1;33m[1;36m [IssueCommand] cid: 3 clk: 22993 | READ | (address) rank: 1 bankgroup: 2 bank: 0 row: 1 column: 43 addr: 0X65760[0m
[1;33m[1;35m [ReturnDoneRead] cid: 2 clk: 23018 | READ | addr: 0X65740[0m
[1;33m[1;35m [ReturnDoneRead] cid: 3 clk: 23018 | READ | addr: 0X65760[0m
21567866: system.mem_ctrl: Read to address 415552 complete
21567866: system.mem_ctrl: Access for address 415552
21567866: system.mem_ctrl: Queuing response for address 415552
21575866: system.mem_ctrl: Attempting to send response
21575866: system.mem_ctrl: Have 0 read, 0 write, 0 responses outstanding
21678000: system.mem_ctrl: Enqueueing address 415616
[1;33m[1;35m [AddTransaction(RD)] cid: 0 clk: 23136 | READ | addr: 0X65780[0m
[1;33m[1;35m [AddTransaction(RD)] cid: 1 clk: 23136 | READ | addr: 0X657A0[0m
[1;33m[1;36m [AddCommand] cid: 0 clk: 23136 | READ | (address) rank: 1 bankgroup: 3 bank: 0 row: 1 column: 43 addr: 0X65780[0m
[1;33m[1;36m [AddCommand] cid: 1 clk: 23136 | READ | (address) rank: 1 bankgroup: 3 bank: 0 row: 1 column: 43 addr: 0X657A0[0m
[1;33m[1;36m [IssueCommand] cid: 0 clk: 23137 | ACTIVATE | (address) rank: 1 bankgroup: 3 bank: 0 row: 1 column: 43 addr: 0X65780[0m
[1;33m[1;36m [IssueCommand] cid: 1 clk: 23137 | ACTIVATE | (address) rank: 1 bankgroup: 3 bank: 0 row: 1 column: 43 addr: 0X657A0[0m
[1;33m[1;36m [IssueCommand] cid: 0 clk: 23156 | READ | (address) rank: 1 bankgroup: 3 bank: 0 row: 1 column: 43 addr: 0X65780[0m
[1;33m[1;36m [IssueCommand] cid: 1 clk: 23156 | READ | (address) rank: 1 bankgroup: 3 bank: 0 row: 1 column: 43 addr: 0X657A0[0m
[1;33m[1;35m [ReturnDoneRead] cid: 0 clk: 23181 | READ | addr: 0X65780[0m
[1;33m[1;35m [ReturnDoneRead] cid: 1 clk: 23181 | READ | addr: 0X657A0[0m
21720597: system.mem_ctrl: Read to address 415616 complete
21720597: system.mem_ctrl: Access for address 415616
21720597: system.mem_ctrl: Queuing response for address 415616
21728597: system.mem_ctrl: Attempting to send response
21728597: system.mem_ctrl: Have 0 read, 0 write, 0 responses outstanding
21831000: system.mem_ctrl: Enqueueing address 415680
[1;33m[1;35m [AddTransaction(RD)] cid: 2 clk: 23299 | READ | addr: 0X657C0[0m
[1;33m[1;35m [AddTransaction(RD)] cid: 3 clk: 23299 | READ | addr: 0X657E0[0m
[1;33m[1;36m [AddCommand] cid: 2 clk: 23299 | READ | (address) rank: 1 bankgroup: 3 bank: 0 row: 1 column: 43 addr: 0X657C0[0m
[1;33m[1;36m [AddCommand] cid: 3 clk: 23299 | READ | (address) rank: 1 bankgroup: 3 bank: 0 row: 1 column: 43 addr: 0X657E0[0m
[1;33m[1;36m [IssueCommand] cid: 2 clk: 23300 | ACTIVATE | (address) rank: 1 bankgroup: 3 bank: 0 row: 1 column: 43 addr: 0X657C0[0m
[1;33m[1;36m [IssueCommand] cid: 3 clk: 23300 | ACTIVATE | (address) rank: 1 bankgroup: 3 bank: 0 row: 1 column: 43 addr: 0X657E0[0m
[1;33m[1;36m [IssueCommand] cid: 2 clk: 23319 | READ | (address) rank: 1 bankgroup: 3 bank: 0 row: 1 column: 43 addr: 0X657C0[0m
[1;33m[1;36m [IssueCommand] cid: 3 clk: 23319 | READ | (address) rank: 1 bankgroup: 3 bank: 0 row: 1 column: 43 addr: 0X657E0[0m
[1;33m[1;35m [ReturnDoneRead] cid: 2 clk: 23344 | READ | addr: 0X657C0[0m
[1;33m[1;35m [ReturnDoneRead] cid: 3 clk: 23344 | READ | addr: 0X657E0[0m
21873328: system.mem_ctrl: Read to address 415680 complete
21873328: system.mem_ctrl: Access for address 415680
21873328: system.mem_ctrl: Queuing response for address 415680
21881328: system.mem_ctrl: Attempting to send response
21881328: system.mem_ctrl: Have 0 read, 0 write, 0 responses outstanding
21984000: system.mem_ctrl: Enqueueing address 415744
[1;33m[1;35m [AddTransaction(RD)] cid: 0 clk: 23463 | READ | addr: 0X65800[0m
[1;33m[1;35m [AddTransaction(RD)] cid: 1 clk: 23463 | READ | addr: 0X65820[0m
[1;33m[1;36m [AddCommand] cid: 0 clk: 23463 | READ | (address) rank: 1 bankgroup: 0 bank: 0 row: 1 column: 44 addr: 0X65800[0m
[1;33m[1;36m [AddCommand] cid: 1 clk: 23463 | READ | (address) rank: 1 bankgroup: 0 bank: 0 row: 1 column: 44 addr: 0X65820[0m
[1;33m[1;36m [IssueCommand] cid: 0 clk: 23464 | ACTIVATE | (address) rank: 1 bankgroup: 0 bank: 0 row: 1 column: 44 addr: 0X65800[0m
[1;33m[1;36m [IssueCommand] cid: 1 clk: 23464 | ACTIVATE | (address) rank: 1 bankgroup: 0 bank: 0 row: 1 column: 44 addr: 0X65820[0m
[1;33m[1;36m [IssueCommand] cid: 0 clk: 23483 | READ | (address) rank: 1 bankgroup: 0 bank: 0 row: 1 column: 44 addr: 0X65800[0m
[1;33m[1;36m [IssueCommand] cid: 1 clk: 23483 | READ | (address) rank: 1 bankgroup: 0 bank: 0 row: 1 column: 44 addr: 0X65820[0m
[1;33m[1;35m [ReturnDoneRead] cid: 0 clk: 23508 | READ | addr: 0X65800[0m
[1;33m[1;35m [ReturnDoneRead] cid: 1 clk: 23508 | READ | addr: 0X65820[0m
22026996: system.mem_ctrl: Read to address 415744 complete
22026996: system.mem_ctrl: Access for address 415744
22026996: system.mem_ctrl: Queuing response for address 415744
22034996: system.mem_ctrl: Attempting to send response
22034996: system.mem_ctrl: Have 0 read, 0 write, 0 responses outstanding
22137000: system.mem_ctrl: Enqueueing address 415808
[1;33m[1;35m [AddTransaction(RD)] cid: 2 clk: 23626 | READ | addr: 0X65840[0m
[1;33m[1;35m [AddTransaction(RD)] cid: 3 clk: 23626 | READ | addr: 0X65860[0m
[1;33m[1;36m [AddCommand] cid: 2 clk: 23626 | READ | (address) rank: 1 bankgroup: 0 bank: 0 row: 1 column: 44 addr: 0X65840[0m
[1;33m[1;36m [AddCommand] cid: 3 clk: 23626 | READ | (address) rank: 1 bankgroup: 0 bank: 0 row: 1 column: 44 addr: 0X65860[0m
[1;33m[1;36m [IssueCommand] cid: 2 clk: 23627 | ACTIVATE | (address) rank: 1 bankgroup: 0 bank: 0 row: 1 column: 44 addr: 0X65840[0m
[1;33m[1;36m [IssueCommand] cid: 3 clk: 23627 | ACTIVATE | (address) rank: 1 bankgroup: 0 bank: 0 row: 1 column: 44 addr: 0X65860[0m
[1;33m[1;36m [IssueCommand] cid: 2 clk: 23646 | READ | (address) rank: 1 bankgroup: 0 bank: 0 row: 1 column: 44 addr: 0X65840[0m
[1;33m[1;36m [IssueCommand] cid: 3 clk: 23646 | READ | (address) rank: 1 bankgroup: 0 bank: 0 row: 1 column: 44 addr: 0X65860[0m
[1;33m[1;35m [ReturnDoneRead] cid: 2 clk: 23671 | READ | addr: 0X65840[0m
[1;33m[1;35m [ReturnDoneRead] cid: 3 clk: 23671 | READ | addr: 0X65860[0m
22179727: system.mem_ctrl: Read to address 415808 complete
22179727: system.mem_ctrl: Access for address 415808
22179727: system.mem_ctrl: Queuing response for address 415808
22187727: system.mem_ctrl: Attempting to send response
22187727: system.mem_ctrl: Have 0 read, 0 write, 0 responses outstanding
22290000: system.mem_ctrl: Enqueueing address 415872
[1;33m[1;35m [AddTransaction(RD)] cid: 0 clk: 23789 | READ | addr: 0X65880[0m
[1;33m[1;35m [AddTransaction(RD)] cid: 1 clk: 23789 | READ | addr: 0X658A0[0m
[1;33m[1;36m [AddCommand] cid: 0 clk: 23789 | READ | (address) rank: 1 bankgroup: 1 bank: 0 row: 1 column: 44 addr: 0X65880[0m
[1;33m[1;36m [AddCommand] cid: 1 clk: 23789 | READ | (address) rank: 1 bankgroup: 1 bank: 0 row: 1 column: 44 addr: 0X658A0[0m
[1;33m[1;36m [IssueCommand] cid: 0 clk: 23790 | READ | (address) rank: 1 bankgroup: 1 bank: 0 row: 1 column: 44 addr: 0X65880[0m
[1;33m[1;36m [IssueCommand] cid: 1 clk: 23790 | READ | (address) rank: 1 bankgroup: 1 bank: 0 row: 1 column: 44 addr: 0X658A0[0m
[1;33m[1;35m [ReturnDoneRead] cid: 0 clk: 23815 | READ | addr: 0X65880[0m
[1;33m[1;35m [ReturnDoneRead] cid: 1 clk: 23815 | READ | addr: 0X658A0[0m
22314655: system.mem_ctrl: Read to address 415872 complete
22314655: system.mem_ctrl: Access for address 415872
22314655: system.mem_ctrl: Queuing response for address 415872
22322655: system.mem_ctrl: Attempting to send response
22322655: system.mem_ctrl: Have 0 read, 0 write, 0 responses outstanding
22425000: system.mem_ctrl: Enqueueing address 415936
[1;33m[1;35m [AddTransaction(RD)] cid: 2 clk: 23933 | READ | addr: 0X658C0[0m
[1;33m[1;35m [AddTransaction(RD)] cid: 3 clk: 23933 | READ | addr: 0X658E0[0m
[1;33m[1;36m [AddCommand] cid: 2 clk: 23933 | READ | (address) rank: 1 bankgroup: 1 bank: 0 row: 1 column: 44 addr: 0X658C0[0m
[1;33m[1;36m [AddCommand] cid: 3 clk: 23933 | READ | (address) rank: 1 bankgroup: 1 bank: 0 row: 1 column: 44 addr: 0X658E0[0m
[1;33m[1;36m [IssueCommand] cid: 2 clk: 23934 | READ | (address) rank: 1 bankgroup: 1 bank: 0 row: 1 column: 44 addr: 0X658C0[0m
[1;33m[1;36m [IssueCommand] cid: 3 clk: 23934 | READ | (address) rank: 1 bankgroup: 1 bank: 0 row: 1 column: 44 addr: 0X658E0[0m
[1;33m[1;35m [ReturnDoneRead] cid: 2 clk: 23959 | READ | addr: 0X658C0[0m
[1;33m[1;35m [ReturnDoneRead] cid: 3 clk: 23959 | READ | addr: 0X658E0[0m
22449583: system.mem_ctrl: Read to address 415936 complete
22449583: system.mem_ctrl: Access for address 415936
22449583: system.mem_ctrl: Queuing response for address 415936
22457583: system.mem_ctrl: Attempting to send response
22457583: system.mem_ctrl: Have 0 read, 0 write, 0 responses outstanding
22560000: system.mem_ctrl: Enqueueing address 416000
[1;33m[1;35m [AddTransaction(RD)] cid: 0 clk: 24077 | READ | addr: 0X65900[0m
[1;33m[1;35m [AddTransaction(RD)] cid: 1 clk: 24077 | READ | addr: 0X65920[0m
[1;33m[1;36m [AddCommand] cid: 0 clk: 24077 | READ | (address) rank: 1 bankgroup: 2 bank: 0 row: 1 column: 44 addr: 0X65900[0m
[1;33m[1;36m [AddCommand] cid: 1 clk: 24077 | READ | (address) rank: 1 bankgroup: 2 bank: 0 row: 1 column: 44 addr: 0X65920[0m
[1;33m[1;36m [IssueCommand] cid: 0 clk: 24078 | READ | (address) rank: 1 bankgroup: 2 bank: 0 row: 1 column: 44 addr: 0X65900[0m
[1;33m[1;36m [IssueCommand] cid: 1 clk: 24078 | READ | (address) rank: 1 bankgroup: 2 bank: 0 row: 1 column: 44 addr: 0X65920[0m
[1;33m[1;35m [ReturnDoneRead] cid: 0 clk: 24103 | READ | addr: 0X65900[0m
[1;33m[1;35m [ReturnDoneRead] cid: 1 clk: 24103 | READ | addr: 0X65920[0m
22584511: system.mem_ctrl: Read to address 416000 complete
22584511: system.mem_ctrl: Access for address 416000
22584511: system.mem_ctrl: Queuing response for address 416000
22592511: system.mem_ctrl: Attempting to send response
22592511: system.mem_ctrl: Have 0 read, 0 write, 0 responses outstanding
22695000: system.mem_ctrl: Enqueueing address 416064
[1;33m[1;35m [AddTransaction(RD)] cid: 2 clk: 24221 | READ | addr: 0X65940[0m
[1;33m[1;35m [AddTransaction(RD)] cid: 3 clk: 24221 | READ | addr: 0X65960[0m
[1;33m[1;36m [AddCommand] cid: 2 clk: 24221 | READ | (address) rank: 1 bankgroup: 2 bank: 0 row: 1 column: 44 addr: 0X65940[0m
[1;33m[1;36m [AddCommand] cid: 3 clk: 24221 | READ | (address) rank: 1 bankgroup: 2 bank: 0 row: 1 column: 44 addr: 0X65960[0m
[1;33m[1;36m [IssueCommand] cid: 2 clk: 24222 | READ | (address) rank: 1 bankgroup: 2 bank: 0 row: 1 column: 44 addr: 0X65940[0m
[1;33m[1;36m [IssueCommand] cid: 3 clk: 24222 | READ | (address) rank: 1 bankgroup: 2 bank: 0 row: 1 column: 44 addr: 0X65960[0m
[1;33m[1;35m [ReturnDoneRead] cid: 2 clk: 24247 | READ | addr: 0X65940[0m
[1;33m[1;35m [ReturnDoneRead] cid: 3 clk: 24247 | READ | addr: 0X65960[0m
22719439: system.mem_ctrl: Read to address 416064 complete
22719439: system.mem_ctrl: Access for address 416064
22719439: system.mem_ctrl: Queuing response for address 416064
22727439: system.mem_ctrl: Attempting to send response
22727439: system.mem_ctrl: Have 0 read, 0 write, 0 responses outstanding
22830000: system.mem_ctrl: Enqueueing address 416128
[1;33m[1;35m [AddTransaction(RD)] cid: 0 clk: 24365 | READ | addr: 0X65980[0m
[1;33m[1;35m [AddTransaction(RD)] cid: 1 clk: 24365 | READ | addr: 0X659A0[0m
[1;33m[1;36m [AddCommand] cid: 0 clk: 24365 | READ | (address) rank: 1 bankgroup: 3 bank: 0 row: 1 column: 44 addr: 0X65980[0m
[1;33m[1;36m [AddCommand] cid: 1 clk: 24365 | READ | (address) rank: 1 bankgroup: 3 bank: 0 row: 1 column: 44 addr: 0X659A0[0m
[1;33m[1;36m [IssueCommand] cid: 0 clk: 24366 | READ | (address) rank: 1 bankgroup: 3 bank: 0 row: 1 column: 44 addr: 0X65980[0m
[1;33m[1;36m [IssueCommand] cid: 1 clk: 24366 | READ | (address) rank: 1 bankgroup: 3 bank: 0 row: 1 column: 44 addr: 0X659A0[0m
[1;33m[1;35m [ReturnDoneRead] cid: 0 clk: 24391 | READ | addr: 0X65980[0m
[1;33m[1;35m [ReturnDoneRead] cid: 1 clk: 24391 | READ | addr: 0X659A0[0m
22854367: system.mem_ctrl: Read to address 416128 complete
22854367: system.mem_ctrl: Access for address 416128
22854367: system.mem_ctrl: Queuing response for address 416128
22862367: system.mem_ctrl: Attempting to send response
22862367: system.mem_ctrl: Have 0 read, 0 write, 0 responses outstanding
22965000: system.mem_ctrl: Enqueueing address 416192
[1;33m[1;35m [AddTransaction(RD)] cid: 2 clk: 24510 | READ | addr: 0X659C0[0m
[1;33m[1;35m [AddTransaction(RD)] cid: 3 clk: 24510 | READ | addr: 0X659E0[0m
[1;33m[1;36m [AddCommand] cid: 2 clk: 24510 | READ | (address) rank: 1 bankgroup: 3 bank: 0 row: 1 column: 44 addr: 0X659C0[0m
[1;33m[1;36m [AddCommand] cid: 3 clk: 24510 | READ | (address) rank: 1 bankgroup: 3 bank: 0 row: 1 column: 44 addr: 0X659E0[0m
[1;33m[1;36m [IssueCommand] cid: 2 clk: 24511 | READ | (address) rank: 1 bankgroup: 3 bank: 0 row: 1 column: 44 addr: 0X659C0[0m
[1;33m[1;36m [IssueCommand] cid: 3 clk: 24511 | READ | (address) rank: 1 bankgroup: 3 bank: 0 row: 1 column: 44 addr: 0X659E0[0m
[1;33m[1;35m [ReturnDoneRead] cid: 2 clk: 24536 | READ | addr: 0X659C0[0m
[1;33m[1;35m [ReturnDoneRead] cid: 3 clk: 24536 | READ | addr: 0X659E0[0m
22990232: system.mem_ctrl: Read to address 416192 complete
22990232: system.mem_ctrl: Access for address 416192
22990232: system.mem_ctrl: Queuing response for address 416192
22998232: system.mem_ctrl: Attempting to send response
22998232: system.mem_ctrl: Have 0 read, 0 write, 0 responses outstanding
23101000: system.mem_ctrl: Enqueueing address 416256
[1;33m[1;35m [AddTransaction(RD)] cid: 0 clk: 24655 | READ | addr: 0X65A00[0m
[1;33m[1;35m [AddTransaction(RD)] cid: 1 clk: 24655 | READ | addr: 0X65A20[0m
[1;33m[1;36m [AddCommand] cid: 0 clk: 24655 | READ | (address) rank: 1 bankgroup: 0 bank: 0 row: 1 column: 45 addr: 0X65A00[0m
[1;33m[1;36m [AddCommand] cid: 1 clk: 24655 | READ | (address) rank: 1 bankgroup: 0 bank: 0 row: 1 column: 45 addr: 0X65A20[0m
[1;33m[1;36m [IssueCommand] cid: 0 clk: 24656 | READ | (address) rank: 1 bankgroup: 0 bank: 0 row: 1 column: 45 addr: 0X65A00[0m
[1;33m[1;36m [IssueCommand] cid: 1 clk: 24656 | READ | (address) rank: 1 bankgroup: 0 bank: 0 row: 1 column: 45 addr: 0X65A20[0m
[1;33m[1;35m [ReturnDoneRead] cid: 0 clk: 24681 | READ | addr: 0X65A00[0m
[1;33m[1;35m [ReturnDoneRead] cid: 1 clk: 24681 | READ | addr: 0X65A20[0m
23126097: system.mem_ctrl: Read to address 416256 complete
23126097: system.mem_ctrl: Access for address 416256
23126097: system.mem_ctrl: Queuing response for address 416256
23134097: system.mem_ctrl: Attempting to send response
23134097: system.mem_ctrl: Have 0 read, 0 write, 0 responses outstanding
23237000: system.mem_ctrl: Enqueueing address 416320
[1;33m[1;35m [AddTransaction(RD)] cid: 2 clk: 24800 | READ | addr: 0X65A40[0m
[1;33m[1;35m [AddTransaction(RD)] cid: 3 clk: 24800 | READ | addr: 0X65A60[0m
[1;33m[1;36m [AddCommand] cid: 2 clk: 24800 | READ | (address) rank: 1 bankgroup: 0 bank: 0 row: 1 column: 45 addr: 0X65A40[0m
[1;33m[1;36m [AddCommand] cid: 3 clk: 24800 | READ | (address) rank: 1 bankgroup: 0 bank: 0 row: 1 column: 45 addr: 0X65A60[0m
[1;33m[1;36m [IssueCommand] cid: 2 clk: 24801 | READ | (address) rank: 1 bankgroup: 0 bank: 0 row: 1 column: 45 addr: 0X65A40[0m
[1;33m[1;36m [IssueCommand] cid: 3 clk: 24801 | READ | (address) rank: 1 bankgroup: 0 bank: 0 row: 1 column: 45 addr: 0X65A60[0m
[1;33m[1;35m [ReturnDoneRead] cid: 2 clk: 24826 | READ | addr: 0X65A40[0m
[1;33m[1;35m [ReturnDoneRead] cid: 3 clk: 24826 | READ | addr: 0X65A60[0m
23261962: system.mem_ctrl: Read to address 416320 complete
23261962: system.mem_ctrl: Access for address 416320
23261962: system.mem_ctrl: Queuing response for address 416320
23269962: system.mem_ctrl: Attempting to send response
23269962: system.mem_ctrl: Have 0 read, 0 write, 0 responses outstanding
23372000: system.mem_ctrl: Enqueueing address 416384
[1;33m[1;35m [AddTransaction(RD)] cid: 0 clk: 24944 | READ | addr: 0X65A80[0m
[1;33m[1;35m [AddTransaction(RD)] cid: 1 clk: 24944 | READ | addr: 0X65AA0[0m
[1;33m[1;36m [AddCommand] cid: 0 clk: 24944 | READ | (address) rank: 1 bankgroup: 1 bank: 0 row: 1 column: 45 addr: 0X65A80[0m
[1;33m[1;36m [AddCommand] cid: 1 clk: 24944 | READ | (address) rank: 1 bankgroup: 1 bank: 0 row: 1 column: 45 addr: 0X65AA0[0m
[1;33m[1;36m [IssueCommand] cid: 0 clk: 24945 | READ | (address) rank: 1 bankgroup: 1 bank: 0 row: 1 column: 45 addr: 0X65A80[0m
[1;33m[1;36m [IssueCommand] cid: 1 clk: 24945 | READ | (address) rank: 1 bankgroup: 1 bank: 0 row: 1 column: 45 addr: 0X65AA0[0m
[1;33m[1;35m [ReturnDoneRead] cid: 0 clk: 24970 | READ | addr: 0X65A80[0m
[1;33m[1;35m [ReturnDoneRead] cid: 1 clk: 24970 | READ | addr: 0X65AA0[0m
23396890: system.mem_ctrl: Read to address 416384 complete
23396890: system.mem_ctrl: Access for address 416384
23396890: system.mem_ctrl: Queuing response for address 416384
23404890: system.mem_ctrl: Attempting to send response
23404890: system.mem_ctrl: Have 0 read, 0 write, 0 responses outstanding
[1;33m[1;36m [IssueCommand] cid: 0 clk: 24996 | PRECHARGE | (address) rank: 1 bankgroup: 0 bank: 0 row: -1 column: -1 addr: 0XFFFFFFFFFFFFFFFF[0m
[1;33m[1;36m [IssueCommand] cid: 1 clk: 24996 | PRECHARGE | (address) rank: 1 bankgroup: 0 bank: 0 row: -1 column: -1 addr: 0XFFFFFFFFFFFFFFFF[0m
[1;33m[1;36m [IssueCommand] cid: 2 clk: 24996 | PRECHARGE | (address) rank: 1 bankgroup: 0 bank: 0 row: -1 column: -1 addr: 0XFFFFFFFFFFFFFFFF[0m
[1;33m[1;36m [IssueCommand] cid: 3 clk: 24996 | PRECHARGE | (address) rank: 1 bankgroup: 0 bank: 0 row: -1 column: -1 addr: 0XFFFFFFFFFFFFFFFF[0m
[1;33m[1;36m [IssueCommand] cid: 0 clk: 24997 | PRECHARGE | (address) rank: 1 bankgroup: 0 bank: 1 row: -1 column: -1 addr: 0XFFFFFFFFFFFFFFFF[0m
[1;33m[1;36m [IssueCommand] cid: 1 clk: 24997 | PRECHARGE | (address) rank: 1 bankgroup: 0 bank: 1 row: -1 column: -1 addr: 0XFFFFFFFFFFFFFFFF[0m
[1;33m[1;36m [IssueCommand] cid: 2 clk: 24997 | PRECHARGE | (address) rank: 1 bankgroup: 1 bank: 0 row: -1 column: -1 addr: 0XFFFFFFFFFFFFFFFF[0m
[1;33m[1;36m [IssueCommand] cid: 3 clk: 24997 | PRECHARGE | (address) rank: 1 bankgroup: 1 bank: 0 row: -1 column: -1 addr: 0XFFFFFFFFFFFFFFFF[0m
[1;33m[1;36m [IssueCommand] cid: 0 clk: 24998 | PRECHARGE | (address) rank: 1 bankgroup: 1 bank: 0 row: -1 column: -1 addr: 0XFFFFFFFFFFFFFFFF[0m
[1;33m[1;36m [IssueCommand] cid: 1 clk: 24998 | PRECHARGE | (address) rank: 1 bankgroup: 1 bank: 0 row: -1 column: -1 addr: 0XFFFFFFFFFFFFFFFF[0m
[1;33m[1;36m [IssueCommand] cid: 2 clk: 24998 | PRECHARGE | (address) rank: 1 bankgroup: 2 bank: 0 row: -1 column: -1 addr: 0XFFFFFFFFFFFFFFFF[0m
[1;33m[1;36m [IssueCommand] cid: 3 clk: 24998 | PRECHARGE | (address) rank: 1 bankgroup: 2 bank: 0 row: -1 column: -1 addr: 0XFFFFFFFFFFFFFFFF[0m
[1;33m[1;36m [IssueCommand] cid: 0 clk: 24999 | PRECHARGE | (address) rank: 1 bankgroup: 2 bank: 0 row: -1 column: -1 addr: 0XFFFFFFFFFFFFFFFF[0m
[1;33m[1;36m [IssueCommand] cid: 1 clk: 24999 | PRECHARGE | (address) rank: 1 bankgroup: 2 bank: 0 row: -1 column: -1 addr: 0XFFFFFFFFFFFFFFFF[0m
[1;33m[1;36m [IssueCommand] cid: 2 clk: 24999 | PRECHARGE | (address) rank: 1 bankgroup: 2 bank: 1 row: -1 column: -1 addr: 0XFFFFFFFFFFFFFFFF[0m
[1;33m[1;36m [IssueCommand] cid: 3 clk: 24999 | PRECHARGE | (address) rank: 1 bankgroup: 2 bank: 1 row: -1 column: -1 addr: 0XFFFFFFFFFFFFFFFF[0m
[1;33m[1;36m [IssueCommand] cid: 0 clk: 25000 | PRECHARGE | (address) rank: 1 bankgroup: 2 bank: 1 row: -1 column: -1 addr: 0XFFFFFFFFFFFFFFFF[0m
[1;33m[1;36m [IssueCommand] cid: 1 clk: 25000 | PRECHARGE | (address) rank: 1 bankgroup: 2 bank: 1 row: -1 column: -1 addr: 0XFFFFFFFFFFFFFFFF[0m
[1;33m[1;36m [IssueCommand] cid: 2 clk: 25000 | PRECHARGE | (address) rank: 1 bankgroup: 3 bank: 0 row: -1 column: -1 addr: 0XFFFFFFFFFFFFFFFF[0m
[1;33m[1;36m [IssueCommand] cid: 3 clk: 25000 | PRECHARGE | (address) rank: 1 bankgroup: 3 bank: 0 row: -1 column: -1 addr: 0XFFFFFFFFFFFFFFFF[0m
[1;33m[1;36m [IssueCommand] cid: 0 clk: 25001 | PRECHARGE | (address) rank: 1 bankgroup: 3 bank: 0 row: -1 column: -1 addr: 0XFFFFFFFFFFFFFFFF[0m
[1;33m[1;36m [IssueCommand] cid: 1 clk: 25001 | PRECHARGE | (address) rank: 1 bankgroup: 3 bank: 0 row: -1 column: -1 addr: 0XFFFFFFFFFFFFFFFF[0m
[1;33m[1;36m [IssueCommand] cid: 2 clk: 25019 | REFRESH | (address) rank: 1 bankgroup: -1 bank: -1 row: -1 column: -1 addr: 0XFFFFFFFFFFFFFFFF[0m
[1;33m[1;36m [IssueCommand] cid: 3 clk: 25019 | REFRESH | (address) rank: 1 bankgroup: -1 bank: -1 row: -1 column: -1 addr: 0XFFFFFFFFFFFFFFFF[0m
[1;33m[1;36m [IssueCommand] cid: 0 clk: 25020 | REFRESH | (address) rank: 1 bankgroup: -1 bank: -1 row: -1 column: -1 addr: 0XFFFFFFFFFFFFFFFF[0m
[1;33m[1;36m [IssueCommand] cid: 1 clk: 25020 | REFRESH | (address) rank: 1 bankgroup: -1 bank: -1 row: -1 column: -1 addr: 0XFFFFFFFFFFFFFFFF[0m
23507000: system.mem_ctrl: Enqueueing address 416448
[1;33m[1;35m [AddTransaction(RD)] cid: 2 clk: 25088 | READ | addr: 0X65AC0[0m
[1;33m[1;35m [AddTransaction(RD)] cid: 3 clk: 25088 | READ | addr: 0X65AE0[0m
[1;33m[1;36m [AddCommand] cid: 2 clk: 25088 | READ | (address) rank: 1 bankgroup: 1 bank: 0 row: 1 column: 45 addr: 0X65AC0[0m
[1;33m[1;36m [AddCommand] cid: 3 clk: 25088 | READ | (address) rank: 1 bankgroup: 1 bank: 0 row: 1 column: 45 addr: 0X65AE0[0m
[1;33m[1;36m [IssueCommand] cid: 2 clk: 25318 | ACTIVATE | (address) rank: 1 bankgroup: 1 bank: 0 row: 1 column: 45 addr: 0X65AC0[0m
[1;33m[1;36m [IssueCommand] cid: 3 clk: 25318 | ACTIVATE | (address) rank: 1 bankgroup: 1 bank: 0 row: 1 column: 45 addr: 0X65AE0[0m
[1;33m[1;36m [IssueCommand] cid: 2 clk: 25337 | READ | (address) rank: 1 bankgroup: 1 bank: 0 row: 1 column: 45 addr: 0X65AC0[0m
[1;33m[1;36m [IssueCommand] cid: 3 clk: 25337 | READ | (address) rank: 1 bankgroup: 1 bank: 0 row: 1 column: 45 addr: 0X65AE0[0m
[1;33m[1;35m [ReturnDoneRead] cid: 2 clk: 25362 | READ | addr: 0X65AC0[0m
[1;33m[1;35m [ReturnDoneRead] cid: 3 clk: 25362 | READ | addr: 0X65AE0[0m
23764194: system.mem_ctrl: Read to address 416448 complete
23764194: system.mem_ctrl: Access for address 416448
23764194: system.mem_ctrl: Queuing response for address 416448
23772194: system.mem_ctrl: Attempting to send response
23772194: system.mem_ctrl: Have 0 read, 0 write, 0 responses outstanding
23875000: system.mem_ctrl: Enqueueing address 416512
[1;33m[1;35m [AddTransaction(RD)] cid: 0 clk: 25481 | READ | addr: 0X65B00[0m
[1;33m[1;35m [AddTransaction(RD)] cid: 1 clk: 25481 | READ | addr: 0X65B20[0m
[1;33m[1;36m [AddCommand] cid: 0 clk: 25481 | READ | (address) rank: 1 bankgroup: 2 bank: 0 row: 1 column: 45 addr: 0X65B00[0m
[1;33m[1;36m [AddCommand] cid: 1 clk: 25481 | READ | (address) rank: 1 bankgroup: 2 bank: 0 row: 1 column: 45 addr: 0X65B20[0m
[1;33m[1;36m [IssueCommand] cid: 0 clk: 25482 | ACTIVATE | (address) rank: 1 bankgroup: 2 bank: 0 row: 1 column: 45 addr: 0X65B00[0m
[1;33m[1;36m [IssueCommand] cid: 1 clk: 25482 | ACTIVATE | (address) rank: 1 bankgroup: 2 bank: 0 row: 1 column: 45 addr: 0X65B20[0m
[1;33m[1;36m [IssueCommand] cid: 0 clk: 25501 | READ | (address) rank: 1 bankgroup: 2 bank: 0 row: 1 column: 45 addr: 0X65B00[0m
[1;33m[1;36m [IssueCommand] cid: 1 clk: 25501 | READ | (address) rank: 1 bankgroup: 2 bank: 0 row: 1 column: 45 addr: 0X65B20[0m
[1;33m[1;35m [ReturnDoneRead] cid: 0 clk: 25526 | READ | addr: 0X65B00[0m
[1;33m[1;35m [ReturnDoneRead] cid: 1 clk: 25526 | READ | addr: 0X65B20[0m
23917862: system.mem_ctrl: Read to address 416512 complete
23917862: system.mem_ctrl: Access for address 416512
23917862: system.mem_ctrl: Queuing response for address 416512
23925862: system.mem_ctrl: Attempting to send response
23925862: system.mem_ctrl: Have 0 read, 0 write, 0 responses outstanding
24028000: system.mem_ctrl: Enqueueing address 416576
[1;33m[1;35m [AddTransaction(RD)] cid: 2 clk: 25644 | READ | addr: 0X65B40[0m
[1;33m[1;35m [AddTransaction(RD)] cid: 3 clk: 25644 | READ | addr: 0X65B60[0m
[1;33m[1;36m [AddCommand] cid: 2 clk: 25644 | READ | (address) rank: 1 bankgroup: 2 bank: 0 row: 1 column: 45 addr: 0X65B40[0m
[1;33m[1;36m [AddCommand] cid: 3 clk: 25644 | READ | (address) rank: 1 bankgroup: 2 bank: 0 row: 1 column: 45 addr: 0X65B60[0m
[1;33m[1;36m [IssueCommand] cid: 2 clk: 25645 | ACTIVATE | (address) rank: 1 bankgroup: 2 bank: 0 row: 1 column: 45 addr: 0X65B40[0m
[1;33m[1;36m [IssueCommand] cid: 3 clk: 25645 | ACTIVATE | (address) rank: 1 bankgroup: 2 bank: 0 row: 1 column: 45 addr: 0X65B60[0m
[1;33m[1;36m [IssueCommand] cid: 2 clk: 25664 | READ | (address) rank: 1 bankgroup: 2 bank: 0 row: 1 column: 45 addr: 0X65B40[0m
[1;33m[1;36m [IssueCommand] cid: 3 clk: 25664 | READ | (address) rank: 1 bankgroup: 2 bank: 0 row: 1 column: 45 addr: 0X65B60[0m
[1;33m[1;35m [ReturnDoneRead] cid: 2 clk: 25689 | READ | addr: 0X65B40[0m
[1;33m[1;35m [ReturnDoneRead] cid: 3 clk: 25689 | READ | addr: 0X65B60[0m
24070593: system.mem_ctrl: Read to address 416576 complete
24070593: system.mem_ctrl: Access for address 416576
24070593: system.mem_ctrl: Queuing response for address 416576
24078593: system.mem_ctrl: Attempting to send response
24078593: system.mem_ctrl: Have 0 read, 0 write, 0 responses outstanding
24181000: system.mem_ctrl: Enqueueing address 416640
[1;33m[1;35m [AddTransaction(RD)] cid: 0 clk: 25807 | READ | addr: 0X65B80[0m
[1;33m[1;35m [AddTransaction(RD)] cid: 1 clk: 25807 | READ | addr: 0X65BA0[0m
[1;33m[1;36m [AddCommand] cid: 0 clk: 25807 | READ | (address) rank: 1 bankgroup: 3 bank: 0 row: 1 column: 45 addr: 0X65B80[0m
[1;33m[1;36m [AddCommand] cid: 1 clk: 25807 | READ | (address) rank: 1 bankgroup: 3 bank: 0 row: 1 column: 45 addr: 0X65BA0[0m
[1;33m[1;36m [IssueCommand] cid: 0 clk: 25808 | ACTIVATE | (address) rank: 1 bankgroup: 3 bank: 0 row: 1 column: 45 addr: 0X65B80[0m
[1;33m[1;36m [IssueCommand] cid: 1 clk: 25808 | ACTIVATE | (address) rank: 1 bankgroup: 3 bank: 0 row: 1 column: 45 addr: 0X65BA0[0m
[1;33m[1;36m [IssueCommand] cid: 0 clk: 25827 | READ | (address) rank: 1 bankgroup: 3 bank: 0 row: 1 column: 45 addr: 0X65B80[0m
[1;33m[1;36m [IssueCommand] cid: 1 clk: 25827 | READ | (address) rank: 1 bankgroup: 3 bank: 0 row: 1 column: 45 addr: 0X65BA0[0m
[1;33m[1;35m [ReturnDoneRead] cid: 0 clk: 25852 | READ | addr: 0X65B80[0m
[1;33m[1;35m [ReturnDoneRead] cid: 1 clk: 25852 | READ | addr: 0X65BA0[0m
24223324: system.mem_ctrl: Read to address 416640 complete
24223324: system.mem_ctrl: Access for address 416640
24223324: system.mem_ctrl: Queuing response for address 416640
24231324: system.mem_ctrl: Attempting to send response
24231324: system.mem_ctrl: Have 0 read, 0 write, 0 responses outstanding
24334000: system.mem_ctrl: Enqueueing address 416704
[1;33m[1;35m [AddTransaction(RD)] cid: 2 clk: 25971 | READ | addr: 0X65BC0[0m
[1;33m[1;35m [AddTransaction(RD)] cid: 3 clk: 25971 | READ | addr: 0X65BE0[0m
[1;33m[1;36m [AddCommand] cid: 2 clk: 25971 | READ | (address) rank: 1 bankgroup: 3 bank: 0 row: 1 column: 45 addr: 0X65BC0[0m
[1;33m[1;36m [AddCommand] cid: 3 clk: 25971 | READ | (address) rank: 1 bankgroup: 3 bank: 0 row: 1 column: 45 addr: 0X65BE0[0m
[1;33m[1;36m [IssueCommand] cid: 2 clk: 25972 | ACTIVATE | (address) rank: 1 bankgroup: 3 bank: 0 row: 1 column: 45 addr: 0X65BC0[0m
[1;33m[1;36m [IssueCommand] cid: 3 clk: 25972 | ACTIVATE | (address) rank: 1 bankgroup: 3 bank: 0 row: 1 column: 45 addr: 0X65BE0[0m
[1;33m[1;36m [IssueCommand] cid: 2 clk: 25991 | READ | (address) rank: 1 bankgroup: 3 bank: 0 row: 1 column: 45 addr: 0X65BC0[0m
[1;33m[1;36m [IssueCommand] cid: 3 clk: 25991 | READ | (address) rank: 1 bankgroup: 3 bank: 0 row: 1 column: 45 addr: 0X65BE0[0m
[1;33m[1;35m [ReturnDoneRead] cid: 2 clk: 26016 | READ | addr: 0X65BC0[0m
[1;33m[1;35m [ReturnDoneRead] cid: 3 clk: 26016 | READ | addr: 0X65BE0[0m
24376992: system.mem_ctrl: Read to address 416704 complete
24376992: system.mem_ctrl: Access for address 416704
24376992: system.mem_ctrl: Queuing response for address 416704
24384992: system.mem_ctrl: Attempting to send response
24384992: system.mem_ctrl: Have 0 read, 0 write, 0 responses outstanding
24487000: system.mem_ctrl: Enqueueing address 416768
[1;33m[1;35m [AddTransaction(RD)] cid: 0 clk: 26134 | READ | addr: 0X65C00[0m
[1;33m[1;35m [AddTransaction(RD)] cid: 1 clk: 26134 | READ | addr: 0X65C20[0m
[1;33m[1;36m [AddCommand] cid: 0 clk: 26134 | READ | (address) rank: 1 bankgroup: 0 bank: 0 row: 1 column: 46 addr: 0X65C00[0m
[1;33m[1;36m [AddCommand] cid: 1 clk: 26134 | READ | (address) rank: 1 bankgroup: 0 bank: 0 row: 1 column: 46 addr: 0X65C20[0m
[1;33m[1;36m [IssueCommand] cid: 0 clk: 26135 | ACTIVATE | (address) rank: 1 bankgroup: 0 bank: 0 row: 1 column: 46 addr: 0X65C00[0m
[1;33m[1;36m [IssueCommand] cid: 1 clk: 26135 | ACTIVATE | (address) rank: 1 bankgroup: 0 bank: 0 row: 1 column: 46 addr: 0X65C20[0m
[1;33m[1;36m [IssueCommand] cid: 0 clk: 26154 | READ | (address) rank: 1 bankgroup: 0 bank: 0 row: 1 column: 46 addr: 0X65C00[0m
[1;33m[1;36m [IssueCommand] cid: 1 clk: 26154 | READ | (address) rank: 1 bankgroup: 0 bank: 0 row: 1 column: 46 addr: 0X65C20[0m
[1;33m[1;35m [ReturnDoneRead] cid: 0 clk: 26179 | READ | addr: 0X65C00[0m
[1;33m[1;35m [ReturnDoneRead] cid: 1 clk: 26179 | READ | addr: 0X65C20[0m
24529723: system.mem_ctrl: Read to address 416768 complete
24529723: system.mem_ctrl: Access for address 416768
24529723: system.mem_ctrl: Queuing response for address 416768
24537723: system.mem_ctrl: Attempting to send response
24537723: system.mem_ctrl: Have 0 read, 0 write, 0 responses outstanding
24640000: system.mem_ctrl: Enqueueing address 416832
[1;33m[1;35m [AddTransaction(RD)] cid: 2 clk: 26297 | READ | addr: 0X65C40[0m
[1;33m[1;35m [AddTransaction(RD)] cid: 3 clk: 26297 | READ | addr: 0X65C60[0m
[1;33m[1;36m [AddCommand] cid: 2 clk: 26297 | READ | (address) rank: 1 bankgroup: 0 bank: 0 row: 1 column: 46 addr: 0X65C40[0m
[1;33m[1;36m [AddCommand] cid: 3 clk: 26297 | READ | (address) rank: 1 bankgroup: 0 bank: 0 row: 1 column: 46 addr: 0X65C60[0m
[1;33m[1;36m [IssueCommand] cid: 2 clk: 26298 | ACTIVATE | (address) rank: 1 bankgroup: 0 bank: 0 row: 1 column: 46 addr: 0X65C40[0m
[1;33m[1;36m [IssueCommand] cid: 3 clk: 26298 | ACTIVATE | (address) rank: 1 bankgroup: 0 bank: 0 row: 1 column: 46 addr: 0X65C60[0m
[1;33m[1;36m [IssueCommand] cid: 2 clk: 26317 | READ | (address) rank: 1 bankgroup: 0 bank: 0 row: 1 column: 46 addr: 0X65C40[0m
[1;33m[1;36m [IssueCommand] cid: 3 clk: 26317 | READ | (address) rank: 1 bankgroup: 0 bank: 0 row: 1 column: 46 addr: 0X65C60[0m
[1;33m[1;35m [ReturnDoneRead] cid: 2 clk: 26342 | READ | addr: 0X65C40[0m
[1;33m[1;35m [ReturnDoneRead] cid: 3 clk: 26342 | READ | addr: 0X65C60[0m
24682454: system.mem_ctrl: Read to address 416832 complete
24682454: system.mem_ctrl: Access for address 416832
24682454: system.mem_ctrl: Queuing response for address 416832
24690454: system.mem_ctrl: Attempting to send response
24690454: system.mem_ctrl: Have 0 read, 0 write, 0 responses outstanding
24793000: system.mem_ctrl: Enqueueing address 416896
[1;33m[1;35m [AddTransaction(RD)] cid: 0 clk: 26460 | READ | addr: 0X65C80[0m
[1;33m[1;35m [AddTransaction(RD)] cid: 1 clk: 26460 | READ | addr: 0X65CA0[0m
[1;33m[1;36m [AddCommand] cid: 0 clk: 26460 | READ | (address) rank: 1 bankgroup: 1 bank: 0 row: 1 column: 46 addr: 0X65C80[0m
[1;33m[1;36m [AddCommand] cid: 1 clk: 26460 | READ | (address) rank: 1 bankgroup: 1 bank: 0 row: 1 column: 46 addr: 0X65CA0[0m
[1;33m[1;36m [IssueCommand] cid: 0 clk: 26461 | ACTIVATE | (address) rank: 1 bankgroup: 1 bank: 0 row: 1 column: 46 addr: 0X65C80[0m
[1;33m[1;36m [IssueCommand] cid: 1 clk: 26461 | ACTIVATE | (address) rank: 1 bankgroup: 1 bank: 0 row: 1 column: 46 addr: 0X65CA0[0m
[1;33m[1;36m [IssueCommand] cid: 0 clk: 26480 | READ | (address) rank: 1 bankgroup: 1 bank: 0 row: 1 column: 46 addr: 0X65C80[0m
[1;33m[1;36m [IssueCommand] cid: 1 clk: 26480 | READ | (address) rank: 1 bankgroup: 1 bank: 0 row: 1 column: 46 addr: 0X65CA0[0m
[1;33m[1;35m [ReturnDoneRead] cid: 0 clk: 26505 | READ | addr: 0X65C80[0m
[1;33m[1;35m [ReturnDoneRead] cid: 1 clk: 26505 | READ | addr: 0X65CA0[0m
24835185: system.mem_ctrl: Read to address 416896 complete
24835185: system.mem_ctrl: Access for address 416896
24835185: system.mem_ctrl: Queuing response for address 416896
24843185: system.mem_ctrl: Attempting to send response
24843185: system.mem_ctrl: Have 0 read, 0 write, 0 responses outstanding
24946000: system.mem_ctrl: Enqueueing address 416960
[1;33m[1;35m [AddTransaction(RD)] cid: 2 clk: 26624 | READ | addr: 0X65CC0[0m
[1;33m[1;35m [AddTransaction(RD)] cid: 3 clk: 26624 | READ | addr: 0X65CE0[0m
[1;33m[1;36m [AddCommand] cid: 2 clk: 26624 | READ | (address) rank: 1 bankgroup: 1 bank: 0 row: 1 column: 46 addr: 0X65CC0[0m
[1;33m[1;36m [AddCommand] cid: 3 clk: 26624 | READ | (address) rank: 1 bankgroup: 1 bank: 0 row: 1 column: 46 addr: 0X65CE0[0m
[1;33m[1;36m [IssueCommand] cid: 2 clk: 26625 | READ | (address) rank: 1 bankgroup: 1 bank: 0 row: 1 column: 46 addr: 0X65CC0[0m
[1;33m[1;36m [IssueCommand] cid: 3 clk: 26625 | READ | (address) rank: 1 bankgroup: 1 bank: 0 row: 1 column: 46 addr: 0X65CE0[0m
[1;33m[1;35m [ReturnDoneRead] cid: 2 clk: 26650 | READ | addr: 0X65CC0[0m
[1;33m[1;35m [ReturnDoneRead] cid: 3 clk: 26650 | READ | addr: 0X65CE0[0m
24971050: system.mem_ctrl: Read to address 416960 complete
24971050: system.mem_ctrl: Access for address 416960
24971050: system.mem_ctrl: Queuing response for address 416960
24979050: system.mem_ctrl: Attempting to send response
24979050: system.mem_ctrl: Have 0 read, 0 write, 0 responses outstanding
25082000: system.mem_ctrl: Enqueueing address 417024
[1;33m[1;35m [AddTransaction(RD)] cid: 0 clk: 26769 | READ | addr: 0X65D00[0m
[1;33m[1;35m [AddTransaction(RD)] cid: 1 clk: 26769 | READ | addr: 0X65D20[0m
[1;33m[1;36m [AddCommand] cid: 0 clk: 26769 | READ | (address) rank: 1 bankgroup: 2 bank: 0 row: 1 column: 46 addr: 0X65D00[0m
[1;33m[1;36m [AddCommand] cid: 1 clk: 26769 | READ | (address) rank: 1 bankgroup: 2 bank: 0 row: 1 column: 46 addr: 0X65D20[0m
[1;33m[1;36m [IssueCommand] cid: 0 clk: 26770 | READ | (address) rank: 1 bankgroup: 2 bank: 0 row: 1 column: 46 addr: 0X65D00[0m
[1;33m[1;36m [IssueCommand] cid: 1 clk: 26770 | READ | (address) rank: 1 bankgroup: 2 bank: 0 row: 1 column: 46 addr: 0X65D20[0m
[1;33m[1;35m [ReturnDoneRead] cid: 0 clk: 26795 | READ | addr: 0X65D00[0m
[1;33m[1;35m [ReturnDoneRead] cid: 1 clk: 26795 | READ | addr: 0X65D20[0m
25106915: system.mem_ctrl: Read to address 417024 complete
25106915: system.mem_ctrl: Access for address 417024
25106915: system.mem_ctrl: Queuing response for address 417024
25114915: system.mem_ctrl: Attempting to send response
25114915: system.mem_ctrl: Have 0 read, 0 write, 0 responses outstanding
25217000: system.mem_ctrl: Enqueueing address 417088
[1;33m[1;35m [AddTransaction(RD)] cid: 2 clk: 26913 | READ | addr: 0X65D40[0m
[1;33m[1;35m [AddTransaction(RD)] cid: 3 clk: 26913 | READ | addr: 0X65D60[0m
[1;33m[1;36m [AddCommand] cid: 2 clk: 26913 | READ | (address) rank: 1 bankgroup: 2 bank: 0 row: 1 column: 46 addr: 0X65D40[0m
[1;33m[1;36m [AddCommand] cid: 3 clk: 26913 | READ | (address) rank: 1 bankgroup: 2 bank: 0 row: 1 column: 46 addr: 0X65D60[0m
[1;33m[1;36m [IssueCommand] cid: 2 clk: 26914 | READ | (address) rank: 1 bankgroup: 2 bank: 0 row: 1 column: 46 addr: 0X65D40[0m
[1;33m[1;36m [IssueCommand] cid: 3 clk: 26914 | READ | (address) rank: 1 bankgroup: 2 bank: 0 row: 1 column: 46 addr: 0X65D60[0m
[1;33m[1;35m [ReturnDoneRead] cid: 2 clk: 26939 | READ | addr: 0X65D40[0m
[1;33m[1;35m [ReturnDoneRead] cid: 3 clk: 26939 | READ | addr: 0X65D60[0m
25241843: system.mem_ctrl: Read to address 417088 complete
25241843: system.mem_ctrl: Access for address 417088
25241843: system.mem_ctrl: Queuing response for address 417088
25249843: system.mem_ctrl: Attempting to send response
25249843: system.mem_ctrl: Have 0 read, 0 write, 0 responses outstanding
25352000: system.mem_ctrl: Enqueueing address 417152
[1;33m[1;35m [AddTransaction(RD)] cid: 0 clk: 27057 | READ | addr: 0X65D80[0m
[1;33m[1;35m [AddTransaction(RD)] cid: 1 clk: 27057 | READ | addr: 0X65DA0[0m
[1;33m[1;36m [AddCommand] cid: 0 clk: 27057 | READ | (address) rank: 1 bankgroup: 3 bank: 0 row: 1 column: 46 addr: 0X65D80[0m
[1;33m[1;36m [AddCommand] cid: 1 clk: 27057 | READ | (address) rank: 1 bankgroup: 3 bank: 0 row: 1 column: 46 addr: 0X65DA0[0m
[1;33m[1;36m [IssueCommand] cid: 0 clk: 27058 | READ | (address) rank: 1 bankgroup: 3 bank: 0 row: 1 column: 46 addr: 0X65D80[0m
[1;33m[1;36m [IssueCommand] cid: 1 clk: 27058 | READ | (address) rank: 1 bankgroup: 3 bank: 0 row: 1 column: 46 addr: 0X65DA0[0m
[1;33m[1;36m [IssueCommand] cid: 0 clk: 27079 | REFRESH | (address) rank: 0 bankgroup: -1 bank: -1 row: -1 column: -1 addr: 0XFFFFFFFFFFFFFFFF[0m
[1;33m[1;36m [IssueCommand] cid: 1 clk: 27079 | REFRESH | (address) rank: 0 bankgroup: -1 bank: -1 row: -1 column: -1 addr: 0XFFFFFFFFFFFFFFFF[0m
[1;33m[1;36m [IssueCommand] cid: 2 clk: 27079 | REFRESH | (address) rank: 0 bankgroup: -1 bank: -1 row: -1 column: -1 addr: 0XFFFFFFFFFFFFFFFF[0m
[1;33m[1;36m [IssueCommand] cid: 3 clk: 27079 | REFRESH | (address) rank: 0 bankgroup: -1 bank: -1 row: -1 column: -1 addr: 0XFFFFFFFFFFFFFFFF[0m
[1;33m[1;35m [ReturnDoneRead] cid: 0 clk: 27083 | READ | addr: 0X65D80[0m
[1;33m[1;35m [ReturnDoneRead] cid: 1 clk: 27083 | READ | addr: 0X65DA0[0m
25376771: system.mem_ctrl: Read to address 417152 complete
25376771: system.mem_ctrl: Access for address 417152
25376771: system.mem_ctrl: Queuing response for address 417152
25384771: system.mem_ctrl: Attempting to send response
25384771: system.mem_ctrl: Have 0 read, 0 write, 0 responses outstanding
25487000: system.mem_ctrl: Enqueueing address 417216
[1;33m[1;35m [AddTransaction(RD)] cid: 2 clk: 27201 | READ | addr: 0X65DC0[0m
[1;33m[1;35m [AddTransaction(RD)] cid: 3 clk: 27201 | READ | addr: 0X65DE0[0m
[1;33m[1;36m [AddCommand] cid: 2 clk: 27201 | READ | (address) rank: 1 bankgroup: 3 bank: 0 row: 1 column: 46 addr: 0X65DC0[0m
[1;33m[1;36m [AddCommand] cid: 3 clk: 27201 | READ | (address) rank: 1 bankgroup: 3 bank: 0 row: 1 column: 46 addr: 0X65DE0[0m
[1;33m[1;36m [IssueCommand] cid: 2 clk: 27202 | READ | (address) rank: 1 bankgroup: 3 bank: 0 row: 1 column: 46 addr: 0X65DC0[0m
[1;33m[1;36m [IssueCommand] cid: 3 clk: 27202 | READ | (address) rank: 1 bankgroup: 3 bank: 0 row: 1 column: 46 addr: 0X65DE0[0m
[1;33m[1;35m [ReturnDoneRead] cid: 2 clk: 27227 | READ | addr: 0X65DC0[0m
[1;33m[1;35m [ReturnDoneRead] cid: 3 clk: 27227 | READ | addr: 0X65DE0[0m
25511699: system.mem_ctrl: Read to address 417216 complete
25511699: system.mem_ctrl: Access for address 417216
25511699: system.mem_ctrl: Queuing response for address 417216
25519699: system.mem_ctrl: Attempting to send response
25519699: system.mem_ctrl: Have 0 read, 0 write, 0 responses outstanding
25622000: system.mem_ctrl: Enqueueing address 417280
[1;33m[1;35m [AddTransaction(RD)] cid: 0 clk: 27345 | READ | addr: 0X65E00[0m
[1;33m[1;35m [AddTransaction(RD)] cid: 1 clk: 27345 | READ | addr: 0X65E20[0m
[1;33m[1;36m [AddCommand] cid: 0 clk: 27345 | READ | (address) rank: 1 bankgroup: 0 bank: 0 row: 1 column: 47 addr: 0X65E00[0m
[1;33m[1;36m [AddCommand] cid: 1 clk: 27345 | READ | (address) rank: 1 bankgroup: 0 bank: 0 row: 1 column: 47 addr: 0X65E20[0m
[1;33m[1;36m [IssueCommand] cid: 0 clk: 27346 | READ | (address) rank: 1 bankgroup: 0 bank: 0 row: 1 column: 47 addr: 0X65E00[0m
[1;33m[1;36m [IssueCommand] cid: 1 clk: 27346 | READ | (address) rank: 1 bankgroup: 0 bank: 0 row: 1 column: 47 addr: 0X65E20[0m
[1;33m[1;35m [ReturnDoneRead] cid: 0 clk: 27371 | READ | addr: 0X65E00[0m
[1;33m[1;35m [ReturnDoneRead] cid: 1 clk: 27371 | READ | addr: 0X65E20[0m
25646627: system.mem_ctrl: Read to address 417280 complete
25646627: system.mem_ctrl: Access for address 417280
25646627: system.mem_ctrl: Queuing response for address 417280
25654627: system.mem_ctrl: Attempting to send response
25654627: system.mem_ctrl: Have 0 read, 0 write, 0 responses outstanding
25757000: system.mem_ctrl: Enqueueing address 417344
[1;33m[1;35m [AddTransaction(RD)] cid: 2 clk: 27489 | READ | addr: 0X65E40[0m
[1;33m[1;35m [AddTransaction(RD)] cid: 3 clk: 27489 | READ | addr: 0X65E60[0m
[1;33m[1;36m [AddCommand] cid: 2 clk: 27489 | READ | (address) rank: 1 bankgroup: 0 bank: 0 row: 1 column: 47 addr: 0X65E40[0m
[1;33m[1;36m [AddCommand] cid: 3 clk: 27489 | READ | (address) rank: 1 bankgroup: 0 bank: 0 row: 1 column: 47 addr: 0X65E60[0m
[1;33m[1;36m [IssueCommand] cid: 2 clk: 27490 | READ | (address) rank: 1 bankgroup: 0 bank: 0 row: 1 column: 47 addr: 0X65E40[0m
[1;33m[1;36m [IssueCommand] cid: 3 clk: 27490 | READ | (address) rank: 1 bankgroup: 0 bank: 0 row: 1 column: 47 addr: 0X65E60[0m
[1;33m[1;35m [ReturnDoneRead] cid: 2 clk: 27515 | READ | addr: 0X65E40[0m
[1;33m[1;35m [ReturnDoneRead] cid: 3 clk: 27515 | READ | addr: 0X65E60[0m
25781555: system.mem_ctrl: Read to address 417344 complete
25781555: system.mem_ctrl: Access for address 417344
25781555: system.mem_ctrl: Queuing response for address 417344
25789555: system.mem_ctrl: Attempting to send response
25789555: system.mem_ctrl: Have 0 read, 0 write, 0 responses outstanding
25892000: system.mem_ctrl: Enqueueing address 417408
[1;33m[1;35m [AddTransaction(RD)] cid: 0 clk: 27633 | READ | addr: 0X65E80[0m
[1;33m[1;35m [AddTransaction(RD)] cid: 1 clk: 27633 | READ | addr: 0X65EA0[0m
[1;33m[1;36m [AddCommand] cid: 0 clk: 27633 | READ | (address) rank: 1 bankgroup: 1 bank: 0 row: 1 column: 47 addr: 0X65E80[0m
[1;33m[1;36m [AddCommand] cid: 1 clk: 27633 | READ | (address) rank: 1 bankgroup: 1 bank: 0 row: 1 column: 47 addr: 0X65EA0[0m
[1;33m[1;36m [IssueCommand] cid: 0 clk: 27634 | READ | (address) rank: 1 bankgroup: 1 bank: 0 row: 1 column: 47 addr: 0X65E80[0m
[1;33m[1;36m [IssueCommand] cid: 1 clk: 27634 | READ | (address) rank: 1 bankgroup: 1 bank: 0 row: 1 column: 47 addr: 0X65EA0[0m
[1;33m[1;35m [ReturnDoneRead] cid: 0 clk: 27659 | READ | addr: 0X65E80[0m
[1;33m[1;35m [ReturnDoneRead] cid: 1 clk: 27659 | READ | addr: 0X65EA0[0m
25916483: system.mem_ctrl: Read to address 417408 complete
25916483: system.mem_ctrl: Access for address 417408
25916483: system.mem_ctrl: Queuing response for address 417408
25924483: system.mem_ctrl: Attempting to send response
25924483: system.mem_ctrl: Have 0 read, 0 write, 0 responses outstanding
26005000: system.mem_ctrl: Enqueueing address 415232
[1;33m[1;35m [AddTransaction(RD)] cid: 0 clk: 27754 | READ | addr: 0X65600[0m
[1;33m[1;35m [AddTransaction(RD)] cid: 1 clk: 27754 | READ | addr: 0X65620[0m
[1;33m[1;36m [AddCommand] cid: 0 clk: 27754 | READ | (address) rank: 1 bankgroup: 0 bank: 0 row: 1 column: 43 addr: 0X65600[0m
[1;33m[1;36m [AddCommand] cid: 1 clk: 27754 | READ | (address) rank: 1 bankgroup: 0 bank: 0 row: 1 column: 43 addr: 0X65620[0m
[1;33m[1;36m [IssueCommand] cid: 0 clk: 27755 | READ | (address) rank: 1 bankgroup: 0 bank: 0 row: 1 column: 43 addr: 0X65600[0m
[1;33m[1;36m [IssueCommand] cid: 1 clk: 27755 | READ | (address) rank: 1 bankgroup: 0 bank: 0 row: 1 column: 43 addr: 0X65620[0m
[1;33m[1;35m [ReturnDoneRead] cid: 0 clk: 27780 | READ | addr: 0X65600[0m
[1;33m[1;35m [ReturnDoneRead] cid: 1 clk: 27780 | READ | addr: 0X65620[0m
26029860: system.mem_ctrl: Read to address 415232 complete
26029860: system.mem_ctrl: Access for address 415232
26029860: system.mem_ctrl: Queuing response for address 415232
26037860: system.mem_ctrl: Attempting to send response
26037860: system.mem_ctrl: Have 0 read, 0 write, 0 responses outstanding
26100000: system.mem_ctrl: Enqueueing address 48448
[1;33m[1;35m [AddTransaction(RD)] cid: 2 clk: 27855 | READ | addr: 0XBD40[0m
[1;33m[1;35m [AddTransaction(RD)] cid: 3 clk: 27855 | READ | addr: 0XBD60[0m
[1;33m[1;36m [AddCommand] cid: 2 clk: 27855 | READ | (address) rank: 0 bankgroup: 2 bank: 1 row: 0 column: 30 addr: 0XBD40[0m
[1;33m[1;36m [AddCommand] cid: 3 clk: 27855 | READ | (address) rank: 0 bankgroup: 2 bank: 1 row: 0 column: 30 addr: 0XBD60[0m
[1;33m[1;36m [IssueCommand] cid: 2 clk: 27856 | ACTIVATE | (address) rank: 0 bankgroup: 2 bank: 1 row: 0 column: 30 addr: 0XBD40[0m
[1;33m[1;36m [IssueCommand] cid: 3 clk: 27856 | ACTIVATE | (address) rank: 0 bankgroup: 2 bank: 1 row: 0 column: 30 addr: 0XBD60[0m
[1;33m[1;36m [IssueCommand] cid: 2 clk: 27875 | READ | (address) rank: 0 bankgroup: 2 bank: 1 row: 0 column: 30 addr: 0XBD40[0m
[1;33m[1;36m [IssueCommand] cid: 3 clk: 27875 | READ | (address) rank: 0 bankgroup: 2 bank: 1 row: 0 column: 30 addr: 0XBD60[0m
[1;33m[1;35m [ReturnDoneRead] cid: 2 clk: 27900 | READ | addr: 0XBD40[0m
[1;33m[1;35m [ReturnDoneRead] cid: 3 clk: 27900 | READ | addr: 0XBD60[0m
26142300: system.mem_ctrl: Read to address 48448 complete
26142300: system.mem_ctrl: Access for address 48448
26142300: system.mem_ctrl: Queuing response for address 48448
26150300: system.mem_ctrl: Attempting to send response
26150300: system.mem_ctrl: Have 0 read, 0 write, 0 responses outstanding
26225000: system.mem_ctrl: Enqueueing address 410816
[1;33m[1;35m [AddTransaction(RD)] cid: 2 clk: 27989 | READ | addr: 0X644C0[0m
[1;33m[1;35m [AddTransaction(RD)] cid: 3 clk: 27989 | READ | addr: 0X644E0[0m
[1;33m[1;36m [AddCommand] cid: 2 clk: 27989 | READ | (address) rank: 1 bankgroup: 1 bank: 0 row: 1 column: 34 addr: 0X644C0[0m
[1;33m[1;36m [AddCommand] cid: 3 clk: 27989 | READ | (address) rank: 1 bankgroup: 1 bank: 0 row: 1 column: 34 addr: 0X644E0[0m
[1;33m[1;36m [IssueCommand] cid: 2 clk: 27990 | READ | (address) rank: 1 bankgroup: 1 bank: 0 row: 1 column: 34 addr: 0X644C0[0m
[1;33m[1;36m [IssueCommand] cid: 3 clk: 27990 | READ | (address) rank: 1 bankgroup: 1 bank: 0 row: 1 column: 34 addr: 0X644E0[0m
[1;33m[1;35m [ReturnDoneRead] cid: 2 clk: 28015 | READ | addr: 0X644C0[0m
[1;33m[1;35m [ReturnDoneRead] cid: 3 clk: 28015 | READ | addr: 0X644E0[0m
26250055: system.mem_ctrl: Read to address 410816 complete
26250055: system.mem_ctrl: Access for address 410816
26250055: system.mem_ctrl: Queuing response for address 410816
26258055: system.mem_ctrl: Attempting to send response
26258055: system.mem_ctrl: Have 0 read, 0 write, 0 responses outstanding
26311000: system.mem_ctrl: Enqueueing address 410880
[1;33m[1;35m [AddTransaction(RD)] cid: 0 clk: 28081 | READ | addr: 0X64500[0m
[1;33m[1;35m [AddTransaction(RD)] cid: 1 clk: 28081 | READ | addr: 0X64520[0m
[1;33m[1;36m [AddCommand] cid: 0 clk: 28081 | READ | (address) rank: 1 bankgroup: 2 bank: 0 row: 1 column: 34 addr: 0X64500[0m
[1;33m[1;36m [AddCommand] cid: 1 clk: 28081 | READ | (address) rank: 1 bankgroup: 2 bank: 0 row: 1 column: 34 addr: 0X64520[0m
[1;33m[1;36m [IssueCommand] cid: 0 clk: 28082 | READ | (address) rank: 1 bankgroup: 2 bank: 0 row: 1 column: 34 addr: 0X64500[0m
[1;33m[1;36m [IssueCommand] cid: 1 clk: 28082 | READ | (address) rank: 1 bankgroup: 2 bank: 0 row: 1 column: 34 addr: 0X64520[0m
[1;33m[1;35m [ReturnDoneRead] cid: 0 clk: 28107 | READ | addr: 0X64500[0m
[1;33m[1;35m [ReturnDoneRead] cid: 1 clk: 28107 | READ | addr: 0X64520[0m
26336259: system.mem_ctrl: Read to address 410880 complete
26336259: system.mem_ctrl: Access for address 410880
26336259: system.mem_ctrl: Queuing response for address 410880
26344259: system.mem_ctrl: Attempting to send response
26344259: system.mem_ctrl: Have 0 read, 0 write, 0 responses outstanding
26463000: system.mem_ctrl: Enqueueing address 409856
[1;33m[1;35m [AddTransaction(RD)] cid: 0 clk: 28243 | READ | addr: 0X64100[0m
[1;33m[1;35m [AddTransaction(RD)] cid: 1 clk: 28243 | READ | addr: 0X64120[0m
[1;33m[1;36m [AddCommand] cid: 0 clk: 28243 | READ | (address) rank: 1 bankgroup: 2 bank: 0 row: 1 column: 32 addr: 0X64100[0m
[1;33m[1;36m [AddCommand] cid: 1 clk: 28243 | READ | (address) rank: 1 bankgroup: 2 bank: 0 row: 1 column: 32 addr: 0X64120[0m
[1;33m[1;36m [IssueCommand] cid: 0 clk: 28244 | READ | (address) rank: 1 bankgroup: 2 bank: 0 row: 1 column: 32 addr: 0X64100[0m
[1;33m[1;36m [IssueCommand] cid: 1 clk: 28244 | READ | (address) rank: 1 bankgroup: 2 bank: 0 row: 1 column: 32 addr: 0X64120[0m
[1;33m[1;35m [ReturnDoneRead] cid: 0 clk: 28269 | READ | addr: 0X64100[0m
[1;33m[1;35m [ReturnDoneRead] cid: 1 clk: 28269 | READ | addr: 0X64120[0m
26488053: system.mem_ctrl: Read to address 409856 complete
26488053: system.mem_ctrl: Access for address 409856
26488053: system.mem_ctrl: Queuing response for address 409856
26496053: system.mem_ctrl: Attempting to send response
26496053: system.mem_ctrl: Have 0 read, 0 write, 0 responses outstanding
26619000: system.mem_ctrl: Enqueueing address 411712
[1;33m[1;35m [AddTransaction(RD)] cid: 2 clk: 28409 | READ | addr: 0X64840[0m
[1;33m[1;35m [AddTransaction(RD)] cid: 3 clk: 28409 | READ | addr: 0X64860[0m
[1;33m[1;36m [AddCommand] cid: 2 clk: 28409 | READ | (address) rank: 1 bankgroup: 0 bank: 0 row: 1 column: 36 addr: 0X64840[0m
[1;33m[1;36m [AddCommand] cid: 3 clk: 28409 | READ | (address) rank: 1 bankgroup: 0 bank: 0 row: 1 column: 36 addr: 0X64860[0m
[1;33m[1;36m [IssueCommand] cid: 2 clk: 28410 | READ | (address) rank: 1 bankgroup: 0 bank: 0 row: 1 column: 36 addr: 0X64840[0m
[1;33m[1;36m [IssueCommand] cid: 3 clk: 28410 | READ | (address) rank: 1 bankgroup: 0 bank: 0 row: 1 column: 36 addr: 0X64860[0m
[1;33m[1;35m [ReturnDoneRead] cid: 2 clk: 28435 | READ | addr: 0X64840[0m
[1;33m[1;35m [ReturnDoneRead] cid: 3 clk: 28435 | READ | addr: 0X64860[0m
26643595: system.mem_ctrl: Read to address 411712 complete
26643595: system.mem_ctrl: Access for address 411712
26643595: system.mem_ctrl: Queuing response for address 411712
26651595: system.mem_ctrl: Attempting to send response
26651595: system.mem_ctrl: Have 0 read, 0 write, 0 responses outstanding
26704000: system.mem_ctrl: Enqueueing address 411776
[1;33m[1;35m [AddTransaction(RD)] cid: 0 clk: 28500 | READ | addr: 0X64880[0m
[1;33m[1;35m [AddTransaction(RD)] cid: 1 clk: 28500 | READ | addr: 0X648A0[0m
[1;33m[1;36m [AddCommand] cid: 0 clk: 28500 | READ | (address) rank: 1 bankgroup: 1 bank: 0 row: 1 column: 36 addr: 0X64880[0m
[1;33m[1;36m [AddCommand] cid: 1 clk: 28500 | READ | (address) rank: 1 bankgroup: 1 bank: 0 row: 1 column: 36 addr: 0X648A0[0m
[1;33m[1;36m [IssueCommand] cid: 0 clk: 28501 | READ | (address) rank: 1 bankgroup: 1 bank: 0 row: 1 column: 36 addr: 0X64880[0m
[1;33m[1;36m [IssueCommand] cid: 1 clk: 28501 | READ | (address) rank: 1 bankgroup: 1 bank: 0 row: 1 column: 36 addr: 0X648A0[0m
[1;33m[1;35m [ReturnDoneRead] cid: 0 clk: 28526 | READ | addr: 0X64880[0m
[1;33m[1;35m [ReturnDoneRead] cid: 1 clk: 28526 | READ | addr: 0X648A0[0m
26728862: system.mem_ctrl: Read to address 411776 complete
26728862: system.mem_ctrl: Access for address 411776
26728862: system.mem_ctrl: Queuing response for address 411776
26736862: system.mem_ctrl: Attempting to send response
26736862: system.mem_ctrl: Have 0 read, 0 write, 0 responses outstanding
26855000: system.mem_ctrl: Enqueueing address 409728
[1;33m[1;35m [AddTransaction(RD)] cid: 0 clk: 28661 | READ | addr: 0X64080[0m
[1;33m[1;35m [AddTransaction(RD)] cid: 1 clk: 28661 | READ | addr: 0X640A0[0m
[1;33m[1;36m [AddCommand] cid: 0 clk: 28661 | READ | (address) rank: 1 bankgroup: 1 bank: 0 row: 1 column: 32 addr: 0X64080[0m
[1;33m[1;36m [AddCommand] cid: 1 clk: 28661 | READ | (address) rank: 1 bankgroup: 1 bank: 0 row: 1 column: 32 addr: 0X640A0[0m
[1;33m[1;36m [IssueCommand] cid: 0 clk: 28662 | READ | (address) rank: 1 bankgroup: 1 bank: 0 row: 1 column: 32 addr: 0X64080[0m
[1;33m[1;36m [IssueCommand] cid: 1 clk: 28662 | READ | (address) rank: 1 bankgroup: 1 bank: 0 row: 1 column: 32 addr: 0X640A0[0m
[1;33m[1;35m [ReturnDoneRead] cid: 0 clk: 28687 | READ | addr: 0X64080[0m
[1;33m[1;35m [ReturnDoneRead] cid: 1 clk: 28687 | READ | addr: 0X640A0[0m
26879719: system.mem_ctrl: Read to address 409728 complete
26879719: system.mem_ctrl: Access for address 409728
26879719: system.mem_ctrl: Queuing response for address 409728
26887719: system.mem_ctrl: Attempting to send response
26887719: system.mem_ctrl: Have 0 read, 0 write, 0 responses outstanding
26986000: system.mem_ctrl: Enqueueing address 48512
[1;33m[1;35m [AddTransaction(RD)] cid: 0 clk: 28801 | READ | addr: 0XBD80[0m
[1;33m[1;35m [AddTransaction(RD)] cid: 1 clk: 28801 | READ | addr: 0XBDA0[0m
[1;33m[1;36m [AddCommand] cid: 0 clk: 28801 | READ | (address) rank: 0 bankgroup: 3 bank: 1 row: 0 column: 30 addr: 0XBD80[0m
[1;33m[1;36m [AddCommand] cid: 1 clk: 28801 | READ | (address) rank: 0 bankgroup: 3 bank: 1 row: 0 column: 30 addr: 0XBDA0[0m
[1;33m[1;36m [IssueCommand] cid: 0 clk: 28802 | ACTIVATE | (address) rank: 0 bankgroup: 3 bank: 1 row: 0 column: 30 addr: 0XBD80[0m
[1;33m[1;36m [IssueCommand] cid: 1 clk: 28802 | ACTIVATE | (address) rank: 0 bankgroup: 3 bank: 1 row: 0 column: 30 addr: 0XBDA0[0m
[1;33m[1;36m [IssueCommand] cid: 0 clk: 28821 | READ | (address) rank: 0 bankgroup: 3 bank: 1 row: 0 column: 30 addr: 0XBD80[0m
[1;33m[1;36m [IssueCommand] cid: 1 clk: 28821 | READ | (address) rank: 0 bankgroup: 3 bank: 1 row: 0 column: 30 addr: 0XBDA0[0m
[1;33m[1;35m [ReturnDoneRead] cid: 0 clk: 28846 | READ | addr: 0XBD80[0m
[1;33m[1;35m [ReturnDoneRead] cid: 1 clk: 28846 | READ | addr: 0XBDA0[0m
27028702: system.mem_ctrl: Read to address 48512 complete
27028702: system.mem_ctrl: Access for address 48512
27028702: system.mem_ctrl: Queuing response for address 48512
27036702: system.mem_ctrl: Attempting to send response
27036702: system.mem_ctrl: Have 0 read, 0 write, 0 responses outstanding
27109000: system.mem_ctrl: Enqueueing address 411200
[1;33m[1;35m [AddTransaction(RD)] cid: 2 clk: 28932 | READ | addr: 0X64640[0m
[1;33m[1;35m [AddTransaction(RD)] cid: 3 clk: 28932 | READ | addr: 0X64660[0m
[1;33m[1;36m [AddCommand] cid: 2 clk: 28932 | READ | (address) rank: 1 bankgroup: 0 bank: 0 row: 1 column: 35 addr: 0X64640[0m
[1;33m[1;36m [AddCommand] cid: 3 clk: 28932 | READ | (address) rank: 1 bankgroup: 0 bank: 0 row: 1 column: 35 addr: 0X64660[0m
[1;33m[1;36m [IssueCommand] cid: 2 clk: 28933 | READ | (address) rank: 1 bankgroup: 0 bank: 0 row: 1 column: 35 addr: 0X64640[0m
[1;33m[1;36m [IssueCommand] cid: 3 clk: 28933 | READ | (address) rank: 1 bankgroup: 0 bank: 0 row: 1 column: 35 addr: 0X64660[0m
[1;33m[1;35m [ReturnDoneRead] cid: 2 clk: 28958 | READ | addr: 0X64640[0m
[1;33m[1;35m [ReturnDoneRead] cid: 3 clk: 28958 | READ | addr: 0X64660[0m
27133646: system.mem_ctrl: Read to address 411200 complete
27133646: system.mem_ctrl: Access for address 411200
27133646: system.mem_ctrl: Queuing response for address 411200
27141646: system.mem_ctrl: Attempting to send response
27141646: system.mem_ctrl: Have 0 read, 0 write, 0 responses outstanding
27264000: system.mem_ctrl: Enqueueing address 411648
[1;33m[1;35m [AddTransaction(RD)] cid: 0 clk: 29098 | READ | addr: 0X64800[0m
[1;33m[1;35m [AddTransaction(RD)] cid: 1 clk: 29098 | READ | addr: 0X64820[0m
[1;33m[1;36m [AddCommand] cid: 0 clk: 29098 | READ | (address) rank: 1 bankgroup: 0 bank: 0 row: 1 column: 36 addr: 0X64800[0m
[1;33m[1;36m [AddCommand] cid: 1 clk: 29098 | READ | (address) rank: 1 bankgroup: 0 bank: 0 row: 1 column: 36 addr: 0X64820[0m
[1;33m[1;36m [IssueCommand] cid: 0 clk: 29099 | READ | (address) rank: 1 bankgroup: 0 bank: 0 row: 1 column: 36 addr: 0X64800[0m
[1;33m[1;36m [IssueCommand] cid: 1 clk: 29099 | READ | (address) rank: 1 bankgroup: 0 bank: 0 row: 1 column: 36 addr: 0X64820[0m
[1;33m[1;35m [ReturnDoneRead] cid: 0 clk: 29124 | READ | addr: 0X64800[0m
[1;33m[1;35m [ReturnDoneRead] cid: 1 clk: 29124 | READ | addr: 0X64820[0m
27289188: system.mem_ctrl: Read to address 411648 complete
27289188: system.mem_ctrl: Access for address 411648
27289188: system.mem_ctrl: Queuing response for address 411648
27297188: system.mem_ctrl: Attempting to send response
27297188: system.mem_ctrl: Have 0 read, 0 write, 0 responses outstanding
[1;33m[1;36m [IssueCommand] cid: 0 clk: 29162 | PRECHARGE | (address) rank: 1 bankgroup: 0 bank: 0 row: -1 column: -1 addr: 0XFFFFFFFFFFFFFFFF[0m
[1;33m[1;36m [IssueCommand] cid: 1 clk: 29162 | PRECHARGE | (address) rank: 1 bankgroup: 0 bank: 0 row: -1 column: -1 addr: 0XFFFFFFFFFFFFFFFF[0m
[1;33m[1;36m [IssueCommand] cid: 2 clk: 29162 | PRECHARGE | (address) rank: 1 bankgroup: 0 bank: 0 row: -1 column: -1 addr: 0XFFFFFFFFFFFFFFFF[0m
[1;33m[1;36m [IssueCommand] cid: 3 clk: 29162 | PRECHARGE | (address) rank: 1 bankgroup: 0 bank: 0 row: -1 column: -1 addr: 0XFFFFFFFFFFFFFFFF[0m
[1;33m[1;36m [IssueCommand] cid: 0 clk: 29163 | PRECHARGE | (address) rank: 1 bankgroup: 1 bank: 0 row: -1 column: -1 addr: 0XFFFFFFFFFFFFFFFF[0m
[1;33m[1;36m [IssueCommand] cid: 1 clk: 29163 | PRECHARGE | (address) rank: 1 bankgroup: 1 bank: 0 row: -1 column: -1 addr: 0XFFFFFFFFFFFFFFFF[0m
[1;33m[1;36m [IssueCommand] cid: 2 clk: 29163 | PRECHARGE | (address) rank: 1 bankgroup: 1 bank: 0 row: -1 column: -1 addr: 0XFFFFFFFFFFFFFFFF[0m
[1;33m[1;36m [IssueCommand] cid: 3 clk: 29163 | PRECHARGE | (address) rank: 1 bankgroup: 1 bank: 0 row: -1 column: -1 addr: 0XFFFFFFFFFFFFFFFF[0m
[1;33m[1;36m [IssueCommand] cid: 0 clk: 29164 | PRECHARGE | (address) rank: 1 bankgroup: 2 bank: 0 row: -1 column: -1 addr: 0XFFFFFFFFFFFFFFFF[0m
[1;33m[1;36m [IssueCommand] cid: 1 clk: 29164 | PRECHARGE | (address) rank: 1 bankgroup: 2 bank: 0 row: -1 column: -1 addr: 0XFFFFFFFFFFFFFFFF[0m
[1;33m[1;36m [IssueCommand] cid: 2 clk: 29164 | PRECHARGE | (address) rank: 1 bankgroup: 2 bank: 0 row: -1 column: -1 addr: 0XFFFFFFFFFFFFFFFF[0m
[1;33m[1;36m [IssueCommand] cid: 3 clk: 29164 | PRECHARGE | (address) rank: 1 bankgroup: 2 bank: 0 row: -1 column: -1 addr: 0XFFFFFFFFFFFFFFFF[0m
[1;33m[1;36m [IssueCommand] cid: 0 clk: 29165 | PRECHARGE | (address) rank: 1 bankgroup: 3 bank: 0 row: -1 column: -1 addr: 0XFFFFFFFFFFFFFFFF[0m
[1;33m[1;36m [IssueCommand] cid: 1 clk: 29165 | PRECHARGE | (address) rank: 1 bankgroup: 3 bank: 0 row: -1 column: -1 addr: 0XFFFFFFFFFFFFFFFF[0m
[1;33m[1;36m [IssueCommand] cid: 2 clk: 29165 | PRECHARGE | (address) rank: 1 bankgroup: 3 bank: 0 row: -1 column: -1 addr: 0XFFFFFFFFFFFFFFFF[0m
[1;33m[1;36m [IssueCommand] cid: 3 clk: 29165 | PRECHARGE | (address) rank: 1 bankgroup: 3 bank: 0 row: -1 column: -1 addr: 0XFFFFFFFFFFFFFFFF[0m
[1;33m[1;36m [IssueCommand] cid: 0 clk: 29184 | REFRESH | (address) rank: 1 bankgroup: -1 bank: -1 row: -1 column: -1 addr: 0XFFFFFFFFFFFFFFFF[0m
[1;33m[1;36m [IssueCommand] cid: 1 clk: 29184 | REFRESH | (address) rank: 1 bankgroup: -1 bank: -1 row: -1 column: -1 addr: 0XFFFFFFFFFFFFFFFF[0m
[1;33m[1;36m [IssueCommand] cid: 2 clk: 29184 | REFRESH | (address) rank: 1 bankgroup: -1 bank: -1 row: -1 column: -1 addr: 0XFFFFFFFFFFFFFFFF[0m
[1;33m[1;36m [IssueCommand] cid: 3 clk: 29184 | REFRESH | (address) rank: 1 bankgroup: -1 bank: -1 row: -1 column: -1 addr: 0XFFFFFFFFFFFFFFFF[0m
27422000: system.mem_ctrl: Enqueueing address 411968
[1;33m[1;35m [AddTransaction(RD)] cid: 2 clk: 29266 | READ | addr: 0X64940[0m
[1;33m[1;35m [AddTransaction(RD)] cid: 3 clk: 29266 | READ | addr: 0X64960[0m
[1;33m[1;36m [AddCommand] cid: 2 clk: 29266 | READ | (address) rank: 1 bankgroup: 2 bank: 0 row: 1 column: 36 addr: 0X64940[0m
[1;33m[1;36m [AddCommand] cid: 3 clk: 29266 | READ | (address) rank: 1 bankgroup: 2 bank: 0 row: 1 column: 36 addr: 0X64960[0m
[1;33m[1;36m [IssueCommand] cid: 2 clk: 29483 | ACTIVATE | (address) rank: 1 bankgroup: 2 bank: 0 row: 1 column: 36 addr: 0X64940[0m
[1;33m[1;36m [IssueCommand] cid: 3 clk: 29483 | ACTIVATE | (address) rank: 1 bankgroup: 2 bank: 0 row: 1 column: 36 addr: 0X64960[0m
[1;33m[1;36m [IssueCommand] cid: 2 clk: 29502 | READ | (address) rank: 1 bankgroup: 2 bank: 0 row: 1 column: 36 addr: 0X64940[0m
[1;33m[1;36m [IssueCommand] cid: 3 clk: 29502 | READ | (address) rank: 1 bankgroup: 2 bank: 0 row: 1 column: 36 addr: 0X64960[0m
[1;33m[1;35m [ReturnDoneRead] cid: 2 clk: 29527 | READ | addr: 0X64940[0m
[1;33m[1;35m [ReturnDoneRead] cid: 3 clk: 29527 | READ | addr: 0X64960[0m
27666799: system.mem_ctrl: Read to address 411968 complete
27666799: system.mem_ctrl: Access for address 411968
27666799: system.mem_ctrl: Queuing response for address 411968
27674799: system.mem_ctrl: Attempting to send response
27674799: system.mem_ctrl: Have 0 read, 0 write, 0 responses outstanding
27799000: system.mem_ctrl: Enqueueing address 412288
[1;33m[1;35m [AddTransaction(RD)] cid: 0 clk: 29669 | READ | addr: 0X64A80[0m
[1;33m[1;35m [AddTransaction(RD)] cid: 1 clk: 29669 | READ | addr: 0X64AA0[0m
[1;33m[1;36m [AddCommand] cid: 0 clk: 29669 | READ | (address) rank: 1 bankgroup: 1 bank: 0 row: 1 column: 37 addr: 0X64A80[0m
[1;33m[1;36m [AddCommand] cid: 1 clk: 29669 | READ | (address) rank: 1 bankgroup: 1 bank: 0 row: 1 column: 37 addr: 0X64AA0[0m
[1;33m[1;36m [IssueCommand] cid: 0 clk: 29670 | ACTIVATE | (address) rank: 1 bankgroup: 1 bank: 0 row: 1 column: 37 addr: 0X64A80[0m
[1;33m[1;36m [IssueCommand] cid: 1 clk: 29670 | ACTIVATE | (address) rank: 1 bankgroup: 1 bank: 0 row: 1 column: 37 addr: 0X64AA0[0m
[1;33m[1;36m [IssueCommand] cid: 0 clk: 29689 | READ | (address) rank: 1 bankgroup: 1 bank: 0 row: 1 column: 37 addr: 0X64A80[0m
[1;33m[1;36m [IssueCommand] cid: 1 clk: 29689 | READ | (address) rank: 1 bankgroup: 1 bank: 0 row: 1 column: 37 addr: 0X64AA0[0m
[1;33m[1;35m [ReturnDoneRead] cid: 0 clk: 29714 | READ | addr: 0X64A80[0m
[1;33m[1;35m [ReturnDoneRead] cid: 1 clk: 29714 | READ | addr: 0X64AA0[0m
27842018: system.mem_ctrl: Read to address 412288 complete
27842018: system.mem_ctrl: Access for address 412288
27842018: system.mem_ctrl: Queuing response for address 412288
27850018: system.mem_ctrl: Attempting to send response
27850018: system.mem_ctrl: Have 0 read, 0 write, 0 responses outstanding
27903000: system.mem_ctrl: Enqueueing address 412352
[1;33m[1;35m [AddTransaction(RD)] cid: 2 clk: 29780 | READ | addr: 0X64AC0[0m
[1;33m[1;35m [AddTransaction(RD)] cid: 3 clk: 29780 | READ | addr: 0X64AE0[0m
[1;33m[1;36m [AddCommand] cid: 2 clk: 29780 | READ | (address) rank: 1 bankgroup: 1 bank: 0 row: 1 column: 37 addr: 0X64AC0[0m
[1;33m[1;36m [AddCommand] cid: 3 clk: 29780 | READ | (address) rank: 1 bankgroup: 1 bank: 0 row: 1 column: 37 addr: 0X64AE0[0m
[1;33m[1;36m [IssueCommand] cid: 2 clk: 29781 | ACTIVATE | (address) rank: 1 bankgroup: 1 bank: 0 row: 1 column: 37 addr: 0X64AC0[0m
[1;33m[1;36m [IssueCommand] cid: 3 clk: 29781 | ACTIVATE | (address) rank: 1 bankgroup: 1 bank: 0 row: 1 column: 37 addr: 0X64AE0[0m
[1;33m[1;36m [IssueCommand] cid: 2 clk: 29800 | READ | (address) rank: 1 bankgroup: 1 bank: 0 row: 1 column: 37 addr: 0X64AC0[0m
[1;33m[1;36m [IssueCommand] cid: 3 clk: 29800 | READ | (address) rank: 1 bankgroup: 1 bank: 0 row: 1 column: 37 addr: 0X64AE0[0m
[1;33m[1;35m [ReturnDoneRead] cid: 2 clk: 29825 | READ | addr: 0X64AC0[0m
[1;33m[1;35m [ReturnDoneRead] cid: 3 clk: 29825 | READ | addr: 0X64AE0[0m
27946025: system.mem_ctrl: Read to address 412352 complete
27946025: system.mem_ctrl: Access for address 412352
27946025: system.mem_ctrl: Queuing response for address 412352
27954025: system.mem_ctrl: Attempting to send response
27954025: system.mem_ctrl: Have 0 read, 0 write, 0 responses outstanding
28047000: system.mem_ctrl: Enqueueing address 48576
[1;33m[1;35m [AddTransaction(RD)] cid: 2 clk: 29933 | READ | addr: 0XBDC0[0m
[1;33m[1;35m [AddTransaction(RD)] cid: 3 clk: 29933 | READ | addr: 0XBDE0[0m
[1;33m[1;36m [AddCommand] cid: 2 clk: 29933 | READ | (address) rank: 0 bankgroup: 3 bank: 1 row: 0 column: 30 addr: 0XBDC0[0m
[1;33m[1;36m [AddCommand] cid: 3 clk: 29933 | READ | (address) rank: 0 bankgroup: 3 bank: 1 row: 0 column: 30 addr: 0XBDE0[0m
[1;33m[1;36m [IssueCommand] cid: 2 clk: 29934 | ACTIVATE | (address) rank: 0 bankgroup: 3 bank: 1 row: 0 column: 30 addr: 0XBDC0[0m
[1;33m[1;36m [IssueCommand] cid: 3 clk: 29934 | ACTIVATE | (address) rank: 0 bankgroup: 3 bank: 1 row: 0 column: 30 addr: 0XBDE0[0m
[1;33m[1;36m [IssueCommand] cid: 2 clk: 29953 | READ | (address) rank: 0 bankgroup: 3 bank: 1 row: 0 column: 30 addr: 0XBDC0[0m
[1;33m[1;36m [IssueCommand] cid: 3 clk: 29953 | READ | (address) rank: 0 bankgroup: 3 bank: 1 row: 0 column: 30 addr: 0XBDE0[0m
[1;33m[1;35m [ReturnDoneRead] cid: 2 clk: 29978 | READ | addr: 0XBDC0[0m
[1;33m[1;35m [ReturnDoneRead] cid: 3 clk: 29978 | READ | addr: 0XBDE0[0m
28089386: system.mem_ctrl: Read to address 48576 complete
28089386: system.mem_ctrl: Access for address 48576
28089386: system.mem_ctrl: Queuing response for address 48576
28097386: system.mem_ctrl: Attempting to send response
28097386: system.mem_ctrl: Have 0 read, 0 write, 0 responses outstanding
28170000: system.mem_ctrl: Enqueueing address 411840
[1;33m[1;35m [AddTransaction(RD)] cid: 2 clk: 30065 | READ | addr: 0X648C0[0m
[1;33m[1;35m [AddTransaction(RD)] cid: 3 clk: 30065 | READ | addr: 0X648E0[0m
[1;33m[1;36m [AddCommand] cid: 2 clk: 30065 | READ | (address) rank: 1 bankgroup: 1 bank: 0 row: 1 column: 36 addr: 0X648C0[0m
[1;33m[1;36m [AddCommand] cid: 3 clk: 30065 | READ | (address) rank: 1 bankgroup: 1 bank: 0 row: 1 column: 36 addr: 0X648E0[0m
[1;33m[1;36m [IssueCommand] cid: 2 clk: 30066 | READ | (address) rank: 1 bankgroup: 1 bank: 0 row: 1 column: 36 addr: 0X648C0[0m
[1;33m[1;36m [IssueCommand] cid: 3 clk: 30066 | READ | (address) rank: 1 bankgroup: 1 bank: 0 row: 1 column: 36 addr: 0X648E0[0m
[1;33m[1;35m [ReturnDoneRead] cid: 2 clk: 30091 | READ | addr: 0X648C0[0m
[1;33m[1;35m [ReturnDoneRead] cid: 3 clk: 30091 | READ | addr: 0X648E0[0m
28195267: system.mem_ctrl: Read to address 411840 complete
28195267: system.mem_ctrl: Access for address 411840
28195267: system.mem_ctrl: Queuing response for address 411840
28203267: system.mem_ctrl: Attempting to send response
28203267: system.mem_ctrl: Have 0 read, 0 write, 0 responses outstanding
28256000: system.mem_ctrl: Enqueueing address 411904
[1;33m[1;35m [AddTransaction(RD)] cid: 0 clk: 30156 | READ | addr: 0X64900[0m
[1;33m[1;35m [AddTransaction(RD)] cid: 1 clk: 30156 | READ | addr: 0X64920[0m
[1;33m[1;36m [AddCommand] cid: 0 clk: 30156 | READ | (address) rank: 1 bankgroup: 2 bank: 0 row: 1 column: 36 addr: 0X64900[0m
[1;33m[1;36m [AddCommand] cid: 1 clk: 30156 | READ | (address) rank: 1 bankgroup: 2 bank: 0 row: 1 column: 36 addr: 0X64920[0m
[1;33m[1;36m [IssueCommand] cid: 0 clk: 30157 | ACTIVATE | (address) rank: 1 bankgroup: 2 bank: 0 row: 1 column: 36 addr: 0X64900[0m
[1;33m[1;36m [IssueCommand] cid: 1 clk: 30157 | ACTIVATE | (address) rank: 1 bankgroup: 2 bank: 0 row: 1 column: 36 addr: 0X64920[0m
[1;33m[1;36m [IssueCommand] cid: 0 clk: 30176 | READ | (address) rank: 1 bankgroup: 2 bank: 0 row: 1 column: 36 addr: 0X64900[0m
[1;33m[1;36m [IssueCommand] cid: 1 clk: 30176 | READ | (address) rank: 1 bankgroup: 2 bank: 0 row: 1 column: 36 addr: 0X64920[0m
[1;33m[1;35m [ReturnDoneRead] cid: 0 clk: 30201 | READ | addr: 0X64900[0m
[1;33m[1;35m [ReturnDoneRead] cid: 1 clk: 30201 | READ | addr: 0X64920[0m
28298337: system.mem_ctrl: Read to address 411904 complete
28298337: system.mem_ctrl: Access for address 411904
28298337: system.mem_ctrl: Queuing response for address 411904
28306337: system.mem_ctrl: Attempting to send response
28306337: system.mem_ctrl: Have 0 read, 0 write, 0 responses outstanding
28425000: system.mem_ctrl: Enqueueing address 411392
[1;33m[1;35m [AddTransaction(RD)] cid: 0 clk: 30337 | READ | addr: 0X64700[0m
[1;33m[1;35m [AddTransaction(RD)] cid: 1 clk: 30337 | READ | addr: 0X64720[0m
[1;33m[1;36m [AddCommand] cid: 0 clk: 30337 | READ | (address) rank: 1 bankgroup: 2 bank: 0 row: 1 column: 35 addr: 0X64700[0m
[1;33m[1;36m [AddCommand] cid: 1 clk: 30337 | READ | (address) rank: 1 bankgroup: 2 bank: 0 row: 1 column: 35 addr: 0X64720[0m
[1;33m[1;36m [IssueCommand] cid: 0 clk: 30338 | READ | (address) rank: 1 bankgroup: 2 bank: 0 row: 1 column: 35 addr: 0X64700[0m
[1;33m[1;36m [IssueCommand] cid: 1 clk: 30338 | READ | (address) rank: 1 bankgroup: 2 bank: 0 row: 1 column: 35 addr: 0X64720[0m
[1;33m[1;35m [ReturnDoneRead] cid: 0 clk: 30363 | READ | addr: 0X64700[0m
[1;33m[1;35m [ReturnDoneRead] cid: 1 clk: 30363 | READ | addr: 0X64720[0m
28450131: system.mem_ctrl: Read to address 411392 complete
28450131: system.mem_ctrl: Access for address 411392
28450131: system.mem_ctrl: Queuing response for address 411392
28458131: system.mem_ctrl: Attempting to send response
28458131: system.mem_ctrl: Have 0 read, 0 write, 0 responses outstanding
28511000: system.mem_ctrl: Enqueueing address 411456
[1;33m[1;35m [AddTransaction(RD)] cid: 2 clk: 30428 | READ | addr: 0X64740[0m
[1;33m[1;35m [AddTransaction(RD)] cid: 3 clk: 30428 | READ | addr: 0X64760[0m
[1;33m[1;36m [AddCommand] cid: 2 clk: 30428 | READ | (address) rank: 1 bankgroup: 2 bank: 0 row: 1 column: 35 addr: 0X64740[0m
[1;33m[1;36m [AddCommand] cid: 3 clk: 30428 | READ | (address) rank: 1 bankgroup: 2 bank: 0 row: 1 column: 35 addr: 0X64760[0m
[1;33m[1;36m [IssueCommand] cid: 2 clk: 30429 | READ | (address) rank: 1 bankgroup: 2 bank: 0 row: 1 column: 35 addr: 0X64740[0m
[1;33m[1;36m [IssueCommand] cid: 3 clk: 30429 | READ | (address) rank: 1 bankgroup: 2 bank: 0 row: 1 column: 35 addr: 0X64760[0m
[1;33m[1;35m [ReturnDoneRead] cid: 2 clk: 30454 | READ | addr: 0X64740[0m
[1;33m[1;35m [ReturnDoneRead] cid: 3 clk: 30454 | READ | addr: 0X64760[0m
28535398: system.mem_ctrl: Read to address 411456 complete
28535398: system.mem_ctrl: Access for address 411456
28535398: system.mem_ctrl: Queuing response for address 411456
28543398: system.mem_ctrl: Attempting to send response
28543398: system.mem_ctrl: Have 0 read, 0 write, 0 responses outstanding
28662000: system.mem_ctrl: Enqueueing address 410496
[1;33m[1;35m [AddTransaction(RD)] cid: 0 clk: 30590 | READ | addr: 0X64380[0m
[1;33m[1;35m [AddTransaction(RD)] cid: 1 clk: 30590 | READ | addr: 0X643A0[0m
[1;33m[1;36m [AddCommand] cid: 0 clk: 30590 | READ | (address) rank: 1 bankgroup: 3 bank: 0 row: 1 column: 33 addr: 0X64380[0m
[1;33m[1;36m [AddCommand] cid: 1 clk: 30590 | READ | (address) rank: 1 bankgroup: 3 bank: 0 row: 1 column: 33 addr: 0X643A0[0m
[1;33m[1;36m [IssueCommand] cid: 0 clk: 30591 | ACTIVATE | (address) rank: 1 bankgroup: 3 bank: 0 row: 1 column: 33 addr: 0X64380[0m
[1;33m[1;36m [IssueCommand] cid: 1 clk: 30591 | ACTIVATE | (address) rank: 1 bankgroup: 3 bank: 0 row: 1 column: 33 addr: 0X643A0[0m
[1;33m[1;36m [IssueCommand] cid: 0 clk: 30610 | READ | (address) rank: 1 bankgroup: 3 bank: 0 row: 1 column: 33 addr: 0X64380[0m
[1;33m[1;36m [IssueCommand] cid: 1 clk: 30610 | READ | (address) rank: 1 bankgroup: 3 bank: 0 row: 1 column: 33 addr: 0X643A0[0m
[1;33m[1;35m [ReturnDoneRead] cid: 0 clk: 30635 | READ | addr: 0X64380[0m
[1;33m[1;35m [ReturnDoneRead] cid: 1 clk: 30635 | READ | addr: 0X643A0[0m
28704995: system.mem_ctrl: Read to address 410496 complete
28704995: system.mem_ctrl: Access for address 410496
28704995: system.mem_ctrl: Queuing response for address 410496
28712995: system.mem_ctrl: Attempting to send response
28712995: system.mem_ctrl: Have 0 read, 0 write, 0 responses outstanding
28765000: system.mem_ctrl: Enqueueing address 410560
[1;33m[1;35m [AddTransaction(RD)] cid: 2 clk: 30700 | READ | addr: 0X643C0[0m
[1;33m[1;35m [AddTransaction(RD)] cid: 3 clk: 30700 | READ | addr: 0X643E0[0m
[1;33m[1;36m [AddCommand] cid: 2 clk: 30700 | READ | (address) rank: 1 bankgroup: 3 bank: 0 row: 1 column: 33 addr: 0X643C0[0m
[1;33m[1;36m [AddCommand] cid: 3 clk: 30700 | READ | (address) rank: 1 bankgroup: 3 bank: 0 row: 1 column: 33 addr: 0X643E0[0m
[1;33m[1;36m [IssueCommand] cid: 2 clk: 30701 | ACTIVATE | (address) rank: 1 bankgroup: 3 bank: 0 row: 1 column: 33 addr: 0X643C0[0m
[1;33m[1;36m [IssueCommand] cid: 3 clk: 30701 | ACTIVATE | (address) rank: 1 bankgroup: 3 bank: 0 row: 1 column: 33 addr: 0X643E0[0m
[1;33m[1;36m [IssueCommand] cid: 2 clk: 30720 | READ | (address) rank: 1 bankgroup: 3 bank: 0 row: 1 column: 33 addr: 0X643C0[0m
[1;33m[1;36m [IssueCommand] cid: 3 clk: 30720 | READ | (address) rank: 1 bankgroup: 3 bank: 0 row: 1 column: 33 addr: 0X643E0[0m
[1;33m[1;35m [ReturnDoneRead] cid: 2 clk: 30745 | READ | addr: 0X643C0[0m
[1;33m[1;35m [ReturnDoneRead] cid: 3 clk: 30745 | READ | addr: 0X643E0[0m
28808065: system.mem_ctrl: Read to address 410560 complete
28808065: system.mem_ctrl: Access for address 410560
28808065: system.mem_ctrl: Queuing response for address 410560
28816065: system.mem_ctrl: Attempting to send response
28816065: system.mem_ctrl: Have 0 read, 0 write, 0 responses outstanding
28935000: system.mem_ctrl: Enqueueing address 410368
[1;33m[1;35m [AddTransaction(RD)] cid: 0 clk: 30881 | READ | addr: 0X64300[0m
[1;33m[1;35m [AddTransaction(RD)] cid: 1 clk: 30881 | READ | addr: 0X64320[0m
[1;33m[1;36m [AddCommand] cid: 0 clk: 30881 | READ | (address) rank: 1 bankgroup: 2 bank: 0 row: 1 column: 33 addr: 0X64300[0m
[1;33m[1;36m [AddCommand] cid: 1 clk: 30881 | READ | (address) rank: 1 bankgroup: 2 bank: 0 row: 1 column: 33 addr: 0X64320[0m
[1;33m[1;36m [IssueCommand] cid: 0 clk: 30882 | READ | (address) rank: 1 bankgroup: 2 bank: 0 row: 1 column: 33 addr: 0X64300[0m
[1;33m[1;36m [IssueCommand] cid: 1 clk: 30882 | READ | (address) rank: 1 bankgroup: 2 bank: 0 row: 1 column: 33 addr: 0X64320[0m
[1;33m[1;35m [ReturnDoneRead] cid: 0 clk: 30907 | READ | addr: 0X64300[0m
[1;33m[1;35m [ReturnDoneRead] cid: 1 clk: 30907 | READ | addr: 0X64320[0m
28959859: system.mem_ctrl: Read to address 410368 complete
28959859: system.mem_ctrl: Access for address 410368
28959859: system.mem_ctrl: Queuing response for address 410368
28967859: system.mem_ctrl: Attempting to send response
28967859: system.mem_ctrl: Have 0 read, 0 write, 0 responses outstanding
29020000: system.mem_ctrl: Enqueueing address 410432
[1;33m[1;35m [AddTransaction(RD)] cid: 2 clk: 30972 | READ | addr: 0X64340[0m
[1;33m[1;35m [AddTransaction(RD)] cid: 3 clk: 30972 | READ | addr: 0X64360[0m
[1;33m[1;36m [AddCommand] cid: 2 clk: 30972 | READ | (address) rank: 1 bankgroup: 2 bank: 0 row: 1 column: 33 addr: 0X64340[0m
[1;33m[1;36m [AddCommand] cid: 3 clk: 30972 | READ | (address) rank: 1 bankgroup: 2 bank: 0 row: 1 column: 33 addr: 0X64360[0m
[1;33m[1;36m [IssueCommand] cid: 2 clk: 30973 | READ | (address) rank: 1 bankgroup: 2 bank: 0 row: 1 column: 33 addr: 0X64340[0m
[1;33m[1;36m [IssueCommand] cid: 3 clk: 30973 | READ | (address) rank: 1 bankgroup: 2 bank: 0 row: 1 column: 33 addr: 0X64360[0m
[1;33m[1;35m [ReturnDoneRead] cid: 2 clk: 30998 | READ | addr: 0X64340[0m
[1;33m[1;35m [ReturnDoneRead] cid: 3 clk: 30998 | READ | addr: 0X64360[0m
29045126: system.mem_ctrl: Read to address 410432 complete
29045126: system.mem_ctrl: Access for address 410432
29045126: system.mem_ctrl: Queuing response for address 410432
29053126: system.mem_ctrl: Attempting to send response
29053126: system.mem_ctrl: Have 0 read, 0 write, 0 responses outstanding
29144000: system.mem_ctrl: Enqueueing address 415168
[1;33m[1;35m [AddTransaction(RD)] cid: 2 clk: 31104 | READ | addr: 0X655C0[0m
[1;33m[1;35m [AddTransaction(RD)] cid: 3 clk: 31104 | READ | addr: 0X655E0[0m
[1;33m[1;36m [AddCommand] cid: 2 clk: 31104 | READ | (address) rank: 1 bankgroup: 3 bank: 0 row: 1 column: 42 addr: 0X655C0[0m
[1;33m[1;36m [AddCommand] cid: 3 clk: 31104 | READ | (address) rank: 1 bankgroup: 3 bank: 0 row: 1 column: 42 addr: 0X655E0[0m
[1;33m[1;36m [IssueCommand] cid: 2 clk: 31105 | READ | (address) rank: 1 bankgroup: 3 bank: 0 row: 1 column: 42 addr: 0X655C0[0m
[1;33m[1;36m [IssueCommand] cid: 3 clk: 31105 | READ | (address) rank: 1 bankgroup: 3 bank: 0 row: 1 column: 42 addr: 0X655E0[0m
[1;33m[1;35m [ReturnDoneRead] cid: 2 clk: 31130 | READ | addr: 0X655C0[0m
[1;33m[1;35m [ReturnDoneRead] cid: 3 clk: 31130 | READ | addr: 0X655E0[0m
29168810: system.mem_ctrl: Read to address 415168 complete
29168810: system.mem_ctrl: Access for address 415168
29168810: system.mem_ctrl: Queuing response for address 415168
29176810: system.mem_ctrl: Attempting to send response
29176810: system.mem_ctrl: Have 0 read, 0 write, 0 responses outstanding
29227000: system.mem_ctrl: Enqueueing address 48640
[1;33m[1;35m [AddTransaction(RD)] cid: 0 clk: 31193 | READ | addr: 0XBE00[0m
[1;33m[1;35m [AddTransaction(RD)] cid: 1 clk: 31193 | READ | addr: 0XBE20[0m
[1;33m[1;36m [AddCommand] cid: 0 clk: 31193 | READ | (address) rank: 0 bankgroup: 0 bank: 1 row: 0 column: 31 addr: 0XBE00[0m
[1;33m[1;36m [AddCommand] cid: 1 clk: 31193 | READ | (address) rank: 0 bankgroup: 0 bank: 1 row: 0 column: 31 addr: 0XBE20[0m
[1;33m[1;36m [IssueCommand] cid: 0 clk: 31194 | ACTIVATE | (address) rank: 0 bankgroup: 0 bank: 1 row: 0 column: 31 addr: 0XBE00[0m
[1;33m[1;36m [IssueCommand] cid: 1 clk: 31194 | ACTIVATE | (address) rank: 0 bankgroup: 0 bank: 1 row: 0 column: 31 addr: 0XBE20[0m
[1;33m[1;36m [IssueCommand] cid: 0 clk: 31213 | READ | (address) rank: 0 bankgroup: 0 bank: 1 row: 0 column: 31 addr: 0XBE00[0m
[1;33m[1;36m [IssueCommand] cid: 1 clk: 31213 | READ | (address) rank: 0 bankgroup: 0 bank: 1 row: 0 column: 31 addr: 0XBE20[0m
[1;33m[1;35m [ReturnDoneRead] cid: 0 clk: 31238 | READ | addr: 0XBE00[0m
[1;33m[1;35m [ReturnDoneRead] cid: 1 clk: 31238 | READ | addr: 0XBE20[0m
29270006: system.mem_ctrl: Read to address 48640 complete
29270006: system.mem_ctrl: Access for address 48640
29270006: system.mem_ctrl: Queuing response for address 48640
[1;33m[1;36m [IssueCommand] cid: 0 clk: 31245 | PRECHARGE | (address) rank: 0 bankgroup: 0 bank: 1 row: -1 column: -1 addr: 0XFFFFFFFFFFFFFFFF[0m
[1;33m[1;36m [IssueCommand] cid: 1 clk: 31245 | PRECHARGE | (address) rank: 0 bankgroup: 0 bank: 1 row: -1 column: -1 addr: 0XFFFFFFFFFFFFFFFF[0m
[1;33m[1;36m [IssueCommand] cid: 2 clk: 31245 | PRECHARGE | (address) rank: 0 bankgroup: 2 bank: 1 row: -1 column: -1 addr: 0XFFFFFFFFFFFFFFFF[0m
[1;33m[1;36m [IssueCommand] cid: 3 clk: 31245 | PRECHARGE | (address) rank: 0 bankgroup: 2 bank: 1 row: -1 column: -1 addr: 0XFFFFFFFFFFFFFFFF[0m
[1;33m[1;36m [IssueCommand] cid: 0 clk: 31246 | PRECHARGE | (address) rank: 0 bankgroup: 3 bank: 1 row: -1 column: -1 addr: 0XFFFFFFFFFFFFFFFF[0m
[1;33m[1;36m [IssueCommand] cid: 1 clk: 31246 | PRECHARGE | (address) rank: 0 bankgroup: 3 bank: 1 row: -1 column: -1 addr: 0XFFFFFFFFFFFFFFFF[0m
[1;33m[1;36m [IssueCommand] cid: 2 clk: 31246 | PRECHARGE | (address) rank: 0 bankgroup: 3 bank: 1 row: -1 column: -1 addr: 0XFFFFFFFFFFFFFFFF[0m
[1;33m[1;36m [IssueCommand] cid: 3 clk: 31246 | PRECHARGE | (address) rank: 0 bankgroup: 3 bank: 1 row: -1 column: -1 addr: 0XFFFFFFFFFFFFFFFF[0m
29278006: system.mem_ctrl: Attempting to send response
29278006: system.mem_ctrl: Have 0 read, 0 write, 0 responses outstanding
[1;33m[1;36m [IssueCommand] cid: 0 clk: 31265 | REFRESH | (address) rank: 0 bankgroup: -1 bank: -1 row: -1 column: -1 addr: 0XFFFFFFFFFFFFFFFF[0m
[1;33m[1;36m [IssueCommand] cid: 1 clk: 31265 | REFRESH | (address) rank: 0 bankgroup: -1 bank: -1 row: -1 column: -1 addr: 0XFFFFFFFFFFFFFFFF[0m
[1;33m[1;36m [IssueCommand] cid: 2 clk: 31265 | REFRESH | (address) rank: 0 bankgroup: -1 bank: -1 row: -1 column: -1 addr: 0XFFFFFFFFFFFFFFFF[0m
[1;33m[1;36m [IssueCommand] cid: 3 clk: 31265 | REFRESH | (address) rank: 0 bankgroup: -1 bank: -1 row: -1 column: -1 addr: 0XFFFFFFFFFFFFFFFF[0m
29367000: system.mem_ctrl: Enqueueing address 59008
[1;33m[1;35m [AddTransaction(RD)] cid: 0 clk: 31342 | READ | addr: 0XE680[0m
[1;33m[1;35m [AddTransaction(RD)] cid: 1 clk: 31342 | READ | addr: 0XE6A0[0m
[1;33m[1;36m [AddCommand] cid: 0 clk: 31342 | READ | (address) rank: 0 bankgroup: 1 bank: 1 row: 0 column: 51 addr: 0XE680[0m
[1;33m[1;36m [AddCommand] cid: 1 clk: 31342 | READ | (address) rank: 0 bankgroup: 1 bank: 1 row: 0 column: 51 addr: 0XE6A0[0m
[1;33m[1;36m [IssueCommand] cid: 0 clk: 31564 | ACTIVATE | (address) rank: 0 bankgroup: 1 bank: 1 row: 0 column: 51 addr: 0XE680[0m
[1;33m[1;36m [IssueCommand] cid: 1 clk: 31564 | ACTIVATE | (address) rank: 0 bankgroup: 1 bank: 1 row: 0 column: 51 addr: 0XE6A0[0m
[1;33m[1;36m [IssueCommand] cid: 0 clk: 31583 | READ | (address) rank: 0 bankgroup: 1 bank: 1 row: 0 column: 51 addr: 0XE680[0m
[1;33m[1;36m [IssueCommand] cid: 1 clk: 31583 | READ | (address) rank: 0 bankgroup: 1 bank: 1 row: 0 column: 51 addr: 0XE6A0[0m
[1;33m[1;35m [ReturnDoneRead] cid: 0 clk: 31608 | READ | addr: 0XE680[0m
[1;33m[1;35m [ReturnDoneRead] cid: 1 clk: 31608 | READ | addr: 0XE6A0[0m
29616696: system.mem_ctrl: Read to address 59008 complete
29616696: system.mem_ctrl: Access for address 59008
29616696: system.mem_ctrl: Queuing response for address 59008
29624696: system.mem_ctrl: Attempting to send response
29624696: system.mem_ctrl: Have 0 read, 0 write, 0 responses outstanding
29701000: system.mem_ctrl: Enqueueing address 59200
[1;33m[1;35m [AddTransaction(RD)] cid: 2 clk: 31698 | READ | addr: 0XE740[0m
[1;33m[1;35m [AddTransaction(RD)] cid: 3 clk: 31698 | READ | addr: 0XE760[0m
[1;33m[1;36m [AddCommand] cid: 2 clk: 31698 | READ | (address) rank: 0 bankgroup: 2 bank: 1 row: 0 column: 51 addr: 0XE740[0m
[1;33m[1;36m [AddCommand] cid: 3 clk: 31698 | READ | (address) rank: 0 bankgroup: 2 bank: 1 row: 0 column: 51 addr: 0XE760[0m
[1;33m[1;36m [IssueCommand] cid: 2 clk: 31699 | ACTIVATE | (address) rank: 0 bankgroup: 2 bank: 1 row: 0 column: 51 addr: 0XE740[0m
[1;33m[1;36m [IssueCommand] cid: 3 clk: 31699 | ACTIVATE | (address) rank: 0 bankgroup: 2 bank: 1 row: 0 column: 51 addr: 0XE760[0m
[1;33m[1;36m [IssueCommand] cid: 2 clk: 31718 | READ | (address) rank: 0 bankgroup: 2 bank: 1 row: 0 column: 51 addr: 0XE740[0m
[1;33m[1;36m [IssueCommand] cid: 3 clk: 31718 | READ | (address) rank: 0 bankgroup: 2 bank: 1 row: 0 column: 51 addr: 0XE760[0m
[1;33m[1;35m [ReturnDoneRead] cid: 2 clk: 31743 | READ | addr: 0XE740[0m
[1;33m[1;35m [ReturnDoneRead] cid: 3 clk: 31743 | READ | addr: 0XE760[0m
29743191: system.mem_ctrl: Read to address 59200 complete
29743191: system.mem_ctrl: Access for address 59200
29743191: system.mem_ctrl: Queuing response for address 59200
29751191: system.mem_ctrl: Attempting to send response
29751191: system.mem_ctrl: Have 0 read, 0 write, 0 responses outstanding
29808000: system.mem_ctrl: Enqueueing address 57472
[1;33m[1;35m [AddTransaction(RD)] cid: 0 clk: 31813 | READ | addr: 0XE080[0m
[1;33m[1;35m [AddTransaction(RD)] cid: 1 clk: 31813 | READ | addr: 0XE0A0[0m
[1;33m[1;36m [AddCommand] cid: 0 clk: 31813 | READ | (address) rank: 0 bankgroup: 1 bank: 1 row: 0 column: 48 addr: 0XE080[0m
[1;33m[1;36m [AddCommand] cid: 1 clk: 31813 | READ | (address) rank: 0 bankgroup: 1 bank: 1 row: 0 column: 48 addr: 0XE0A0[0m
[1;33m[1;36m [IssueCommand] cid: 0 clk: 31814 | READ | (address) rank: 0 bankgroup: 1 bank: 1 row: 0 column: 48 addr: 0XE080[0m
[1;33m[1;36m [IssueCommand] cid: 1 clk: 31814 | READ | (address) rank: 0 bankgroup: 1 bank: 1 row: 0 column: 48 addr: 0XE0A0[0m
[1;33m[1;35m [ReturnDoneRead] cid: 0 clk: 31839 | READ | addr: 0XE080[0m
[1;33m[1;35m [ReturnDoneRead] cid: 1 clk: 31839 | READ | addr: 0XE0A0[0m
29833143: system.mem_ctrl: Read to address 57472 complete
29833143: system.mem_ctrl: Access for address 57472
29833143: system.mem_ctrl: Queuing response for address 57472
29841143: system.mem_ctrl: Attempting to send response
29841143: system.mem_ctrl: Have 0 read, 0 write, 0 responses outstanding
29944000: system.mem_ctrl: Enqueueing address 57536
[1;33m[1;35m [AddTransaction(RD)] cid: 2 clk: 31958 | READ | addr: 0XE0C0[0m
[1;33m[1;35m [AddTransaction(RD)] cid: 3 clk: 31958 | READ | addr: 0XE0E0[0m
[1;33m[1;36m [AddCommand] cid: 2 clk: 31958 | READ | (address) rank: 0 bankgroup: 1 bank: 1 row: 0 column: 48 addr: 0XE0C0[0m
[1;33m[1;36m [AddCommand] cid: 3 clk: 31958 | READ | (address) rank: 0 bankgroup: 1 bank: 1 row: 0 column: 48 addr: 0XE0E0[0m
[1;33m[1;36m [IssueCommand] cid: 2 clk: 31959 | ACTIVATE | (address) rank: 0 bankgroup: 1 bank: 1 row: 0 column: 48 addr: 0XE0C0[0m
[1;33m[1;36m [IssueCommand] cid: 3 clk: 31959 | ACTIVATE | (address) rank: 0 bankgroup: 1 bank: 1 row: 0 column: 48 addr: 0XE0E0[0m
[1;33m[1;36m [IssueCommand] cid: 2 clk: 31978 | READ | (address) rank: 0 bankgroup: 1 bank: 1 row: 0 column: 48 addr: 0XE0C0[0m
[1;33m[1;36m [IssueCommand] cid: 3 clk: 31978 | READ | (address) rank: 0 bankgroup: 1 bank: 1 row: 0 column: 48 addr: 0XE0E0[0m
[1;33m[1;35m [ReturnDoneRead] cid: 2 clk: 32003 | READ | addr: 0XE0C0[0m
[1;33m[1;35m [ReturnDoneRead] cid: 3 clk: 32003 | READ | addr: 0XE0E0[0m
29986811: system.mem_ctrl: Read to address 57536 complete
29986811: system.mem_ctrl: Access for address 57536
29986811: system.mem_ctrl: Queuing response for address 57536
29994811: system.mem_ctrl: Attempting to send response
29994811: system.mem_ctrl: Have 0 read, 0 write, 0 responses outstanding
30051000: system.mem_ctrl: Enqueueing address 54528
[1;33m[1;35m [AddTransaction(RD)] cid: 0 clk: 32072 | READ | addr: 0XD500[0m
[1;33m[1;35m [AddTransaction(RD)] cid: 1 clk: 32072 | READ | addr: 0XD520[0m
[1;33m[1;36m [AddCommand] cid: 0 clk: 32072 | READ | (address) rank: 0 bankgroup: 2 bank: 1 row: 0 column: 42 addr: 0XD500[0m
[1;33m[1;36m [AddCommand] cid: 1 clk: 32072 | READ | (address) rank: 0 bankgroup: 2 bank: 1 row: 0 column: 42 addr: 0XD520[0m
[1;33m[1;36m [IssueCommand] cid: 0 clk: 32073 | ACTIVATE | (address) rank: 0 bankgroup: 2 bank: 1 row: 0 column: 42 addr: 0XD500[0m
[1;33m[1;36m [IssueCommand] cid: 1 clk: 32073 | ACTIVATE | (address) rank: 0 bankgroup: 2 bank: 1 row: 0 column: 42 addr: 0XD520[0m
[1;33m[1;36m [IssueCommand] cid: 0 clk: 32092 | READ | (address) rank: 0 bankgroup: 2 bank: 1 row: 0 column: 42 addr: 0XD500[0m
[1;33m[1;36m [IssueCommand] cid: 1 clk: 32092 | READ | (address) rank: 0 bankgroup: 2 bank: 1 row: 0 column: 42 addr: 0XD520[0m
[1;33m[1;35m [ReturnDoneRead] cid: 0 clk: 32117 | READ | addr: 0XD500[0m
[1;33m[1;35m [ReturnDoneRead] cid: 1 clk: 32117 | READ | addr: 0XD520[0m
30093629: system.mem_ctrl: Read to address 54528 complete
30093629: system.mem_ctrl: Access for address 54528
30093629: system.mem_ctrl: Queuing response for address 54528
30101629: system.mem_ctrl: Attempting to send response
30101629: system.mem_ctrl: Have 0 read, 0 write, 0 responses outstanding
30218000: system.mem_ctrl: Enqueueing address 54784
[1;33m[1;35m [AddTransaction(RD)] cid: 0 clk: 32250 | READ | addr: 0XD600[0m
[1;33m[1;35m [AddTransaction(RD)] cid: 1 clk: 32250 | READ | addr: 0XD620[0m
[1;33m[1;36m [AddCommand] cid: 0 clk: 32250 | READ | (address) rank: 0 bankgroup: 0 bank: 1 row: 0 column: 43 addr: 0XD600[0m
[1;33m[1;36m [AddCommand] cid: 1 clk: 32250 | READ | (address) rank: 0 bankgroup: 0 bank: 1 row: 0 column: 43 addr: 0XD620[0m
[1;33m[1;36m [IssueCommand] cid: 0 clk: 32251 | ACTIVATE | (address) rank: 0 bankgroup: 0 bank: 1 row: 0 column: 43 addr: 0XD600[0m
[1;33m[1;36m [IssueCommand] cid: 1 clk: 32251 | ACTIVATE | (address) rank: 0 bankgroup: 0 bank: 1 row: 0 column: 43 addr: 0XD620[0m
[1;33m[1;36m [IssueCommand] cid: 0 clk: 32270 | READ | (address) rank: 0 bankgroup: 0 bank: 1 row: 0 column: 43 addr: 0XD600[0m
[1;33m[1;36m [IssueCommand] cid: 1 clk: 32270 | READ | (address) rank: 0 bankgroup: 0 bank: 1 row: 0 column: 43 addr: 0XD620[0m
[1;33m[1;35m [ReturnDoneRead] cid: 0 clk: 32295 | READ | addr: 0XD600[0m
[1;33m[1;35m [ReturnDoneRead] cid: 1 clk: 32295 | READ | addr: 0XD620[0m
30260415: system.mem_ctrl: Read to address 54784 complete
30260415: system.mem_ctrl: Access for address 54784
30260415: system.mem_ctrl: Queuing response for address 54784
30268415: system.mem_ctrl: Attempting to send response
30268415: system.mem_ctrl: Have 0 read, 0 write, 0 responses outstanding
30337000: system.mem_ctrl: Enqueueing address 54848
[1;33m[1;35m [AddTransaction(RD)] cid: 2 clk: 32377 | READ | addr: 0XD640[0m
[1;33m[1;35m [AddTransaction(RD)] cid: 3 clk: 32377 | READ | addr: 0XD660[0m
[1;33m[1;36m [AddCommand] cid: 2 clk: 32377 | READ | (address) rank: 0 bankgroup: 0 bank: 1 row: 0 column: 43 addr: 0XD640[0m
[1;33m[1;36m [AddCommand] cid: 3 clk: 32377 | READ | (address) rank: 0 bankgroup: 0 bank: 1 row: 0 column: 43 addr: 0XD660[0m
[1;33m[1;36m [IssueCommand] cid: 2 clk: 32378 | ACTIVATE | (address) rank: 0 bankgroup: 0 bank: 1 row: 0 column: 43 addr: 0XD640[0m
[1;33m[1;36m [IssueCommand] cid: 3 clk: 32378 | ACTIVATE | (address) rank: 0 bankgroup: 0 bank: 1 row: 0 column: 43 addr: 0XD660[0m
[1;33m[1;36m [IssueCommand] cid: 2 clk: 32397 | READ | (address) rank: 0 bankgroup: 0 bank: 1 row: 0 column: 43 addr: 0XD640[0m
[1;33m[1;36m [IssueCommand] cid: 3 clk: 32397 | READ | (address) rank: 0 bankgroup: 0 bank: 1 row: 0 column: 43 addr: 0XD660[0m
[1;33m[1;35m [ReturnDoneRead] cid: 2 clk: 32422 | READ | addr: 0XD640[0m
[1;33m[1;35m [ReturnDoneRead] cid: 3 clk: 32422 | READ | addr: 0XD660[0m
30379414: system.mem_ctrl: Read to address 54848 complete
30379414: system.mem_ctrl: Access for address 54848
30379414: system.mem_ctrl: Queuing response for address 54848
30387414: system.mem_ctrl: Attempting to send response
30387414: system.mem_ctrl: Have 0 read, 0 write, 0 responses outstanding
30452000: system.mem_ctrl: Enqueueing address 56576
[1;33m[1;35m [AddTransaction(RD)] cid: 0 clk: 32500 | READ | addr: 0XDD00[0m
[1;33m[1;35m [AddTransaction(RD)] cid: 1 clk: 32500 | READ | addr: 0XDD20[0m
[1;33m[1;36m [AddCommand] cid: 0 clk: 32500 | READ | (address) rank: 0 bankgroup: 2 bank: 1 row: 0 column: 46 addr: 0XDD00[0m
[1;33m[1;36m [AddCommand] cid: 1 clk: 32500 | READ | (address) rank: 0 bankgroup: 2 bank: 1 row: 0 column: 46 addr: 0XDD20[0m
[1;33m[1;36m [IssueCommand] cid: 0 clk: 32501 | READ | (address) rank: 0 bankgroup: 2 bank: 1 row: 0 column: 46 addr: 0XDD00[0m
[1;33m[1;36m [IssueCommand] cid: 1 clk: 32501 | READ | (address) rank: 0 bankgroup: 2 bank: 1 row: 0 column: 46 addr: 0XDD20[0m
[1;33m[1;35m [ReturnDoneRead] cid: 0 clk: 32526 | READ | addr: 0XDD00[0m
[1;33m[1;35m [ReturnDoneRead] cid: 1 clk: 32526 | READ | addr: 0XDD20[0m
30476862: system.mem_ctrl: Read to address 56576 complete
30476862: system.mem_ctrl: Access for address 56576
30476862: system.mem_ctrl: Queuing response for address 56576
30484862: system.mem_ctrl: Attempting to send response
30484862: system.mem_ctrl: Have 0 read, 0 write, 0 responses outstanding
30551000: system.mem_ctrl: Enqueueing address 54592
[1;33m[1;35m [AddTransaction(RD)] cid: 2 clk: 32606 | READ | addr: 0XD540[0m
[1;33m[1;35m [AddTransaction(RD)] cid: 3 clk: 32606 | READ | addr: 0XD560[0m
[1;33m[1;36m [AddCommand] cid: 2 clk: 32606 | READ | (address) rank: 0 bankgroup: 2 bank: 1 row: 0 column: 42 addr: 0XD540[0m
[1;33m[1;36m [AddCommand] cid: 3 clk: 32606 | READ | (address) rank: 0 bankgroup: 2 bank: 1 row: 0 column: 42 addr: 0XD560[0m
[1;33m[1;36m [IssueCommand] cid: 2 clk: 32607 | READ | (address) rank: 0 bankgroup: 2 bank: 1 row: 0 column: 42 addr: 0XD540[0m
[1;33m[1;36m [IssueCommand] cid: 3 clk: 32607 | READ | (address) rank: 0 bankgroup: 2 bank: 1 row: 0 column: 42 addr: 0XD560[0m
[1;33m[1;35m [ReturnDoneRead] cid: 2 clk: 32632 | READ | addr: 0XD540[0m
[1;33m[1;35m [ReturnDoneRead] cid: 3 clk: 32632 | READ | addr: 0XD560[0m
30576184: system.mem_ctrl: Read to address 54592 complete
30576184: system.mem_ctrl: Access for address 54592
30576184: system.mem_ctrl: Queuing response for address 54592
30584184: system.mem_ctrl: Attempting to send response
30584184: system.mem_ctrl: Have 0 read, 0 write, 0 responses outstanding
30641000: system.mem_ctrl: Enqueueing address 55360
[1;33m[1;35m [AddTransaction(RD)] cid: 2 clk: 32702 | READ | addr: 0XD840[0m
[1;33m[1;35m [AddTransaction(RD)] cid: 3 clk: 32702 | READ | addr: 0XD860[0m
[1;33m[1;36m [AddCommand] cid: 2 clk: 32702 | READ | (address) rank: 0 bankgroup: 0 bank: 1 row: 0 column: 44 addr: 0XD840[0m
[1;33m[1;36m [AddCommand] cid: 3 clk: 32702 | READ | (address) rank: 0 bankgroup: 0 bank: 1 row: 0 column: 44 addr: 0XD860[0m
[1;33m[1;36m [IssueCommand] cid: 2 clk: 32703 | READ | (address) rank: 0 bankgroup: 0 bank: 1 row: 0 column: 44 addr: 0XD840[0m
[1;33m[1;36m [IssueCommand] cid: 3 clk: 32703 | READ | (address) rank: 0 bankgroup: 0 bank: 1 row: 0 column: 44 addr: 0XD860[0m
[1;33m[1;35m [ReturnDoneRead] cid: 2 clk: 32728 | READ | addr: 0XD840[0m
[1;33m[1;35m [ReturnDoneRead] cid: 3 clk: 32728 | READ | addr: 0XD860[0m
30666136: system.mem_ctrl: Read to address 55360 complete
30666136: system.mem_ctrl: Access for address 55360
30666136: system.mem_ctrl: Queuing response for address 55360
30674136: system.mem_ctrl: Attempting to send response
30674136: system.mem_ctrl: Have 0 read, 0 write, 0 responses outstanding
30735000: system.mem_ctrl: Enqueueing address 457920
[1;33m[1;35m [AddTransaction(RD)] cid: 2 clk: 32802 | READ | addr: 0X6FCC0[0m
[1;33m[1;35m [AddTransaction(RD)] cid: 3 clk: 32802 | READ | addr: 0X6FCE0[0m
[1;33m[1;36m [AddCommand] cid: 2 clk: 32802 | READ | (address) rank: 1 bankgroup: 1 bank: 1 row: 1 column: 62 addr: 0X6FCC0[0m
[1;33m[1;36m [AddCommand] cid: 3 clk: 32802 | READ | (address) rank: 1 bankgroup: 1 bank: 1 row: 1 column: 62 addr: 0X6FCE0[0m
[1;33m[1;36m [IssueCommand] cid: 2 clk: 32803 | ACTIVATE | (address) rank: 1 bankgroup: 1 bank: 1 row: 1 column: 62 addr: 0X6FCC0[0m
[1;33m[1;36m [IssueCommand] cid: 3 clk: 32803 | ACTIVATE | (address) rank: 1 bankgroup: 1 bank: 1 row: 1 column: 62 addr: 0X6FCE0[0m
[1;33m[1;36m [IssueCommand] cid: 2 clk: 32822 | READ | (address) rank: 1 bankgroup: 1 bank: 1 row: 1 column: 62 addr: 0X6FCC0[0m
[1;33m[1;36m [IssueCommand] cid: 3 clk: 32822 | READ | (address) rank: 1 bankgroup: 1 bank: 1 row: 1 column: 62 addr: 0X6FCE0[0m
[1;33m[1;35m [ReturnDoneRead] cid: 2 clk: 32847 | READ | addr: 0X6FCC0[0m
[1;33m[1;35m [ReturnDoneRead] cid: 3 clk: 32847 | READ | addr: 0X6FCE0[0m
30777639: system.mem_ctrl: Read to address 457920 complete
30777639: system.mem_ctrl: Access for address 457920
30777639: system.mem_ctrl: Queuing response for address 457920
30785639: system.mem_ctrl: Attempting to send response
30785639: system.mem_ctrl: Have 0 read, 0 write, 0 responses outstanding
30860000: system.mem_ctrl: Enqueueing address 457856
[1;33m[1;35m [AddTransaction(RD)] cid: 0 clk: 32935 | READ | addr: 0X6FC80[0m
[1;33m[1;35m [AddTransaction(RD)] cid: 1 clk: 32935 | READ | addr: 0X6FCA0[0m
[1;33m[1;36m [AddCommand] cid: 0 clk: 32935 | READ | (address) rank: 1 bankgroup: 1 bank: 1 row: 1 column: 62 addr: 0X6FC80[0m
[1;33m[1;36m [AddCommand] cid: 1 clk: 32935 | READ | (address) rank: 1 bankgroup: 1 bank: 1 row: 1 column: 62 addr: 0X6FCA0[0m
[1;33m[1;36m [IssueCommand] cid: 0 clk: 32936 | ACTIVATE | (address) rank: 1 bankgroup: 1 bank: 1 row: 1 column: 62 addr: 0X6FC80[0m
[1;33m[1;36m [IssueCommand] cid: 1 clk: 32936 | ACTIVATE | (address) rank: 1 bankgroup: 1 bank: 1 row: 1 column: 62 addr: 0X6FCA0[0m
[1;33m[1;36m [IssueCommand] cid: 0 clk: 32955 | READ | (address) rank: 1 bankgroup: 1 bank: 1 row: 1 column: 62 addr: 0X6FC80[0m
[1;33m[1;36m [IssueCommand] cid: 1 clk: 32955 | READ | (address) rank: 1 bankgroup: 1 bank: 1 row: 1 column: 62 addr: 0X6FCA0[0m
[1;33m[1;35m [ReturnDoneRead] cid: 0 clk: 32980 | READ | addr: 0X6FC80[0m
[1;33m[1;35m [ReturnDoneRead] cid: 1 clk: 32980 | READ | addr: 0X6FCA0[0m
30902260: system.mem_ctrl: Read to address 457856 complete
30902260: system.mem_ctrl: Access for address 457856
30902260: system.mem_ctrl: Queuing response for address 457856
30910260: system.mem_ctrl: Attempting to send response
30910260: system.mem_ctrl: Have 0 read, 0 write, 0 responses outstanding
30987000: system.mem_ctrl: Enqueueing address 55424
[1;33m[1;35m [AddTransaction(RD)] cid: 0 clk: 33071 | READ | addr: 0XD880[0m
[1;33m[1;35m [AddTransaction(RD)] cid: 1 clk: 33071 | READ | addr: 0XD8A0[0m
[1;33m[1;36m [AddCommand] cid: 0 clk: 33071 | READ | (address) rank: 0 bankgroup: 1 bank: 1 row: 0 column: 44 addr: 0XD880[0m
[1;33m[1;36m [AddCommand] cid: 1 clk: 33071 | READ | (address) rank: 0 bankgroup: 1 bank: 1 row: 0 column: 44 addr: 0XD8A0[0m
[1;33m[1;36m [IssueCommand] cid: 0 clk: 33072 | READ | (address) rank: 0 bankgroup: 1 bank: 1 row: 0 column: 44 addr: 0XD880[0m
[1;33m[1;36m [IssueCommand] cid: 1 clk: 33072 | READ | (address) rank: 0 bankgroup: 1 bank: 1 row: 0 column: 44 addr: 0XD8A0[0m
[1;33m[1;35m [ReturnDoneRead] cid: 0 clk: 33097 | READ | addr: 0XD880[0m
[1;33m[1;35m [ReturnDoneRead] cid: 1 clk: 33097 | READ | addr: 0XD8A0[0m
31011889: system.mem_ctrl: Read to address 55424 complete
31011889: system.mem_ctrl: Access for address 55424
31011889: system.mem_ctrl: Queuing response for address 55424
31019889: system.mem_ctrl: Attempting to send response
31019889: system.mem_ctrl: Have 0 read, 0 write, 0 responses outstanding
31092000: system.mem_ctrl: Enqueueing address 56000
[1;33m[1;35m [AddTransaction(RD)] cid: 2 clk: 33183 | READ | addr: 0XDAC0[0m
[1;33m[1;35m [AddTransaction(RD)] cid: 3 clk: 33183 | READ | addr: 0XDAE0[0m
[1;33m[1;36m [AddCommand] cid: 2 clk: 33183 | READ | (address) rank: 0 bankgroup: 1 bank: 1 row: 0 column: 45 addr: 0XDAC0[0m
[1;33m[1;36m [AddCommand] cid: 3 clk: 33183 | READ | (address) rank: 0 bankgroup: 1 bank: 1 row: 0 column: 45 addr: 0XDAE0[0m
[1;33m[1;36m [IssueCommand] cid: 2 clk: 33184 | READ | (address) rank: 0 bankgroup: 1 bank: 1 row: 0 column: 45 addr: 0XDAC0[0m
[1;33m[1;36m [IssueCommand] cid: 3 clk: 33184 | READ | (address) rank: 0 bankgroup: 1 bank: 1 row: 0 column: 45 addr: 0XDAE0[0m
[1;33m[1;35m [ReturnDoneRead] cid: 2 clk: 33209 | READ | addr: 0XDAC0[0m
[1;33m[1;35m [ReturnDoneRead] cid: 3 clk: 33209 | READ | addr: 0XDAE0[0m
31116833: system.mem_ctrl: Read to address 56000 complete
31116833: system.mem_ctrl: Access for address 56000
31116833: system.mem_ctrl: Queuing response for address 56000
31124833: system.mem_ctrl: Attempting to send response
31124833: system.mem_ctrl: Have 0 read, 0 write, 0 responses outstanding
31173000: system.mem_ctrl: Enqueueing address 56064
[1;33m[1;35m [AddTransaction(RD)] cid: 0 clk: 33269 | READ | addr: 0XDB00[0m
[1;33m[1;35m [AddTransaction(RD)] cid: 1 clk: 33269 | READ | addr: 0XDB20[0m
[1;33m[1;36m [AddCommand] cid: 0 clk: 33269 | READ | (address) rank: 0 bankgroup: 2 bank: 1 row: 0 column: 45 addr: 0XDB00[0m
[1;33m[1;36m [AddCommand] cid: 1 clk: 33269 | READ | (address) rank: 0 bankgroup: 2 bank: 1 row: 0 column: 45 addr: 0XDB20[0m
[1;33m[1;36m [IssueCommand] cid: 0 clk: 33270 | READ | (address) rank: 0 bankgroup: 2 bank: 1 row: 0 column: 45 addr: 0XDB00[0m
[1;33m[1;36m [IssueCommand] cid: 1 clk: 33270 | READ | (address) rank: 0 bankgroup: 2 bank: 1 row: 0 column: 45 addr: 0XDB20[0m
[1;33m[1;35m [ReturnDoneRead] cid: 0 clk: 33295 | READ | addr: 0XDB00[0m
[1;33m[1;35m [ReturnDoneRead] cid: 1 clk: 33295 | READ | addr: 0XDB20[0m
31197415: system.mem_ctrl: Read to address 56064 complete
31197415: system.mem_ctrl: Access for address 56064
31197415: system.mem_ctrl: Queuing response for address 56064
31205415: system.mem_ctrl: Attempting to send response
31205415: system.mem_ctrl: Have 0 read, 0 write, 0 responses outstanding
[1;33m[1;36m [IssueCommand] cid: 0 clk: 33328 | PRECHARGE | (address) rank: 1 bankgroup: 1 bank: 0 row: -1 column: -1 addr: 0XFFFFFFFFFFFFFFFF[0m
[1;33m[1;36m [IssueCommand] cid: 1 clk: 33328 | PRECHARGE | (address) rank: 1 bankgroup: 1 bank: 0 row: -1 column: -1 addr: 0XFFFFFFFFFFFFFFFF[0m
[1;33m[1;36m [IssueCommand] cid: 2 clk: 33328 | PRECHARGE | (address) rank: 1 bankgroup: 1 bank: 0 row: -1 column: -1 addr: 0XFFFFFFFFFFFFFFFF[0m
[1;33m[1;36m [IssueCommand] cid: 3 clk: 33328 | PRECHARGE | (address) rank: 1 bankgroup: 1 bank: 0 row: -1 column: -1 addr: 0XFFFFFFFFFFFFFFFF[0m
[1;33m[1;36m [IssueCommand] cid: 0 clk: 33329 | PRECHARGE | (address) rank: 1 bankgroup: 1 bank: 1 row: -1 column: -1 addr: 0XFFFFFFFFFFFFFFFF[0m
[1;33m[1;36m [IssueCommand] cid: 1 clk: 33329 | PRECHARGE | (address) rank: 1 bankgroup: 1 bank: 1 row: -1 column: -1 addr: 0XFFFFFFFFFFFFFFFF[0m
[1;33m[1;36m [IssueCommand] cid: 2 clk: 33329 | PRECHARGE | (address) rank: 1 bankgroup: 1 bank: 1 row: -1 column: -1 addr: 0XFFFFFFFFFFFFFFFF[0m
[1;33m[1;36m [IssueCommand] cid: 3 clk: 33329 | PRECHARGE | (address) rank: 1 bankgroup: 1 bank: 1 row: -1 column: -1 addr: 0XFFFFFFFFFFFFFFFF[0m
[1;33m[1;36m [IssueCommand] cid: 0 clk: 33330 | PRECHARGE | (address) rank: 1 bankgroup: 2 bank: 0 row: -1 column: -1 addr: 0XFFFFFFFFFFFFFFFF[0m
[1;33m[1;36m [IssueCommand] cid: 1 clk: 33330 | PRECHARGE | (address) rank: 1 bankgroup: 2 bank: 0 row: -1 column: -1 addr: 0XFFFFFFFFFFFFFFFF[0m
[1;33m[1;36m [IssueCommand] cid: 2 clk: 33330 | PRECHARGE | (address) rank: 1 bankgroup: 2 bank: 0 row: -1 column: -1 addr: 0XFFFFFFFFFFFFFFFF[0m
[1;33m[1;36m [IssueCommand] cid: 3 clk: 33330 | PRECHARGE | (address) rank: 1 bankgroup: 2 bank: 0 row: -1 column: -1 addr: 0XFFFFFFFFFFFFFFFF[0m
[1;33m[1;36m [IssueCommand] cid: 0 clk: 33331 | PRECHARGE | (address) rank: 1 bankgroup: 3 bank: 0 row: -1 column: -1 addr: 0XFFFFFFFFFFFFFFFF[0m
[1;33m[1;36m [IssueCommand] cid: 1 clk: 33331 | PRECHARGE | (address) rank: 1 bankgroup: 3 bank: 0 row: -1 column: -1 addr: 0XFFFFFFFFFFFFFFFF[0m
[1;33m[1;36m [IssueCommand] cid: 2 clk: 33331 | PRECHARGE | (address) rank: 1 bankgroup: 3 bank: 0 row: -1 column: -1 addr: 0XFFFFFFFFFFFFFFFF[0m
[1;33m[1;36m [IssueCommand] cid: 3 clk: 33331 | PRECHARGE | (address) rank: 1 bankgroup: 3 bank: 0 row: -1 column: -1 addr: 0XFFFFFFFFFFFFFFFF[0m
[1;33m[1;36m [IssueCommand] cid: 0 clk: 33350 | REFRESH | (address) rank: 1 bankgroup: -1 bank: -1 row: -1 column: -1 addr: 0XFFFFFFFFFFFFFFFF[0m
[1;33m[1;36m [IssueCommand] cid: 1 clk: 33350 | REFRESH | (address) rank: 1 bankgroup: -1 bank: -1 row: -1 column: -1 addr: 0XFFFFFFFFFFFFFFFF[0m
[1;33m[1;36m [IssueCommand] cid: 2 clk: 33350 | REFRESH | (address) rank: 1 bankgroup: -1 bank: -1 row: -1 column: -1 addr: 0XFFFFFFFFFFFFFFFF[0m
[1;33m[1;36m [IssueCommand] cid: 3 clk: 33350 | REFRESH | (address) rank: 1 bankgroup: -1 bank: -1 row: -1 column: -1 addr: 0XFFFFFFFFFFFFFFFF[0m
31282000: system.mem_ctrl: Enqueueing address 56128
[1;33m[1;35m [AddTransaction(RD)] cid: 2 clk: 33386 | READ | addr: 0XDB40[0m
[1;33m[1;35m [AddTransaction(RD)] cid: 3 clk: 33386 | READ | addr: 0XDB60[0m
[1;33m[1;36m [AddCommand] cid: 2 clk: 33386 | READ | (address) rank: 0 bankgroup: 2 bank: 1 row: 0 column: 45 addr: 0XDB40[0m
[1;33m[1;36m [AddCommand] cid: 3 clk: 33386 | READ | (address) rank: 0 bankgroup: 2 bank: 1 row: 0 column: 45 addr: 0XDB60[0m
[1;33m[1;36m [IssueCommand] cid: 2 clk: 33387 | READ | (address) rank: 0 bankgroup: 2 bank: 1 row: 0 column: 45 addr: 0XDB40[0m
[1;33m[1;36m [IssueCommand] cid: 3 clk: 33387 | READ | (address) rank: 0 bankgroup: 2 bank: 1 row: 0 column: 45 addr: 0XDB60[0m
[1;33m[1;35m [ReturnDoneRead] cid: 2 clk: 33412 | READ | addr: 0XDB40[0m
[1;33m[1;35m [ReturnDoneRead] cid: 3 clk: 33412 | READ | addr: 0XDB60[0m
31307044: system.mem_ctrl: Read to address 56128 complete
31307044: system.mem_ctrl: Access for address 56128
31307044: system.mem_ctrl: Queuing response for address 56128
31315044: system.mem_ctrl: Attempting to send response
31315044: system.mem_ctrl: Have 0 read, 0 write, 0 responses outstanding
31382000: system.mem_ctrl: Enqueueing address 56256
[1;33m[1;35m [AddTransaction(RD)] cid: 2 clk: 33492 | READ | addr: 0XDBC0[0m
[1;33m[1;35m [AddTransaction(RD)] cid: 3 clk: 33492 | READ | addr: 0XDBE0[0m
[1;33m[1;36m [AddCommand] cid: 2 clk: 33492 | READ | (address) rank: 0 bankgroup: 3 bank: 1 row: 0 column: 45 addr: 0XDBC0[0m
[1;33m[1;36m [AddCommand] cid: 3 clk: 33492 | READ | (address) rank: 0 bankgroup: 3 bank: 1 row: 0 column: 45 addr: 0XDBE0[0m
[1;33m[1;36m [IssueCommand] cid: 2 clk: 33493 | ACTIVATE | (address) rank: 0 bankgroup: 3 bank: 1 row: 0 column: 45 addr: 0XDBC0[0m
[1;33m[1;36m [IssueCommand] cid: 3 clk: 33493 | ACTIVATE | (address) rank: 0 bankgroup: 3 bank: 1 row: 0 column: 45 addr: 0XDBE0[0m
[1;33m[1;36m [IssueCommand] cid: 2 clk: 33512 | READ | (address) rank: 0 bankgroup: 3 bank: 1 row: 0 column: 45 addr: 0XDBC0[0m
[1;33m[1;36m [IssueCommand] cid: 3 clk: 33512 | READ | (address) rank: 0 bankgroup: 3 bank: 1 row: 0 column: 45 addr: 0XDBE0[0m
[1;33m[1;35m [ReturnDoneRead] cid: 2 clk: 33537 | READ | addr: 0XDBC0[0m
[1;33m[1;35m [ReturnDoneRead] cid: 3 clk: 33537 | READ | addr: 0XDBE0[0m
31424169: system.mem_ctrl: Read to address 56256 complete
31424169: system.mem_ctrl: Access for address 56256
31424169: system.mem_ctrl: Queuing response for address 56256
31432169: system.mem_ctrl: Attempting to send response
31432169: system.mem_ctrl: Have 0 read, 0 write, 0 responses outstanding
31485000: system.mem_ctrl: Enqueueing address 56320
[1;33m[1;35m [AddTransaction(RD)] cid: 0 clk: 33602 | READ | addr: 0XDC00[0m
[1;33m[1;35m [AddTransaction(RD)] cid: 1 clk: 33602 | READ | addr: 0XDC20[0m
[1;33m[1;36m [AddCommand] cid: 0 clk: 33602 | READ | (address) rank: 0 bankgroup: 0 bank: 1 row: 0 column: 46 addr: 0XDC00[0m
[1;33m[1;36m [AddCommand] cid: 1 clk: 33602 | READ | (address) rank: 0 bankgroup: 0 bank: 1 row: 0 column: 46 addr: 0XDC20[0m
[1;33m[1;36m [IssueCommand] cid: 0 clk: 33603 | READ | (address) rank: 0 bankgroup: 0 bank: 1 row: 0 column: 46 addr: 0XDC00[0m
[1;33m[1;36m [IssueCommand] cid: 1 clk: 33603 | READ | (address) rank: 0 bankgroup: 0 bank: 1 row: 0 column: 46 addr: 0XDC20[0m
[1;33m[1;35m [ReturnDoneRead] cid: 0 clk: 33628 | READ | addr: 0XDC00[0m
[1;33m[1;35m [ReturnDoneRead] cid: 1 clk: 33628 | READ | addr: 0XDC20[0m
31509436: system.mem_ctrl: Read to address 56320 complete
31509436: system.mem_ctrl: Access for address 56320
31509436: system.mem_ctrl: Queuing response for address 56320
31517436: system.mem_ctrl: Attempting to send response
31517436: system.mem_ctrl: Have 0 read, 0 write, 0 responses outstanding
31668000: system.mem_ctrl: Enqueueing address 57280
[1;33m[1;35m [AddTransaction(RD)] cid: 2 clk: 33798 | READ | addr: 0XDFC0[0m
[1;33m[1;35m [AddTransaction(RD)] cid: 3 clk: 33798 | READ | addr: 0XDFE0[0m
[1;33m[1;36m [AddCommand] cid: 2 clk: 33798 | READ | (address) rank: 0 bankgroup: 3 bank: 1 row: 0 column: 47 addr: 0XDFC0[0m
[1;33m[1;36m [AddCommand] cid: 3 clk: 33798 | READ | (address) rank: 0 bankgroup: 3 bank: 1 row: 0 column: 47 addr: 0XDFE0[0m
[1;33m[1;36m [IssueCommand] cid: 2 clk: 33799 | READ | (address) rank: 0 bankgroup: 3 bank: 1 row: 0 column: 47 addr: 0XDFC0[0m
[1;33m[1;36m [IssueCommand] cid: 3 clk: 33799 | READ | (address) rank: 0 bankgroup: 3 bank: 1 row: 0 column: 47 addr: 0XDFE0[0m
[1;33m[1;35m [ReturnDoneRead] cid: 2 clk: 33824 | READ | addr: 0XDFC0[0m
[1;33m[1;35m [ReturnDoneRead] cid: 3 clk: 33824 | READ | addr: 0XDFE0[0m
31693088: system.mem_ctrl: Read to address 57280 complete
31693088: system.mem_ctrl: Access for address 57280
31693088: system.mem_ctrl: Queuing response for address 57280
31701088: system.mem_ctrl: Attempting to send response
31701088: system.mem_ctrl: Have 0 read, 0 write, 0 responses outstanding
31756000: system.mem_ctrl: Enqueueing address 52992
[1;33m[1;35m [AddTransaction(RD)] cid: 0 clk: 33892 | READ | addr: 0XCF00[0m
[1;33m[1;35m [AddTransaction(RD)] cid: 1 clk: 33892 | READ | addr: 0XCF20[0m
[1;33m[1;36m [AddCommand] cid: 0 clk: 33892 | READ | (address) rank: 0 bankgroup: 2 bank: 1 row: 0 column: 39 addr: 0XCF00[0m
[1;33m[1;36m [AddCommand] cid: 1 clk: 33892 | READ | (address) rank: 0 bankgroup: 2 bank: 1 row: 0 column: 39 addr: 0XCF20[0m
[1;33m[1;36m [IssueCommand] cid: 0 clk: 33893 | READ | (address) rank: 0 bankgroup: 2 bank: 1 row: 0 column: 39 addr: 0XCF00[0m
[1;33m[1;36m [IssueCommand] cid: 1 clk: 33893 | READ | (address) rank: 0 bankgroup: 2 bank: 1 row: 0 column: 39 addr: 0XCF20[0m
[1;33m[1;35m [ReturnDoneRead] cid: 0 clk: 33918 | READ | addr: 0XCF00[0m
[1;33m[1;35m [ReturnDoneRead] cid: 1 clk: 33918 | READ | addr: 0XCF20[0m
31781166: system.mem_ctrl: Read to address 52992 complete
31781166: system.mem_ctrl: Access for address 52992
31781166: system.mem_ctrl: Queuing response for address 52992
31789166: system.mem_ctrl: Attempting to send response
31789166: system.mem_ctrl: Have 0 read, 0 write, 0 responses outstanding
31840000: system.mem_ctrl: Enqueueing address 457728
[1;33m[1;35m [AddTransaction(RD)] cid: 0 clk: 33981 | READ | addr: 0X6FC00[0m
[1;33m[1;35m [AddTransaction(RD)] cid: 1 clk: 33981 | READ | addr: 0X6FC20[0m
[1;33m[1;36m [AddCommand] cid: 0 clk: 33981 | READ | (address) rank: 1 bankgroup: 0 bank: 1 row: 1 column: 62 addr: 0X6FC00[0m
[1;33m[1;36m [AddCommand] cid: 1 clk: 33981 | READ | (address) rank: 1 bankgroup: 0 bank: 1 row: 1 column: 62 addr: 0X6FC20[0m
[1;33m[1;36m [IssueCommand] cid: 0 clk: 33982 | ACTIVATE | (address) rank: 1 bankgroup: 0 bank: 1 row: 1 column: 62 addr: 0X6FC00[0m
[1;33m[1;36m [IssueCommand] cid: 1 clk: 33982 | ACTIVATE | (address) rank: 1 bankgroup: 0 bank: 1 row: 1 column: 62 addr: 0X6FC20[0m
[1;33m[1;36m [IssueCommand] cid: 0 clk: 34001 | READ | (address) rank: 1 bankgroup: 0 bank: 1 row: 1 column: 62 addr: 0X6FC00[0m
[1;33m[1;36m [IssueCommand] cid: 1 clk: 34001 | READ | (address) rank: 1 bankgroup: 0 bank: 1 row: 1 column: 62 addr: 0X6FC20[0m
[1;33m[1;35m [ReturnDoneRead] cid: 0 clk: 34026 | READ | addr: 0X6FC00[0m
[1;33m[1;35m [ReturnDoneRead] cid: 1 clk: 34026 | READ | addr: 0X6FC20[0m
31882362: system.mem_ctrl: Read to address 457728 complete
31882362: system.mem_ctrl: Access for address 457728
31882362: system.mem_ctrl: Queuing response for address 457728
31890362: system.mem_ctrl: Attempting to send response
31890362: system.mem_ctrl: Have 0 read, 0 write, 0 responses outstanding
31951000: system.mem_ctrl: Enqueueing address 457792
[1;33m[1;35m [AddTransaction(RD)] cid: 2 clk: 34100 | READ | addr: 0X6FC40[0m
[1;33m[1;35m [AddTransaction(RD)] cid: 3 clk: 34100 | READ | addr: 0X6FC60[0m
[1;33m[1;36m [AddCommand] cid: 2 clk: 34100 | READ | (address) rank: 1 bankgroup: 0 bank: 1 row: 1 column: 62 addr: 0X6FC40[0m
[1;33m[1;36m [AddCommand] cid: 3 clk: 34100 | READ | (address) rank: 1 bankgroup: 0 bank: 1 row: 1 column: 62 addr: 0X6FC60[0m
[1;33m[1;36m [IssueCommand] cid: 2 clk: 34101 | ACTIVATE | (address) rank: 1 bankgroup: 0 bank: 1 row: 1 column: 62 addr: 0X6FC40[0m
[1;33m[1;36m [IssueCommand] cid: 3 clk: 34101 | ACTIVATE | (address) rank: 1 bankgroup: 0 bank: 1 row: 1 column: 62 addr: 0X6FC60[0m
[1;33m[1;36m [IssueCommand] cid: 2 clk: 34120 | READ | (address) rank: 1 bankgroup: 0 bank: 1 row: 1 column: 62 addr: 0X6FC40[0m
[1;33m[1;36m [IssueCommand] cid: 3 clk: 34120 | READ | (address) rank: 1 bankgroup: 0 bank: 1 row: 1 column: 62 addr: 0X6FC60[0m
[1;33m[1;35m [ReturnDoneRead] cid: 2 clk: 34145 | READ | addr: 0X6FC40[0m
[1;33m[1;35m [ReturnDoneRead] cid: 3 clk: 34145 | READ | addr: 0X6FC60[0m
31993865: system.mem_ctrl: Read to address 457792 complete
31993865: system.mem_ctrl: Access for address 457792
31993865: system.mem_ctrl: Queuing response for address 457792
32001865: system.mem_ctrl: Attempting to send response
32001865: system.mem_ctrl: Have 0 read, 0 write, 0 responses outstanding
32092000: system.mem_ctrl: Enqueueing address 53056
[1;33m[1;35m [AddTransaction(RD)] cid: 2 clk: 34250 | READ | addr: 0XCF40[0m
[1;33m[1;35m [AddTransaction(RD)] cid: 3 clk: 34250 | READ | addr: 0XCF60[0m
[1;33m[1;36m [AddCommand] cid: 2 clk: 34250 | READ | (address) rank: 0 bankgroup: 2 bank: 1 row: 0 column: 39 addr: 0XCF40[0m
[1;33m[1;36m [AddCommand] cid: 3 clk: 34250 | READ | (address) rank: 0 bankgroup: 2 bank: 1 row: 0 column: 39 addr: 0XCF60[0m
[1;33m[1;36m [IssueCommand] cid: 2 clk: 34251 | READ | (address) rank: 0 bankgroup: 2 bank: 1 row: 0 column: 39 addr: 0XCF40[0m
[1;33m[1;36m [IssueCommand] cid: 3 clk: 34251 | READ | (address) rank: 0 bankgroup: 2 bank: 1 row: 0 column: 39 addr: 0XCF60[0m
[1;33m[1;35m [ReturnDoneRead] cid: 2 clk: 34276 | READ | addr: 0XCF40[0m
[1;33m[1;35m [ReturnDoneRead] cid: 3 clk: 34276 | READ | addr: 0XCF60[0m
32116612: system.mem_ctrl: Read to address 53056 complete
32116612: system.mem_ctrl: Access for address 53056
32116612: system.mem_ctrl: Queuing response for address 53056
32124612: system.mem_ctrl: Attempting to send response
32124612: system.mem_ctrl: Have 0 read, 0 write, 0 responses outstanding
32221000: system.mem_ctrl: Enqueueing address 415104
[1;33m[1;35m [AddTransaction(RD)] cid: 0 clk: 34388 | READ | addr: 0X65580[0m
[1;33m[1;35m [AddTransaction(RD)] cid: 1 clk: 34388 | READ | addr: 0X655A0[0m
[1;33m[1;36m [AddCommand] cid: 0 clk: 34388 | READ | (address) rank: 1 bankgroup: 3 bank: 0 row: 1 column: 42 addr: 0X65580[0m
[1;33m[1;36m [AddCommand] cid: 1 clk: 34388 | READ | (address) rank: 1 bankgroup: 3 bank: 0 row: 1 column: 42 addr: 0X655A0[0m
[1;33m[1;36m [IssueCommand] cid: 0 clk: 34389 | ACTIVATE | (address) rank: 1 bankgroup: 3 bank: 0 row: 1 column: 42 addr: 0X65580[0m
[1;33m[1;36m [IssueCommand] cid: 1 clk: 34389 | ACTIVATE | (address) rank: 1 bankgroup: 3 bank: 0 row: 1 column: 42 addr: 0X655A0[0m
[1;33m[1;36m [IssueCommand] cid: 0 clk: 34408 | READ | (address) rank: 1 bankgroup: 3 bank: 0 row: 1 column: 42 addr: 0X65580[0m
[1;33m[1;36m [IssueCommand] cid: 1 clk: 34408 | READ | (address) rank: 1 bankgroup: 3 bank: 0 row: 1 column: 42 addr: 0X655A0[0m
[1;33m[1;35m [ReturnDoneRead] cid: 0 clk: 34433 | READ | addr: 0X65580[0m
[1;33m[1;35m [ReturnDoneRead] cid: 1 clk: 34433 | READ | addr: 0X655A0[0m
32263721: system.mem_ctrl: Read to address 415104 complete
32263721: system.mem_ctrl: Access for address 415104
32263721: system.mem_ctrl: Queuing response for address 415104
32271721: system.mem_ctrl: Attempting to send response
32271721: system.mem_ctrl: Have 0 read, 0 write, 0 responses outstanding
32326000: system.mem_ctrl: Enqueueing address 457664
[1;33m[1;35m [AddTransaction(RD)] cid: 2 clk: 34500 | READ | addr: 0X6FBC0[0m
[1;33m[1;35m [AddTransaction(RD)] cid: 3 clk: 34500 | READ | addr: 0X6FBE0[0m
[1;33m[1;36m [AddCommand] cid: 2 clk: 34500 | READ | (address) rank: 1 bankgroup: 3 bank: 1 row: 1 column: 61 addr: 0X6FBC0[0m
[1;33m[1;36m [AddCommand] cid: 3 clk: 34500 | READ | (address) rank: 1 bankgroup: 3 bank: 1 row: 1 column: 61 addr: 0X6FBE0[0m
[1;33m[1;36m [IssueCommand] cid: 2 clk: 34501 | ACTIVATE | (address) rank: 1 bankgroup: 3 bank: 1 row: 1 column: 61 addr: 0X6FBC0[0m
[1;33m[1;36m [IssueCommand] cid: 3 clk: 34501 | ACTIVATE | (address) rank: 1 bankgroup: 3 bank: 1 row: 1 column: 61 addr: 0X6FBE0[0m
[1;33m[1;36m [IssueCommand] cid: 2 clk: 34520 | READ | (address) rank: 1 bankgroup: 3 bank: 1 row: 1 column: 61 addr: 0X6FBC0[0m
[1;33m[1;36m [IssueCommand] cid: 3 clk: 34520 | READ | (address) rank: 1 bankgroup: 3 bank: 1 row: 1 column: 61 addr: 0X6FBE0[0m
[1;33m[1;35m [ReturnDoneRead] cid: 2 clk: 34545 | READ | addr: 0X6FBC0[0m
[1;33m[1;35m [ReturnDoneRead] cid: 3 clk: 34545 | READ | addr: 0X6FBE0[0m
32368665: system.mem_ctrl: Read to address 457664 complete
32368665: system.mem_ctrl: Access for address 457664
32368665: system.mem_ctrl: Queuing response for address 457664
32376665: system.mem_ctrl: Attempting to send response
32376665: system.mem_ctrl: Have 0 read, 0 write, 0 responses outstanding
32439000: system.mem_ctrl: Enqueueing address 53120
[1;33m[1;35m [AddTransaction(RD)] cid: 0 clk: 34621 | READ | addr: 0XCF80[0m
[1;33m[1;35m [AddTransaction(RD)] cid: 1 clk: 34621 | READ | addr: 0XCFA0[0m
[1;33m[1;36m [AddCommand] cid: 0 clk: 34621 | READ | (address) rank: 0 bankgroup: 3 bank: 1 row: 0 column: 39 addr: 0XCF80[0m
[1;33m[1;36m [AddCommand] cid: 1 clk: 34621 | READ | (address) rank: 0 bankgroup: 3 bank: 1 row: 0 column: 39 addr: 0XCFA0[0m
[1;33m[1;36m [IssueCommand] cid: 0 clk: 34622 | ACTIVATE | (address) rank: 0 bankgroup: 3 bank: 1 row: 0 column: 39 addr: 0XCF80[0m
[1;33m[1;36m [IssueCommand] cid: 1 clk: 34622 | ACTIVATE | (address) rank: 0 bankgroup: 3 bank: 1 row: 0 column: 39 addr: 0XCFA0[0m
[1;33m[1;36m [IssueCommand] cid: 0 clk: 34641 | READ | (address) rank: 0 bankgroup: 3 bank: 1 row: 0 column: 39 addr: 0XCF80[0m
[1;33m[1;36m [IssueCommand] cid: 1 clk: 34641 | READ | (address) rank: 0 bankgroup: 3 bank: 1 row: 0 column: 39 addr: 0XCFA0[0m
[1;33m[1;35m [ReturnDoneRead] cid: 0 clk: 34666 | READ | addr: 0XCF80[0m
[1;33m[1;35m [ReturnDoneRead] cid: 1 clk: 34666 | READ | addr: 0XCFA0[0m
32482042: system.mem_ctrl: Read to address 53120 complete
32482042: system.mem_ctrl: Access for address 53120
32482042: system.mem_ctrl: Queuing response for address 53120
32490042: system.mem_ctrl: Attempting to send response
32490042: system.mem_ctrl: Have 0 read, 0 write, 0 responses outstanding
32539000: system.mem_ctrl: Enqueueing address 53504
[1;33m[1;35m [AddTransaction(RD)] cid: 0 clk: 34727 | READ | addr: 0XD100[0m
[1;33m[1;35m [AddTransaction(RD)] cid: 1 clk: 34727 | READ | addr: 0XD120[0m
[1;33m[1;36m [AddCommand] cid: 0 clk: 34727 | READ | (address) rank: 0 bankgroup: 2 bank: 1 row: 0 column: 40 addr: 0XD100[0m
[1;33m[1;36m [AddCommand] cid: 1 clk: 34727 | READ | (address) rank: 0 bankgroup: 2 bank: 1 row: 0 column: 40 addr: 0XD120[0m
[1;33m[1;36m [IssueCommand] cid: 0 clk: 34728 | READ | (address) rank: 0 bankgroup: 2 bank: 1 row: 0 column: 40 addr: 0XD100[0m
[1;33m[1;36m [IssueCommand] cid: 1 clk: 34728 | READ | (address) rank: 0 bankgroup: 2 bank: 1 row: 0 column: 40 addr: 0XD120[0m
[1;33m[1;35m [ReturnDoneRead] cid: 0 clk: 34753 | READ | addr: 0XD100[0m
[1;33m[1;35m [ReturnDoneRead] cid: 1 clk: 34753 | READ | addr: 0XD120[0m
32563561: system.mem_ctrl: Read to address 53504 complete
32563561: system.mem_ctrl: Access for address 53504
32563561: system.mem_ctrl: Queuing response for address 53504
32571561: system.mem_ctrl: Attempting to send response
32571561: system.mem_ctrl: Have 0 read, 0 write, 0 responses outstanding
32680000: system.mem_ctrl: Enqueueing address 53952
[1;33m[1;35m [AddTransaction(RD)] cid: 2 clk: 34878 | READ | addr: 0XD2C0[0m
[1;33m[1;35m [AddTransaction(RD)] cid: 3 clk: 34878 | READ | addr: 0XD2E0[0m
[1;33m[1;36m [AddCommand] cid: 2 clk: 34878 | READ | (address) rank: 0 bankgroup: 1 bank: 1 row: 0 column: 41 addr: 0XD2C0[0m
[1;33m[1;36m [AddCommand] cid: 3 clk: 34878 | READ | (address) rank: 0 bankgroup: 1 bank: 1 row: 0 column: 41 addr: 0XD2E0[0m
[1;33m[1;36m [IssueCommand] cid: 2 clk: 34879 | READ | (address) rank: 0 bankgroup: 1 bank: 1 row: 0 column: 41 addr: 0XD2C0[0m
[1;33m[1;36m [IssueCommand] cid: 3 clk: 34879 | READ | (address) rank: 0 bankgroup: 1 bank: 1 row: 0 column: 41 addr: 0XD2E0[0m
[1;33m[1;35m [ReturnDoneRead] cid: 2 clk: 34904 | READ | addr: 0XD2C0[0m
[1;33m[1;35m [ReturnDoneRead] cid: 3 clk: 34904 | READ | addr: 0XD2E0[0m
32705048: system.mem_ctrl: Read to address 53952 complete
32705048: system.mem_ctrl: Access for address 53952
32705048: system.mem_ctrl: Queuing response for address 53952
32713048: system.mem_ctrl: Attempting to send response
32713048: system.mem_ctrl: Have 0 read, 0 write, 0 responses outstanding
32904000: system.mem_ctrl: Enqueueing address 53568
[1;33m[1;35m [AddTransaction(RD)] cid: 2 clk: 35117 | READ | addr: 0XD140[0m
[1;33m[1;35m [AddTransaction(RD)] cid: 3 clk: 35117 | READ | addr: 0XD160[0m
[1;33m[1;36m [AddCommand] cid: 2 clk: 35117 | READ | (address) rank: 0 bankgroup: 2 bank: 1 row: 0 column: 40 addr: 0XD140[0m
[1;33m[1;36m [AddCommand] cid: 3 clk: 35117 | READ | (address) rank: 0 bankgroup: 2 bank: 1 row: 0 column: 40 addr: 0XD160[0m
[1;33m[1;36m [IssueCommand] cid: 2 clk: 35118 | READ | (address) rank: 0 bankgroup: 2 bank: 1 row: 0 column: 40 addr: 0XD140[0m
[1;33m[1;36m [IssueCommand] cid: 3 clk: 35118 | READ | (address) rank: 0 bankgroup: 2 bank: 1 row: 0 column: 40 addr: 0XD160[0m
[1;33m[1;35m [ReturnDoneRead] cid: 2 clk: 35143 | READ | addr: 0XD140[0m
[1;33m[1;35m [ReturnDoneRead] cid: 3 clk: 35143 | READ | addr: 0XD160[0m
32928991: system.mem_ctrl: Read to address 53568 complete
32928991: system.mem_ctrl: Access for address 53568
32928991: system.mem_ctrl: Queuing response for address 53568
32936991: system.mem_ctrl: Attempting to send response
32936991: system.mem_ctrl: Have 0 read, 0 write, 0 responses outstanding
32993000: system.mem_ctrl: Enqueueing address 54208
[1;33m[1;35m [AddTransaction(RD)] cid: 2 clk: 35212 | READ | addr: 0XD3C0[0m
[1;33m[1;35m [AddTransaction(RD)] cid: 3 clk: 35212 | READ | addr: 0XD3E0[0m
[1;33m[1;36m [AddCommand] cid: 2 clk: 35212 | READ | (address) rank: 0 bankgroup: 3 bank: 1 row: 0 column: 41 addr: 0XD3C0[0m
[1;33m[1;36m [AddCommand] cid: 3 clk: 35212 | READ | (address) rank: 0 bankgroup: 3 bank: 1 row: 0 column: 41 addr: 0XD3E0[0m
[1;33m[1;36m [IssueCommand] cid: 2 clk: 35213 | READ | (address) rank: 0 bankgroup: 3 bank: 1 row: 0 column: 41 addr: 0XD3C0[0m
[1;33m[1;36m [IssueCommand] cid: 3 clk: 35213 | READ | (address) rank: 0 bankgroup: 3 bank: 1 row: 0 column: 41 addr: 0XD3E0[0m
[1;33m[1;35m [ReturnDoneRead] cid: 2 clk: 35238 | READ | addr: 0XD3C0[0m
[1;33m[1;35m [ReturnDoneRead] cid: 3 clk: 35238 | READ | addr: 0XD3E0[0m
33018006: system.mem_ctrl: Read to address 54208 complete
33018006: system.mem_ctrl: Access for address 54208
33018006: system.mem_ctrl: Queuing response for address 54208
33026006: system.mem_ctrl: Attempting to send response
33026006: system.mem_ctrl: Have 0 read, 0 write, 0 responses outstanding
33095000: system.mem_ctrl: Enqueueing address 53632
[1;33m[1;35m [AddTransaction(RD)] cid: 0 clk: 35321 | READ | addr: 0XD180[0m
[1;33m[1;35m [AddTransaction(RD)] cid: 1 clk: 35321 | READ | addr: 0XD1A0[0m
[1;33m[1;36m [AddCommand] cid: 0 clk: 35321 | READ | (address) rank: 0 bankgroup: 3 bank: 1 row: 0 column: 40 addr: 0XD180[0m
[1;33m[1;36m [AddCommand] cid: 1 clk: 35321 | READ | (address) rank: 0 bankgroup: 3 bank: 1 row: 0 column: 40 addr: 0XD1A0[0m
[1;33m[1;36m [IssueCommand] cid: 0 clk: 35322 | READ | (address) rank: 0 bankgroup: 3 bank: 1 row: 0 column: 40 addr: 0XD180[0m
[1;33m[1;36m [IssueCommand] cid: 1 clk: 35322 | READ | (address) rank: 0 bankgroup: 3 bank: 1 row: 0 column: 40 addr: 0XD1A0[0m
[1;33m[1;35m [ReturnDoneRead] cid: 0 clk: 35347 | READ | addr: 0XD180[0m
[1;33m[1;35m [ReturnDoneRead] cid: 1 clk: 35347 | READ | addr: 0XD1A0[0m
33120139: system.mem_ctrl: Read to address 53632 complete
33120139: system.mem_ctrl: Access for address 53632
33120139: system.mem_ctrl: Queuing response for address 53632
33128139: system.mem_ctrl: Attempting to send response
33128139: system.mem_ctrl: Have 0 read, 0 write, 0 responses outstanding
[1;33m[1;36m [IssueCommand] cid: 0 clk: 35411 | PRECHARGE | (address) rank: 0 bankgroup: 0 bank: 1 row: -1 column: -1 addr: 0XFFFFFFFFFFFFFFFF[0m
[1;33m[1;36m [IssueCommand] cid: 1 clk: 35411 | PRECHARGE | (address) rank: 0 bankgroup: 0 bank: 1 row: -1 column: -1 addr: 0XFFFFFFFFFFFFFFFF[0m
[1;33m[1;36m [IssueCommand] cid: 2 clk: 35411 | PRECHARGE | (address) rank: 0 bankgroup: 0 bank: 1 row: -1 column: -1 addr: 0XFFFFFFFFFFFFFFFF[0m
[1;33m[1;36m [IssueCommand] cid: 3 clk: 35411 | PRECHARGE | (address) rank: 0 bankgroup: 0 bank: 1 row: -1 column: -1 addr: 0XFFFFFFFFFFFFFFFF[0m
[1;33m[1;36m [IssueCommand] cid: 0 clk: 35412 | PRECHARGE | (address) rank: 0 bankgroup: 1 bank: 1 row: -1 column: -1 addr: 0XFFFFFFFFFFFFFFFF[0m
[1;33m[1;36m [IssueCommand] cid: 1 clk: 35412 | PRECHARGE | (address) rank: 0 bankgroup: 1 bank: 1 row: -1 column: -1 addr: 0XFFFFFFFFFFFFFFFF[0m
[1;33m[1;36m [IssueCommand] cid: 2 clk: 35412 | PRECHARGE | (address) rank: 0 bankgroup: 1 bank: 1 row: -1 column: -1 addr: 0XFFFFFFFFFFFFFFFF[0m
[1;33m[1;36m [IssueCommand] cid: 3 clk: 35412 | PRECHARGE | (address) rank: 0 bankgroup: 1 bank: 1 row: -1 column: -1 addr: 0XFFFFFFFFFFFFFFFF[0m
[1;33m[1;36m [IssueCommand] cid: 0 clk: 35413 | PRECHARGE | (address) rank: 0 bankgroup: 2 bank: 1 row: -1 column: -1 addr: 0XFFFFFFFFFFFFFFFF[0m
[1;33m[1;36m [IssueCommand] cid: 1 clk: 35413 | PRECHARGE | (address) rank: 0 bankgroup: 2 bank: 1 row: -1 column: -1 addr: 0XFFFFFFFFFFFFFFFF[0m
[1;33m[1;36m [IssueCommand] cid: 2 clk: 35413 | PRECHARGE | (address) rank: 0 bankgroup: 2 bank: 1 row: -1 column: -1 addr: 0XFFFFFFFFFFFFFFFF[0m
[1;33m[1;36m [IssueCommand] cid: 3 clk: 35413 | PRECHARGE | (address) rank: 0 bankgroup: 2 bank: 1 row: -1 column: -1 addr: 0XFFFFFFFFFFFFFFFF[0m
[1;33m[1;36m [IssueCommand] cid: 0 clk: 35414 | PRECHARGE | (address) rank: 0 bankgroup: 3 bank: 1 row: -1 column: -1 addr: 0XFFFFFFFFFFFFFFFF[0m
[1;33m[1;36m [IssueCommand] cid: 1 clk: 35414 | PRECHARGE | (address) rank: 0 bankgroup: 3 bank: 1 row: -1 column: -1 addr: 0XFFFFFFFFFFFFFFFF[0m
[1;33m[1;36m [IssueCommand] cid: 2 clk: 35414 | PRECHARGE | (address) rank: 0 bankgroup: 3 bank: 1 row: -1 column: -1 addr: 0XFFFFFFFFFFFFFFFF[0m
[1;33m[1;36m [IssueCommand] cid: 3 clk: 35414 | PRECHARGE | (address) rank: 0 bankgroup: 3 bank: 1 row: -1 column: -1 addr: 0XFFFFFFFFFFFFFFFF[0m
33199000: system.mem_ctrl: Enqueueing address 54144
[1;33m[1;35m [AddTransaction(RD)] cid: 0 clk: 35432 | READ | addr: 0XD380[0m
[1;33m[1;35m [AddTransaction(RD)] cid: 1 clk: 35432 | READ | addr: 0XD3A0[0m
[1;33m[1;36m [AddCommand] cid: 0 clk: 35432 | READ | (address) rank: 0 bankgroup: 3 bank: 1 row: 0 column: 41 addr: 0XD380[0m
[1;33m[1;36m [AddCommand] cid: 1 clk: 35432 | READ | (address) rank: 0 bankgroup: 3 bank: 1 row: 0 column: 41 addr: 0XD3A0[0m
[1;33m[1;36m [IssueCommand] cid: 0 clk: 35433 | REFRESH | (address) rank: 0 bankgroup: -1 bank: -1 row: -1 column: -1 addr: 0XFFFFFFFFFFFFFFFF[0m
[1;33m[1;36m [IssueCommand] cid: 1 clk: 35433 | REFRESH | (address) rank: 0 bankgroup: -1 bank: -1 row: -1 column: -1 addr: 0XFFFFFFFFFFFFFFFF[0m
[1;33m[1;36m [IssueCommand] cid: 2 clk: 35433 | REFRESH | (address) rank: 0 bankgroup: -1 bank: -1 row: -1 column: -1 addr: 0XFFFFFFFFFFFFFFFF[0m
[1;33m[1;36m [IssueCommand] cid: 3 clk: 35433 | REFRESH | (address) rank: 0 bankgroup: -1 bank: -1 row: -1 column: -1 addr: 0XFFFFFFFFFFFFFFFF[0m
[1;33m[1;36m [IssueCommand] cid: 0 clk: 35732 | ACTIVATE | (address) rank: 0 bankgroup: 3 bank: 1 row: 0 column: 41 addr: 0XD380[0m
[1;33m[1;36m [IssueCommand] cid: 1 clk: 35732 | ACTIVATE | (address) rank: 0 bankgroup: 3 bank: 1 row: 0 column: 41 addr: 0XD3A0[0m
[1;33m[1;36m [IssueCommand] cid: 0 clk: 35751 | READ | (address) rank: 0 bankgroup: 3 bank: 1 row: 0 column: 41 addr: 0XD380[0m
[1;33m[1;36m [IssueCommand] cid: 1 clk: 35751 | READ | (address) rank: 0 bankgroup: 3 bank: 1 row: 0 column: 41 addr: 0XD3A0[0m
[1;33m[1;35m [ReturnDoneRead] cid: 0 clk: 35776 | READ | addr: 0XD380[0m
[1;33m[1;35m [ReturnDoneRead] cid: 1 clk: 35776 | READ | addr: 0XD3A0[0m
33522112: system.mem_ctrl: Read to address 54144 complete
33522112: system.mem_ctrl: Access for address 54144
33522112: system.mem_ctrl: Queuing response for address 54144
33530112: system.mem_ctrl: Attempting to send response
33530112: system.mem_ctrl: Have 0 read, 0 write, 0 responses outstanding
33605000: system.mem_ctrl: Enqueueing address 53696
[1;33m[1;35m [AddTransaction(RD)] cid: 2 clk: 35865 | READ | addr: 0XD1C0[0m
[1;33m[1;35m [AddTransaction(RD)] cid: 3 clk: 35865 | READ | addr: 0XD1E0[0m
[1;33m[1;36m [AddCommand] cid: 2 clk: 35865 | READ | (address) rank: 0 bankgroup: 3 bank: 1 row: 0 column: 40 addr: 0XD1C0[0m
[1;33m[1;36m [AddCommand] cid: 3 clk: 35865 | READ | (address) rank: 0 bankgroup: 3 bank: 1 row: 0 column: 40 addr: 0XD1E0[0m
[1;33m[1;36m [IssueCommand] cid: 2 clk: 35866 | ACTIVATE | (address) rank: 0 bankgroup: 3 bank: 1 row: 0 column: 40 addr: 0XD1C0[0m
[1;33m[1;36m [IssueCommand] cid: 3 clk: 35866 | ACTIVATE | (address) rank: 0 bankgroup: 3 bank: 1 row: 0 column: 40 addr: 0XD1E0[0m
[1;33m[1;36m [IssueCommand] cid: 2 clk: 35885 | READ | (address) rank: 0 bankgroup: 3 bank: 1 row: 0 column: 40 addr: 0XD1C0[0m
[1;33m[1;36m [IssueCommand] cid: 3 clk: 35885 | READ | (address) rank: 0 bankgroup: 3 bank: 1 row: 0 column: 40 addr: 0XD1E0[0m
[1;33m[1;35m [ReturnDoneRead] cid: 2 clk: 35910 | READ | addr: 0XD1C0[0m
[1;33m[1;35m [ReturnDoneRead] cid: 3 clk: 35910 | READ | addr: 0XD1E0[0m
33647670: system.mem_ctrl: Read to address 53696 complete
33647670: system.mem_ctrl: Access for address 53696
33647670: system.mem_ctrl: Queuing response for address 53696
33655670: system.mem_ctrl: Attempting to send response
33655670: system.mem_ctrl: Have 0 read, 0 write, 0 responses outstanding
33866000: system.mem_ctrl: Enqueueing address 54080
[1;33m[1;35m [AddTransaction(RD)] cid: 2 clk: 36144 | READ | addr: 0XD340[0m
[1;33m[1;35m [AddTransaction(RD)] cid: 3 clk: 36144 | READ | addr: 0XD360[0m
[1;33m[1;36m [AddCommand] cid: 2 clk: 36144 | READ | (address) rank: 0 bankgroup: 2 bank: 1 row: 0 column: 41 addr: 0XD340[0m
[1;33m[1;36m [AddCommand] cid: 3 clk: 36144 | READ | (address) rank: 0 bankgroup: 2 bank: 1 row: 0 column: 41 addr: 0XD360[0m
[1;33m[1;36m [IssueCommand] cid: 2 clk: 36145 | ACTIVATE | (address) rank: 0 bankgroup: 2 bank: 1 row: 0 column: 41 addr: 0XD340[0m
[1;33m[1;36m [IssueCommand] cid: 3 clk: 36145 | ACTIVATE | (address) rank: 0 bankgroup: 2 bank: 1 row: 0 column: 41 addr: 0XD360[0m
[1;33m[1;36m [IssueCommand] cid: 2 clk: 36164 | READ | (address) rank: 0 bankgroup: 2 bank: 1 row: 0 column: 41 addr: 0XD340[0m
[1;33m[1;36m [IssueCommand] cid: 3 clk: 36164 | READ | (address) rank: 0 bankgroup: 2 bank: 1 row: 0 column: 41 addr: 0XD360[0m
[1;33m[1;35m [ReturnDoneRead] cid: 2 clk: 36189 | READ | addr: 0XD340[0m
[1;33m[1;35m [ReturnDoneRead] cid: 3 clk: 36189 | READ | addr: 0XD360[0m
33909093: system.mem_ctrl: Read to address 54080 complete
33909093: system.mem_ctrl: Access for address 54080
33909093: system.mem_ctrl: Queuing response for address 54080
33917093: system.mem_ctrl: Attempting to send response
33917093: system.mem_ctrl: Have 0 read, 0 write, 0 responses outstanding
33982000: system.mem_ctrl: Enqueueing address 453504
[1;33m[1;35m [AddTransaction(RD)] cid: 0 clk: 36267 | READ | addr: 0X6EB80[0m
[1;33m[1;35m [AddTransaction(RD)] cid: 1 clk: 36267 | READ | addr: 0X6EBA0[0m
[1;33m[1;36m [AddCommand] cid: 0 clk: 36267 | READ | (address) rank: 1 bankgroup: 3 bank: 1 row: 1 column: 53 addr: 0X6EB80[0m
[1;33m[1;36m [AddCommand] cid: 1 clk: 36267 | READ | (address) rank: 1 bankgroup: 3 bank: 1 row: 1 column: 53 addr: 0X6EBA0[0m
[1;33m[1;36m [IssueCommand] cid: 0 clk: 36268 | ACTIVATE | (address) rank: 1 bankgroup: 3 bank: 1 row: 1 column: 53 addr: 0X6EB80[0m
[1;33m[1;36m [IssueCommand] cid: 1 clk: 36268 | ACTIVATE | (address) rank: 1 bankgroup: 3 bank: 1 row: 1 column: 53 addr: 0X6EBA0[0m
[1;33m[1;36m [IssueCommand] cid: 0 clk: 36287 | READ | (address) rank: 1 bankgroup: 3 bank: 1 row: 1 column: 53 addr: 0X6EB80[0m
[1;33m[1;36m [IssueCommand] cid: 1 clk: 36287 | READ | (address) rank: 1 bankgroup: 3 bank: 1 row: 1 column: 53 addr: 0X6EBA0[0m
[1;33m[1;35m [ReturnDoneRead] cid: 0 clk: 36312 | READ | addr: 0X6EB80[0m
[1;33m[1;35m [ReturnDoneRead] cid: 1 clk: 36312 | READ | addr: 0X6EBA0[0m
34024344: system.mem_ctrl: Read to address 453504 complete
34024344: system.mem_ctrl: Access for address 453504
34024344: system.mem_ctrl: Queuing response for address 453504
34032344: system.mem_ctrl: Attempting to send response
34032344: system.mem_ctrl: Have 0 read, 0 write, 0 responses outstanding
34091000: system.mem_ctrl: Enqueueing address 53248
[1;33m[1;35m [AddTransaction(RD)] cid: 0 clk: 36384 | READ | addr: 0XD000[0m
[1;33m[1;35m [AddTransaction(RD)] cid: 1 clk: 36384 | READ | addr: 0XD020[0m
[1;33m[1;36m [AddCommand] cid: 0 clk: 36384 | READ | (address) rank: 0 bankgroup: 0 bank: 1 row: 0 column: 40 addr: 0XD000[0m
[1;33m[1;36m [AddCommand] cid: 1 clk: 36384 | READ | (address) rank: 0 bankgroup: 0 bank: 1 row: 0 column: 40 addr: 0XD020[0m
[1;33m[1;36m [IssueCommand] cid: 0 clk: 36385 | ACTIVATE | (address) rank: 0 bankgroup: 0 bank: 1 row: 0 column: 40 addr: 0XD000[0m
[1;33m[1;36m [IssueCommand] cid: 1 clk: 36385 | ACTIVATE | (address) rank: 0 bankgroup: 0 bank: 1 row: 0 column: 40 addr: 0XD020[0m
[1;33m[1;36m [IssueCommand] cid: 0 clk: 36404 | READ | (address) rank: 0 bankgroup: 0 bank: 1 row: 0 column: 40 addr: 0XD000[0m
[1;33m[1;36m [IssueCommand] cid: 1 clk: 36404 | READ | (address) rank: 0 bankgroup: 0 bank: 1 row: 0 column: 40 addr: 0XD020[0m
[1;33m[1;35m [ReturnDoneRead] cid: 0 clk: 36429 | READ | addr: 0XD000[0m
[1;33m[1;35m [ReturnDoneRead] cid: 1 clk: 36429 | READ | addr: 0XD020[0m
34133973: system.mem_ctrl: Read to address 53248 complete
34133973: system.mem_ctrl: Access for address 53248
34133973: system.mem_ctrl: Queuing response for address 53248
34141973: system.mem_ctrl: Attempting to send response
34141973: system.mem_ctrl: Have 0 read, 0 write, 0 responses outstanding
34228000: system.mem_ctrl: Enqueueing address 53312
[1;33m[1;35m [AddTransaction(RD)] cid: 2 clk: 36530 | READ | addr: 0XD040[0m
[1;33m[1;35m [AddTransaction(RD)] cid: 3 clk: 36530 | READ | addr: 0XD060[0m
[1;33m[1;36m [AddCommand] cid: 2 clk: 36530 | READ | (address) rank: 0 bankgroup: 0 bank: 1 row: 0 column: 40 addr: 0XD040[0m
[1;33m[1;36m [AddCommand] cid: 3 clk: 36530 | READ | (address) rank: 0 bankgroup: 0 bank: 1 row: 0 column: 40 addr: 0XD060[0m
[1;33m[1;36m [IssueCommand] cid: 2 clk: 36531 | ACTIVATE | (address) rank: 0 bankgroup: 0 bank: 1 row: 0 column: 40 addr: 0XD040[0m
[1;33m[1;36m [IssueCommand] cid: 3 clk: 36531 | ACTIVATE | (address) rank: 0 bankgroup: 0 bank: 1 row: 0 column: 40 addr: 0XD060[0m
[1;33m[1;36m [IssueCommand] cid: 2 clk: 36550 | READ | (address) rank: 0 bankgroup: 0 bank: 1 row: 0 column: 40 addr: 0XD040[0m
[1;33m[1;36m [IssueCommand] cid: 3 clk: 36550 | READ | (address) rank: 0 bankgroup: 0 bank: 1 row: 0 column: 40 addr: 0XD060[0m
[1;33m[1;35m [ReturnDoneRead] cid: 2 clk: 36575 | READ | addr: 0XD040[0m
[1;33m[1;35m [ReturnDoneRead] cid: 3 clk: 36575 | READ | addr: 0XD060[0m
34270775: system.mem_ctrl: Read to address 53312 complete
34270775: system.mem_ctrl: Access for address 53312
34270775: system.mem_ctrl: Queuing response for address 53312
34278775: system.mem_ctrl: Attempting to send response
34278775: system.mem_ctrl: Have 0 read, 0 write, 0 responses outstanding
34339000: system.mem_ctrl: Enqueueing address 454144
[1;33m[1;35m [AddTransaction(RD)] cid: 0 clk: 36648 | READ | addr: 0X6EE00[0m
[1;33m[1;35m [AddTransaction(RD)] cid: 1 clk: 36648 | READ | addr: 0X6EE20[0m
[1;33m[1;36m [AddCommand] cid: 0 clk: 36648 | READ | (address) rank: 1 bankgroup: 0 bank: 1 row: 1 column: 55 addr: 0X6EE00[0m
[1;33m[1;36m [AddCommand] cid: 1 clk: 36648 | READ | (address) rank: 1 bankgroup: 0 bank: 1 row: 1 column: 55 addr: 0X6EE20[0m
[1;33m[1;36m [IssueCommand] cid: 0 clk: 36649 | READ | (address) rank: 1 bankgroup: 0 bank: 1 row: 1 column: 55 addr: 0X6EE00[0m
[1;33m[1;36m [IssueCommand] cid: 1 clk: 36649 | READ | (address) rank: 1 bankgroup: 0 bank: 1 row: 1 column: 55 addr: 0X6EE20[0m
[1;33m[1;35m [ReturnDoneRead] cid: 0 clk: 36674 | READ | addr: 0X6EE00[0m
[1;33m[1;35m [ReturnDoneRead] cid: 1 clk: 36674 | READ | addr: 0X6EE20[0m
34363538: system.mem_ctrl: Read to address 454144 complete
34363538: system.mem_ctrl: Access for address 454144
34363538: system.mem_ctrl: Queuing response for address 454144
34371538: system.mem_ctrl: Attempting to send response
34371538: system.mem_ctrl: Have 0 read, 0 write, 0 responses outstanding
34430000: system.mem_ctrl: Enqueueing address 53376
[1;33m[1;35m [AddTransaction(RD)] cid: 0 clk: 36745 | READ | addr: 0XD080[0m
[1;33m[1;35m [AddTransaction(RD)] cid: 1 clk: 36745 | READ | addr: 0XD0A0[0m
[1;33m[1;36m [AddCommand] cid: 0 clk: 36745 | READ | (address) rank: 0 bankgroup: 1 bank: 1 row: 0 column: 40 addr: 0XD080[0m
[1;33m[1;36m [AddCommand] cid: 1 clk: 36745 | READ | (address) rank: 0 bankgroup: 1 bank: 1 row: 0 column: 40 addr: 0XD0A0[0m
[1;33m[1;36m [IssueCommand] cid: 0 clk: 36746 | ACTIVATE | (address) rank: 0 bankgroup: 1 bank: 1 row: 0 column: 40 addr: 0XD080[0m
[1;33m[1;36m [IssueCommand] cid: 1 clk: 36746 | ACTIVATE | (address) rank: 0 bankgroup: 1 bank: 1 row: 0 column: 40 addr: 0XD0A0[0m
[1;33m[1;36m [IssueCommand] cid: 0 clk: 36765 | READ | (address) rank: 0 bankgroup: 1 bank: 1 row: 0 column: 40 addr: 0XD080[0m
[1;33m[1;36m [IssueCommand] cid: 1 clk: 36765 | READ | (address) rank: 0 bankgroup: 1 bank: 1 row: 0 column: 40 addr: 0XD0A0[0m
[1;33m[1;35m [ReturnDoneRead] cid: 0 clk: 36790 | READ | addr: 0XD080[0m
[1;33m[1;35m [ReturnDoneRead] cid: 1 clk: 36790 | READ | addr: 0XD0A0[0m
34472230: system.mem_ctrl: Read to address 53376 complete
34472230: system.mem_ctrl: Access for address 53376
34472230: system.mem_ctrl: Queuing response for address 53376
34480230: system.mem_ctrl: Attempting to send response
34480230: system.mem_ctrl: Have 0 read, 0 write, 0 responses outstanding
34605000: system.mem_ctrl: Enqueueing address 46464
[1;33m[1;35m [AddTransaction(RD)] cid: 0 clk: 36932 | READ | addr: 0XB580[0m
[1;33m[1;35m [AddTransaction(RD)] cid: 1 clk: 36932 | READ | addr: 0XB5A0[0m
[1;33m[1;36m [AddCommand] cid: 0 clk: 36932 | READ | (address) rank: 0 bankgroup: 3 bank: 1 row: 0 column: 26 addr: 0XB580[0m
[1;33m[1;36m [AddCommand] cid: 1 clk: 36932 | READ | (address) rank: 0 bankgroup: 3 bank: 1 row: 0 column: 26 addr: 0XB5A0[0m
[1;33m[1;36m [IssueCommand] cid: 0 clk: 36933 | READ | (address) rank: 0 bankgroup: 3 bank: 1 row: 0 column: 26 addr: 0XB580[0m
[1;33m[1;36m [IssueCommand] cid: 1 clk: 36933 | READ | (address) rank: 0 bankgroup: 3 bank: 1 row: 0 column: 26 addr: 0XB5A0[0m
[1;33m[1;35m [ReturnDoneRead] cid: 0 clk: 36958 | READ | addr: 0XB580[0m
[1;33m[1;35m [ReturnDoneRead] cid: 1 clk: 36958 | READ | addr: 0XB5A0[0m
34629646: system.mem_ctrl: Read to address 46464 complete
34629646: system.mem_ctrl: Access for address 46464
34629646: system.mem_ctrl: Queuing response for address 46464
34637646: system.mem_ctrl: Attempting to send response
34637646: system.mem_ctrl: Have 0 read, 0 write, 0 responses outstanding
34700000: system.mem_ctrl: Enqueueing address 55808
[1;33m[1;35m [AddTransaction(RD)] cid: 0 clk: 37034 | READ | addr: 0XDA00[0m
[1;33m[1;35m [AddTransaction(RD)] cid: 1 clk: 37034 | READ | addr: 0XDA20[0m
[1;33m[1;36m [AddCommand] cid: 0 clk: 37034 | READ | (address) rank: 0 bankgroup: 0 bank: 1 row: 0 column: 45 addr: 0XDA00[0m
[1;33m[1;36m [AddCommand] cid: 1 clk: 37034 | READ | (address) rank: 0 bankgroup: 0 bank: 1 row: 0 column: 45 addr: 0XDA20[0m
[1;33m[1;36m [IssueCommand] cid: 0 clk: 37035 | READ | (address) rank: 0 bankgroup: 0 bank: 1 row: 0 column: 45 addr: 0XDA00[0m
[1;33m[1;36m [IssueCommand] cid: 1 clk: 37035 | READ | (address) rank: 0 bankgroup: 0 bank: 1 row: 0 column: 45 addr: 0XDA20[0m
[1;33m[1;35m [ReturnDoneRead] cid: 0 clk: 37060 | READ | addr: 0XDA00[0m
[1;33m[1;35m [ReturnDoneRead] cid: 1 clk: 37060 | READ | addr: 0XDA20[0m
34725220: system.mem_ctrl: Read to address 55808 complete
34725220: system.mem_ctrl: Access for address 55808
34725220: system.mem_ctrl: Queuing response for address 55808
34733220: system.mem_ctrl: Attempting to send response
34733220: system.mem_ctrl: Have 0 read, 0 write, 0 responses outstanding
34898000: system.mem_ctrl: Enqueueing address 67712
[1;33m[1;35m [AddTransaction(RD)] cid: 0 clk: 37245 | READ | addr: 0X10880[0m
[1;33m[1;35m [AddTransaction(RD)] cid: 1 clk: 37245 | READ | addr: 0X108A0[0m
[1;33m[1;36m [AddCommand] cid: 0 clk: 37245 | READ | (address) rank: 0 bankgroup: 1 bank: 2 row: 0 column: 4 addr: 0X10880[0m
[1;33m[1;36m [AddCommand] cid: 1 clk: 37245 | READ | (address) rank: 0 bankgroup: 1 bank: 2 row: 0 column: 4 addr: 0X108A0[0m
[1;33m[1;36m [IssueCommand] cid: 0 clk: 37246 | ACTIVATE | (address) rank: 0 bankgroup: 1 bank: 2 row: 0 column: 4 addr: 0X10880[0m
[1;33m[1;36m [IssueCommand] cid: 1 clk: 37246 | ACTIVATE | (address) rank: 0 bankgroup: 1 bank: 2 row: 0 column: 4 addr: 0X108A0[0m
[1;33m[1;36m [IssueCommand] cid: 0 clk: 37265 | READ | (address) rank: 0 bankgroup: 1 bank: 2 row: 0 column: 4 addr: 0X10880[0m
[1;33m[1;36m [IssueCommand] cid: 1 clk: 37265 | READ | (address) rank: 0 bankgroup: 1 bank: 2 row: 0 column: 4 addr: 0X108A0[0m
[1;33m[1;35m [ReturnDoneRead] cid: 0 clk: 37290 | READ | addr: 0X10880[0m
[1;33m[1;35m [ReturnDoneRead] cid: 1 clk: 37290 | READ | addr: 0X108A0[0m
34940730: system.mem_ctrl: Read to address 67712 complete
34940730: system.mem_ctrl: Access for address 67712
34940730: system.mem_ctrl: Queuing response for address 67712
34948730: system.mem_ctrl: Attempting to send response
34948730: system.mem_ctrl: Have 0 read, 0 write, 0 responses outstanding
35017000: system.mem_ctrl: Enqueueing address 67776
[1;33m[1;35m [AddTransaction(RD)] cid: 2 clk: 37372 | READ | addr: 0X108C0[0m
[1;33m[1;35m [AddTransaction(RD)] cid: 3 clk: 37372 | READ | addr: 0X108E0[0m
[1;33m[1;36m [AddCommand] cid: 2 clk: 37372 | READ | (address) rank: 0 bankgroup: 1 bank: 2 row: 0 column: 4 addr: 0X108C0[0m
[1;33m[1;36m [AddCommand] cid: 3 clk: 37372 | READ | (address) rank: 0 bankgroup: 1 bank: 2 row: 0 column: 4 addr: 0X108E0[0m
[1;33m[1;36m [IssueCommand] cid: 2 clk: 37373 | ACTIVATE | (address) rank: 0 bankgroup: 1 bank: 2 row: 0 column: 4 addr: 0X108C0[0m
[1;33m[1;36m [IssueCommand] cid: 3 clk: 37373 | ACTIVATE | (address) rank: 0 bankgroup: 1 bank: 2 row: 0 column: 4 addr: 0X108E0[0m
[1;33m[1;36m [IssueCommand] cid: 2 clk: 37392 | READ | (address) rank: 0 bankgroup: 1 bank: 2 row: 0 column: 4 addr: 0X108C0[0m
[1;33m[1;36m [IssueCommand] cid: 3 clk: 37392 | READ | (address) rank: 0 bankgroup: 1 bank: 2 row: 0 column: 4 addr: 0X108E0[0m
[1;33m[1;35m [ReturnDoneRead] cid: 2 clk: 37417 | READ | addr: 0X108C0[0m
[1;33m[1;35m [ReturnDoneRead] cid: 3 clk: 37417 | READ | addr: 0X108E0[0m
35059729: system.mem_ctrl: Read to address 67776 complete
35059729: system.mem_ctrl: Access for address 67776
35059729: system.mem_ctrl: Queuing response for address 67776
35067729: system.mem_ctrl: Attempting to send response
35067729: system.mem_ctrl: Have 0 read, 0 write, 0 responses outstanding
35128000: system.mem_ctrl: Enqueueing address 67904
[1;33m[1;35m [AddTransaction(RD)] cid: 2 clk: 37490 | READ | addr: 0X10940[0m
[1;33m[1;35m [AddTransaction(RD)] cid: 3 clk: 37490 | READ | addr: 0X10960[0m
[1;33m[1;36m [AddCommand] cid: 2 clk: 37490 | READ | (address) rank: 0 bankgroup: 2 bank: 2 row: 0 column: 4 addr: 0X10940[0m
[1;33m[1;36m [AddCommand] cid: 3 clk: 37490 | READ | (address) rank: 0 bankgroup: 2 bank: 2 row: 0 column: 4 addr: 0X10960[0m
[1;33m[1;36m [IssueCommand] cid: 2 clk: 37491 | ACTIVATE | (address) rank: 0 bankgroup: 2 bank: 2 row: 0 column: 4 addr: 0X10940[0m
[1;33m[1;36m [IssueCommand] cid: 3 clk: 37491 | ACTIVATE | (address) rank: 0 bankgroup: 2 bank: 2 row: 0 column: 4 addr: 0X10960[0m
[1;33m[1;36m [IssueCommand] cid: 0 clk: 37494 | PRECHARGE | (address) rank: 1 bankgroup: 0 bank: 1 row: -1 column: -1 addr: 0XFFFFFFFFFFFFFFFF[0m
[1;33m[1;36m [IssueCommand] cid: 1 clk: 37494 | PRECHARGE | (address) rank: 1 bankgroup: 0 bank: 1 row: -1 column: -1 addr: 0XFFFFFFFFFFFFFFFF[0m
[1;33m[1;36m [IssueCommand] cid: 2 clk: 37494 | PRECHARGE | (address) rank: 1 bankgroup: 0 bank: 1 row: -1 column: -1 addr: 0XFFFFFFFFFFFFFFFF[0m
[1;33m[1;36m [IssueCommand] cid: 3 clk: 37494 | PRECHARGE | (address) rank: 1 bankgroup: 0 bank: 1 row: -1 column: -1 addr: 0XFFFFFFFFFFFFFFFF[0m
[1;33m[1;36m [IssueCommand] cid: 0 clk: 37495 | PRECHARGE | (address) rank: 1 bankgroup: 3 bank: 0 row: -1 column: -1 addr: 0XFFFFFFFFFFFFFFFF[0m
[1;33m[1;36m [IssueCommand] cid: 1 clk: 37495 | PRECHARGE | (address) rank: 1 bankgroup: 3 bank: 0 row: -1 column: -1 addr: 0XFFFFFFFFFFFFFFFF[0m
[1;33m[1;36m [IssueCommand] cid: 2 clk: 37495 | PRECHARGE | (address) rank: 1 bankgroup: 3 bank: 1 row: -1 column: -1 addr: 0XFFFFFFFFFFFFFFFF[0m
[1;33m[1;36m [IssueCommand] cid: 3 clk: 37495 | PRECHARGE | (address) rank: 1 bankgroup: 3 bank: 1 row: -1 column: -1 addr: 0XFFFFFFFFFFFFFFFF[0m
[1;33m[1;36m [IssueCommand] cid: 0 clk: 37496 | PRECHARGE | (address) rank: 1 bankgroup: 3 bank: 1 row: -1 column: -1 addr: 0XFFFFFFFFFFFFFFFF[0m
[1;33m[1;36m [IssueCommand] cid: 1 clk: 37496 | PRECHARGE | (address) rank: 1 bankgroup: 3 bank: 1 row: -1 column: -1 addr: 0XFFFFFFFFFFFFFFFF[0m
[1;33m[1;36m [IssueCommand] cid: 2 clk: 37514 | REFRESH | (address) rank: 1 bankgroup: -1 bank: -1 row: -1 column: -1 addr: 0XFFFFFFFFFFFFFFFF[0m
[1;33m[1;36m [IssueCommand] cid: 3 clk: 37514 | REFRESH | (address) rank: 1 bankgroup: -1 bank: -1 row: -1 column: -1 addr: 0XFFFFFFFFFFFFFFFF[0m
[1;33m[1;36m [IssueCommand] cid: 0 clk: 37515 | REFRESH | (address) rank: 1 bankgroup: -1 bank: -1 row: -1 column: -1 addr: 0XFFFFFFFFFFFFFFFF[0m
[1;33m[1;36m [IssueCommand] cid: 1 clk: 37515 | REFRESH | (address) rank: 1 bankgroup: -1 bank: -1 row: -1 column: -1 addr: 0XFFFFFFFFFFFFFFFF[0m
[1;33m[1;36m [IssueCommand] cid: 2 clk: 37515 | READ | (address) rank: 0 bankgroup: 2 bank: 2 row: 0 column: 4 addr: 0X10940[0m
[1;33m[1;36m [IssueCommand] cid: 3 clk: 37515 | READ | (address) rank: 0 bankgroup: 2 bank: 2 row: 0 column: 4 addr: 0X10960[0m
[1;33m[1;35m [ReturnDoneRead] cid: 2 clk: 37540 | READ | addr: 0X10940[0m
[1;33m[1;35m [ReturnDoneRead] cid: 3 clk: 37540 | READ | addr: 0X10960[0m
35174980: system.mem_ctrl: Read to address 67904 complete
35174980: system.mem_ctrl: Access for address 67904
35174980: system.mem_ctrl: Queuing response for address 67904
35182980: system.mem_ctrl: Attempting to send response
35182980: system.mem_ctrl: Have 0 read, 0 write, 0 responses outstanding
35267000: system.mem_ctrl: Enqueueing address 453568
[1;33m[1;35m [AddTransaction(RD)] cid: 2 clk: 37639 | READ | addr: 0X6EBC0[0m
[1;33m[1;35m [AddTransaction(RD)] cid: 3 clk: 37639 | READ | addr: 0X6EBE0[0m
[1;33m[1;36m [AddCommand] cid: 2 clk: 37639 | READ | (address) rank: 1 bankgroup: 3 bank: 1 row: 1 column: 53 addr: 0X6EBC0[0m
[1;33m[1;36m [AddCommand] cid: 3 clk: 37639 | READ | (address) rank: 1 bankgroup: 3 bank: 1 row: 1 column: 53 addr: 0X6EBE0[0m
[1;33m[1;36m [IssueCommand] cid: 2 clk: 37813 | ACTIVATE | (address) rank: 1 bankgroup: 3 bank: 1 row: 1 column: 53 addr: 0X6EBC0[0m
[1;33m[1;36m [IssueCommand] cid: 3 clk: 37813 | ACTIVATE | (address) rank: 1 bankgroup: 3 bank: 1 row: 1 column: 53 addr: 0X6EBE0[0m
[1;33m[1;36m [IssueCommand] cid: 2 clk: 37832 | READ | (address) rank: 1 bankgroup: 3 bank: 1 row: 1 column: 53 addr: 0X6EBC0[0m
[1;33m[1;36m [IssueCommand] cid: 3 clk: 37832 | READ | (address) rank: 1 bankgroup: 3 bank: 1 row: 1 column: 53 addr: 0X6EBE0[0m
[1;33m[1;35m [ReturnDoneRead] cid: 2 clk: 37857 | READ | addr: 0X6EBC0[0m
[1;33m[1;35m [ReturnDoneRead] cid: 3 clk: 37857 | READ | addr: 0X6EBE0[0m
35472009: system.mem_ctrl: Read to address 453568 complete
35472009: system.mem_ctrl: Access for address 453568
35472009: system.mem_ctrl: Queuing response for address 453568
35480009: system.mem_ctrl: Attempting to send response
35480009: system.mem_ctrl: Have 0 read, 0 write, 0 responses outstanding
35529000: system.mem_ctrl: Enqueueing address 67840
[1;33m[1;35m [AddTransaction(RD)] cid: 0 clk: 37918 | READ | addr: 0X10900[0m
[1;33m[1;35m [AddTransaction(RD)] cid: 1 clk: 37918 | READ | addr: 0X10920[0m
[1;33m[1;36m [AddCommand] cid: 0 clk: 37918 | READ | (address) rank: 0 bankgroup: 2 bank: 2 row: 0 column: 4 addr: 0X10900[0m
[1;33m[1;36m [AddCommand] cid: 1 clk: 37918 | READ | (address) rank: 0 bankgroup: 2 bank: 2 row: 0 column: 4 addr: 0X10920[0m
[1;33m[1;36m [IssueCommand] cid: 0 clk: 37919 | ACTIVATE | (address) rank: 0 bankgroup: 2 bank: 2 row: 0 column: 4 addr: 0X10900[0m
[1;33m[1;36m [IssueCommand] cid: 1 clk: 37919 | ACTIVATE | (address) rank: 0 bankgroup: 2 bank: 2 row: 0 column: 4 addr: 0X10920[0m
[1;33m[1;36m [IssueCommand] cid: 0 clk: 37938 | READ | (address) rank: 0 bankgroup: 2 bank: 2 row: 0 column: 4 addr: 0X10900[0m
[1;33m[1;36m [IssueCommand] cid: 1 clk: 37938 | READ | (address) rank: 0 bankgroup: 2 bank: 2 row: 0 column: 4 addr: 0X10920[0m
[1;33m[1;35m [ReturnDoneRead] cid: 0 clk: 37963 | READ | addr: 0X10900[0m
[1;33m[1;35m [ReturnDoneRead] cid: 1 clk: 37963 | READ | addr: 0X10920[0m
35571331: system.mem_ctrl: Read to address 67840 complete
35571331: system.mem_ctrl: Access for address 67840
35571331: system.mem_ctrl: Queuing response for address 67840
35579331: system.mem_ctrl: Attempting to send response
35579331: system.mem_ctrl: Have 0 read, 0 write, 0 responses outstanding
35664000: system.mem_ctrl: Enqueueing address 453632
[1;33m[1;35m [AddTransaction(RD)] cid: 0 clk: 38062 | READ | addr: 0X6EC00[0m
[1;33m[1;35m [AddTransaction(RD)] cid: 1 clk: 38062 | READ | addr: 0X6EC20[0m
[1;33m[1;36m [AddCommand] cid: 0 clk: 38062 | READ | (address) rank: 1 bankgroup: 0 bank: 1 row: 1 column: 54 addr: 0X6EC00[0m
[1;33m[1;36m [AddCommand] cid: 1 clk: 38062 | READ | (address) rank: 1 bankgroup: 0 bank: 1 row: 1 column: 54 addr: 0X6EC20[0m
[1;33m[1;36m [IssueCommand] cid: 0 clk: 38063 | ACTIVATE | (address) rank: 1 bankgroup: 0 bank: 1 row: 1 column: 54 addr: 0X6EC00[0m
[1;33m[1;36m [IssueCommand] cid: 1 clk: 38063 | ACTIVATE | (address) rank: 1 bankgroup: 0 bank: 1 row: 1 column: 54 addr: 0X6EC20[0m
[1;33m[1;36m [IssueCommand] cid: 0 clk: 38082 | READ | (address) rank: 1 bankgroup: 0 bank: 1 row: 1 column: 54 addr: 0X6EC00[0m
[1;33m[1;36m [IssueCommand] cid: 1 clk: 38082 | READ | (address) rank: 1 bankgroup: 0 bank: 1 row: 1 column: 54 addr: 0X6EC20[0m
[1;33m[1;35m [ReturnDoneRead] cid: 0 clk: 38107 | READ | addr: 0X6EC00[0m
[1;33m[1;35m [ReturnDoneRead] cid: 1 clk: 38107 | READ | addr: 0X6EC20[0m
35706259: system.mem_ctrl: Read to address 453632 complete
35706259: system.mem_ctrl: Access for address 453632
35706259: system.mem_ctrl: Queuing response for address 453632
35714259: system.mem_ctrl: Attempting to send response
35714259: system.mem_ctrl: Have 0 read, 0 write, 0 responses outstanding
35801000: system.mem_ctrl: Enqueueing address 453696
[1;33m[1;35m [AddTransaction(RD)] cid: 2 clk: 38209 | READ | addr: 0X6EC40[0m
[1;33m[1;35m [AddTransaction(RD)] cid: 3 clk: 38209 | READ | addr: 0X6EC60[0m
[1;33m[1;36m [AddCommand] cid: 2 clk: 38209 | READ | (address) rank: 1 bankgroup: 0 bank: 1 row: 1 column: 54 addr: 0X6EC40[0m
[1;33m[1;36m [AddCommand] cid: 3 clk: 38209 | READ | (address) rank: 1 bankgroup: 0 bank: 1 row: 1 column: 54 addr: 0X6EC60[0m
[1;33m[1;36m [IssueCommand] cid: 2 clk: 38210 | ACTIVATE | (address) rank: 1 bankgroup: 0 bank: 1 row: 1 column: 54 addr: 0X6EC40[0m
[1;33m[1;36m [IssueCommand] cid: 3 clk: 38210 | ACTIVATE | (address) rank: 1 bankgroup: 0 bank: 1 row: 1 column: 54 addr: 0X6EC60[0m
[1;33m[1;36m [IssueCommand] cid: 2 clk: 38229 | READ | (address) rank: 1 bankgroup: 0 bank: 1 row: 1 column: 54 addr: 0X6EC40[0m
[1;33m[1;36m [IssueCommand] cid: 3 clk: 38229 | READ | (address) rank: 1 bankgroup: 0 bank: 1 row: 1 column: 54 addr: 0X6EC60[0m
[1;33m[1;35m [ReturnDoneRead] cid: 2 clk: 38254 | READ | addr: 0X6EC40[0m
[1;33m[1;35m [ReturnDoneRead] cid: 3 clk: 38254 | READ | addr: 0X6EC60[0m
35843998: system.mem_ctrl: Read to address 453696 complete
35843998: system.mem_ctrl: Access for address 453696
35843998: system.mem_ctrl: Queuing response for address 453696
35851998: system.mem_ctrl: Attempting to send response
35851998: system.mem_ctrl: Have 0 read, 0 write, 0 responses outstanding
35938000: system.mem_ctrl: Enqueueing address 453760
[1;33m[1;35m [AddTransaction(RD)] cid: 0 clk: 38355 | READ | addr: 0X6EC80[0m
[1;33m[1;35m [AddTransaction(RD)] cid: 1 clk: 38355 | READ | addr: 0X6ECA0[0m
[1;33m[1;36m [AddCommand] cid: 0 clk: 38355 | READ | (address) rank: 1 bankgroup: 1 bank: 1 row: 1 column: 54 addr: 0X6EC80[0m
[1;33m[1;36m [AddCommand] cid: 1 clk: 38355 | READ | (address) rank: 1 bankgroup: 1 bank: 1 row: 1 column: 54 addr: 0X6ECA0[0m
[1;33m[1;36m [IssueCommand] cid: 0 clk: 38356 | ACTIVATE | (address) rank: 1 bankgroup: 1 bank: 1 row: 1 column: 54 addr: 0X6EC80[0m
[1;33m[1;36m [IssueCommand] cid: 1 clk: 38356 | ACTIVATE | (address) rank: 1 bankgroup: 1 bank: 1 row: 1 column: 54 addr: 0X6ECA0[0m
[1;33m[1;36m [IssueCommand] cid: 0 clk: 38375 | READ | (address) rank: 1 bankgroup: 1 bank: 1 row: 1 column: 54 addr: 0X6EC80[0m
[1;33m[1;36m [IssueCommand] cid: 1 clk: 38375 | READ | (address) rank: 1 bankgroup: 1 bank: 1 row: 1 column: 54 addr: 0X6ECA0[0m
[1;33m[1;35m [ReturnDoneRead] cid: 0 clk: 38400 | READ | addr: 0X6EC80[0m
[1;33m[1;35m [ReturnDoneRead] cid: 1 clk: 38400 | READ | addr: 0X6ECA0[0m
35980800: system.mem_ctrl: Read to address 453760 complete
35980800: system.mem_ctrl: Access for address 453760
35980800: system.mem_ctrl: Queuing response for address 453760
35988800: system.mem_ctrl: Attempting to send response
35988800: system.mem_ctrl: Have 0 read, 0 write, 0 responses outstanding
36075000: system.mem_ctrl: Enqueueing address 453824
[1;33m[1;35m [AddTransaction(RD)] cid: 2 clk: 38501 | READ | addr: 0X6ECC0[0m
[1;33m[1;35m [AddTransaction(RD)] cid: 3 clk: 38501 | READ | addr: 0X6ECE0[0m
[1;33m[1;36m [AddCommand] cid: 2 clk: 38501 | READ | (address) rank: 1 bankgroup: 1 bank: 1 row: 1 column: 54 addr: 0X6ECC0[0m
[1;33m[1;36m [AddCommand] cid: 3 clk: 38501 | READ | (address) rank: 1 bankgroup: 1 bank: 1 row: 1 column: 54 addr: 0X6ECE0[0m
[1;33m[1;36m [IssueCommand] cid: 2 clk: 38502 | ACTIVATE | (address) rank: 1 bankgroup: 1 bank: 1 row: 1 column: 54 addr: 0X6ECC0[0m
[1;33m[1;36m [IssueCommand] cid: 3 clk: 38502 | ACTIVATE | (address) rank: 1 bankgroup: 1 bank: 1 row: 1 column: 54 addr: 0X6ECE0[0m
[1;33m[1;36m [IssueCommand] cid: 2 clk: 38521 | READ | (address) rank: 1 bankgroup: 1 bank: 1 row: 1 column: 54 addr: 0X6ECC0[0m
[1;33m[1;36m [IssueCommand] cid: 3 clk: 38521 | READ | (address) rank: 1 bankgroup: 1 bank: 1 row: 1 column: 54 addr: 0X6ECE0[0m
[1;33m[1;35m [ReturnDoneRead] cid: 2 clk: 38546 | READ | addr: 0X6ECC0[0m
[1;33m[1;35m [ReturnDoneRead] cid: 3 clk: 38546 | READ | addr: 0X6ECE0[0m
36117602: system.mem_ctrl: Read to address 453824 complete
36117602: system.mem_ctrl: Access for address 453824
36117602: system.mem_ctrl: Queuing response for address 453824
36125602: system.mem_ctrl: Attempting to send response
36125602: system.mem_ctrl: Have 0 read, 0 write, 0 responses outstanding
36212000: system.mem_ctrl: Enqueueing address 453888
[1;33m[1;35m [AddTransaction(RD)] cid: 0 clk: 38647 | READ | addr: 0X6ED00[0m
[1;33m[1;35m [AddTransaction(RD)] cid: 1 clk: 38647 | READ | addr: 0X6ED20[0m
[1;33m[1;36m [AddCommand] cid: 0 clk: 38647 | READ | (address) rank: 1 bankgroup: 2 bank: 1 row: 1 column: 54 addr: 0X6ED00[0m
[1;33m[1;36m [AddCommand] cid: 1 clk: 38647 | READ | (address) rank: 1 bankgroup: 2 bank: 1 row: 1 column: 54 addr: 0X6ED20[0m
[1;33m[1;36m [IssueCommand] cid: 0 clk: 38648 | ACTIVATE | (address) rank: 1 bankgroup: 2 bank: 1 row: 1 column: 54 addr: 0X6ED00[0m
[1;33m[1;36m [IssueCommand] cid: 1 clk: 38648 | ACTIVATE | (address) rank: 1 bankgroup: 2 bank: 1 row: 1 column: 54 addr: 0X6ED20[0m
[1;33m[1;36m [IssueCommand] cid: 0 clk: 38667 | READ | (address) rank: 1 bankgroup: 2 bank: 1 row: 1 column: 54 addr: 0X6ED00[0m
[1;33m[1;36m [IssueCommand] cid: 1 clk: 38667 | READ | (address) rank: 1 bankgroup: 2 bank: 1 row: 1 column: 54 addr: 0X6ED20[0m
[1;33m[1;35m [ReturnDoneRead] cid: 0 clk: 38692 | READ | addr: 0X6ED00[0m
[1;33m[1;35m [ReturnDoneRead] cid: 1 clk: 38692 | READ | addr: 0X6ED20[0m
36254404: system.mem_ctrl: Read to address 453888 complete
36254404: system.mem_ctrl: Access for address 453888
36254404: system.mem_ctrl: Queuing response for address 453888
36262404: system.mem_ctrl: Attempting to send response
36262404: system.mem_ctrl: Have 0 read, 0 write, 0 responses outstanding
36349000: system.mem_ctrl: Enqueueing address 453952
[1;33m[1;35m [AddTransaction(RD)] cid: 2 clk: 38793 | READ | addr: 0X6ED40[0m
[1;33m[1;35m [AddTransaction(RD)] cid: 3 clk: 38793 | READ | addr: 0X6ED60[0m
[1;33m[1;36m [AddCommand] cid: 2 clk: 38793 | READ | (address) rank: 1 bankgroup: 2 bank: 1 row: 1 column: 54 addr: 0X6ED40[0m
[1;33m[1;36m [AddCommand] cid: 3 clk: 38793 | READ | (address) rank: 1 bankgroup: 2 bank: 1 row: 1 column: 54 addr: 0X6ED60[0m
[1;33m[1;36m [IssueCommand] cid: 2 clk: 38794 | ACTIVATE | (address) rank: 1 bankgroup: 2 bank: 1 row: 1 column: 54 addr: 0X6ED40[0m
[1;33m[1;36m [IssueCommand] cid: 3 clk: 38794 | ACTIVATE | (address) rank: 1 bankgroup: 2 bank: 1 row: 1 column: 54 addr: 0X6ED60[0m
[1;33m[1;36m [IssueCommand] cid: 2 clk: 38813 | READ | (address) rank: 1 bankgroup: 2 bank: 1 row: 1 column: 54 addr: 0X6ED40[0m
[1;33m[1;36m [IssueCommand] cid: 3 clk: 38813 | READ | (address) rank: 1 bankgroup: 2 bank: 1 row: 1 column: 54 addr: 0X6ED60[0m
[1;33m[1;35m [ReturnDoneRead] cid: 2 clk: 38838 | READ | addr: 0X6ED40[0m
[1;33m[1;35m [ReturnDoneRead] cid: 3 clk: 38838 | READ | addr: 0X6ED60[0m
36391206: system.mem_ctrl: Read to address 453952 complete
36391206: system.mem_ctrl: Access for address 453952
36391206: system.mem_ctrl: Queuing response for address 453952
36399206: system.mem_ctrl: Attempting to send response
36399206: system.mem_ctrl: Have 0 read, 0 write, 0 responses outstanding
36486000: system.mem_ctrl: Enqueueing address 454016
[1;33m[1;35m [AddTransaction(RD)] cid: 0 clk: 38940 | READ | addr: 0X6ED80[0m
[1;33m[1;35m [AddTransaction(RD)] cid: 1 clk: 38940 | READ | addr: 0X6EDA0[0m
[1;33m[1;36m [AddCommand] cid: 0 clk: 38940 | READ | (address) rank: 1 bankgroup: 3 bank: 1 row: 1 column: 54 addr: 0X6ED80[0m
[1;33m[1;36m [AddCommand] cid: 1 clk: 38940 | READ | (address) rank: 1 bankgroup: 3 bank: 1 row: 1 column: 54 addr: 0X6EDA0[0m
[1;33m[1;36m [IssueCommand] cid: 0 clk: 38941 | ACTIVATE | (address) rank: 1 bankgroup: 3 bank: 1 row: 1 column: 54 addr: 0X6ED80[0m
[1;33m[1;36m [IssueCommand] cid: 1 clk: 38941 | ACTIVATE | (address) rank: 1 bankgroup: 3 bank: 1 row: 1 column: 54 addr: 0X6EDA0[0m
[1;33m[1;36m [IssueCommand] cid: 0 clk: 38960 | READ | (address) rank: 1 bankgroup: 3 bank: 1 row: 1 column: 54 addr: 0X6ED80[0m
[1;33m[1;36m [IssueCommand] cid: 1 clk: 38960 | READ | (address) rank: 1 bankgroup: 3 bank: 1 row: 1 column: 54 addr: 0X6EDA0[0m
[1;33m[1;35m [ReturnDoneRead] cid: 0 clk: 38985 | READ | addr: 0X6ED80[0m
[1;33m[1;35m [ReturnDoneRead] cid: 1 clk: 38985 | READ | addr: 0X6EDA0[0m
36528945: system.mem_ctrl: Read to address 454016 complete
36528945: system.mem_ctrl: Access for address 454016
36528945: system.mem_ctrl: Queuing response for address 454016
36536945: system.mem_ctrl: Attempting to send response
36536945: system.mem_ctrl: Have 0 read, 0 write, 0 responses outstanding
36623000: system.mem_ctrl: Enqueueing address 454080
[1;33m[1;35m [AddTransaction(RD)] cid: 2 clk: 39086 | READ | addr: 0X6EDC0[0m
[1;33m[1;35m [AddTransaction(RD)] cid: 3 clk: 39086 | READ | addr: 0X6EDE0[0m
[1;33m[1;36m [AddCommand] cid: 2 clk: 39086 | READ | (address) rank: 1 bankgroup: 3 bank: 1 row: 1 column: 54 addr: 0X6EDC0[0m
[1;33m[1;36m [AddCommand] cid: 3 clk: 39086 | READ | (address) rank: 1 bankgroup: 3 bank: 1 row: 1 column: 54 addr: 0X6EDE0[0m
[1;33m[1;36m [IssueCommand] cid: 2 clk: 39087 | READ | (address) rank: 1 bankgroup: 3 bank: 1 row: 1 column: 54 addr: 0X6EDC0[0m
[1;33m[1;36m [IssueCommand] cid: 3 clk: 39087 | READ | (address) rank: 1 bankgroup: 3 bank: 1 row: 1 column: 54 addr: 0X6EDE0[0m
[1;33m[1;35m [ReturnDoneRead] cid: 2 clk: 39112 | READ | addr: 0X6EDC0[0m
[1;33m[1;35m [ReturnDoneRead] cid: 3 clk: 39112 | READ | addr: 0X6EDE0[0m
36647944: system.mem_ctrl: Read to address 454080 complete
36647944: system.mem_ctrl: Access for address 454080
36647944: system.mem_ctrl: Queuing response for address 454080
36655944: system.mem_ctrl: Attempting to send response
36655944: system.mem_ctrl: Have 0 read, 0 write, 0 responses outstanding
36810000: system.mem_ctrl: Enqueueing address 59264
[1;33m[1;35m [AddTransaction(RD)] cid: 0 clk: 39285 | READ | addr: 0XE780[0m
[1;33m[1;35m [AddTransaction(RD)] cid: 1 clk: 39285 | READ | addr: 0XE7A0[0m
[1;33m[1;36m [AddCommand] cid: 0 clk: 39285 | READ | (address) rank: 0 bankgroup: 3 bank: 1 row: 0 column: 51 addr: 0XE780[0m
[1;33m[1;36m [AddCommand] cid: 1 clk: 39285 | READ | (address) rank: 0 bankgroup: 3 bank: 1 row: 0 column: 51 addr: 0XE7A0[0m
[1;33m[1;36m [IssueCommand] cid: 0 clk: 39286 | READ | (address) rank: 0 bankgroup: 3 bank: 1 row: 0 column: 51 addr: 0XE780[0m
[1;33m[1;36m [IssueCommand] cid: 1 clk: 39286 | READ | (address) rank: 0 bankgroup: 3 bank: 1 row: 0 column: 51 addr: 0XE7A0[0m
[1;33m[1;35m [ReturnDoneRead] cid: 0 clk: 39311 | READ | addr: 0XE780[0m
[1;33m[1;35m [ReturnDoneRead] cid: 1 clk: 39311 | READ | addr: 0XE7A0[0m
36834407: system.mem_ctrl: Read to address 59264 complete
36834407: system.mem_ctrl: Access for address 59264
36834407: system.mem_ctrl: Queuing response for address 59264
36842407: system.mem_ctrl: Attempting to send response
36842407: system.mem_ctrl: Have 0 read, 0 write, 0 responses outstanding
36913000: system.mem_ctrl: Enqueueing address 59328
[1;33m[1;35m [AddTransaction(RD)] cid: 2 clk: 39395 | READ | addr: 0XE7C0[0m
[1;33m[1;35m [AddTransaction(RD)] cid: 3 clk: 39395 | READ | addr: 0XE7E0[0m
[1;33m[1;36m [AddCommand] cid: 2 clk: 39395 | READ | (address) rank: 0 bankgroup: 3 bank: 1 row: 0 column: 51 addr: 0XE7C0[0m
[1;33m[1;36m [AddCommand] cid: 3 clk: 39395 | READ | (address) rank: 0 bankgroup: 3 bank: 1 row: 0 column: 51 addr: 0XE7E0[0m
[1;33m[1;36m [IssueCommand] cid: 2 clk: 39396 | READ | (address) rank: 0 bankgroup: 3 bank: 1 row: 0 column: 51 addr: 0XE7C0[0m
[1;33m[1;36m [IssueCommand] cid: 3 clk: 39396 | READ | (address) rank: 0 bankgroup: 3 bank: 1 row: 0 column: 51 addr: 0XE7E0[0m
[1;33m[1;35m [ReturnDoneRead] cid: 2 clk: 39421 | READ | addr: 0XE7C0[0m
[1;33m[1;35m [ReturnDoneRead] cid: 3 clk: 39421 | READ | addr: 0XE7E0[0m
36937477: system.mem_ctrl: Read to address 59328 complete
36937477: system.mem_ctrl: Access for address 59328
36937477: system.mem_ctrl: Queuing response for address 59328
36945477: system.mem_ctrl: Attempting to send response
36945477: system.mem_ctrl: Have 0 read, 0 write, 0 responses outstanding
[1;33m[1;36m [IssueCommand] cid: 0 clk: 39577 | PRECHARGE | (address) rank: 0 bankgroup: 0 bank: 1 row: -1 column: -1 addr: 0XFFFFFFFFFFFFFFFF[0m
[1;33m[1;36m [IssueCommand] cid: 1 clk: 39577 | PRECHARGE | (address) rank: 0 bankgroup: 0 bank: 1 row: -1 column: -1 addr: 0XFFFFFFFFFFFFFFFF[0m
[1;33m[1;36m [IssueCommand] cid: 2 clk: 39577 | PRECHARGE | (address) rank: 0 bankgroup: 0 bank: 1 row: -1 column: -1 addr: 0XFFFFFFFFFFFFFFFF[0m
[1;33m[1;36m [IssueCommand] cid: 3 clk: 39577 | PRECHARGE | (address) rank: 0 bankgroup: 0 bank: 1 row: -1 column: -1 addr: 0XFFFFFFFFFFFFFFFF[0m
[1;33m[1;36m [IssueCommand] cid: 0 clk: 39578 | PRECHARGE | (address) rank: 0 bankgroup: 1 bank: 1 row: -1 column: -1 addr: 0XFFFFFFFFFFFFFFFF[0m
[1;33m[1;36m [IssueCommand] cid: 1 clk: 39578 | PRECHARGE | (address) rank: 0 bankgroup: 1 bank: 1 row: -1 column: -1 addr: 0XFFFFFFFFFFFFFFFF[0m
[1;33m[1;36m [IssueCommand] cid: 2 clk: 39578 | PRECHARGE | (address) rank: 0 bankgroup: 1 bank: 2 row: -1 column: -1 addr: 0XFFFFFFFFFFFFFFFF[0m
[1;33m[1;36m [IssueCommand] cid: 3 clk: 39578 | PRECHARGE | (address) rank: 0 bankgroup: 1 bank: 2 row: -1 column: -1 addr: 0XFFFFFFFFFFFFFFFF[0m
[1;33m[1;36m [IssueCommand] cid: 0 clk: 39579 | PRECHARGE | (address) rank: 0 bankgroup: 1 bank: 2 row: -1 column: -1 addr: 0XFFFFFFFFFFFFFFFF[0m
[1;33m[1;36m [IssueCommand] cid: 1 clk: 39579 | PRECHARGE | (address) rank: 0 bankgroup: 1 bank: 2 row: -1 column: -1 addr: 0XFFFFFFFFFFFFFFFF[0m
[1;33m[1;36m [IssueCommand] cid: 2 clk: 39579 | PRECHARGE | (address) rank: 0 bankgroup: 2 bank: 1 row: -1 column: -1 addr: 0XFFFFFFFFFFFFFFFF[0m
[1;33m[1;36m [IssueCommand] cid: 3 clk: 39579 | PRECHARGE | (address) rank: 0 bankgroup: 2 bank: 1 row: -1 column: -1 addr: 0XFFFFFFFFFFFFFFFF[0m
[1;33m[1;36m [IssueCommand] cid: 0 clk: 39580 | PRECHARGE | (address) rank: 0 bankgroup: 2 bank: 2 row: -1 column: -1 addr: 0XFFFFFFFFFFFFFFFF[0m
[1;33m[1;36m [IssueCommand] cid: 1 clk: 39580 | PRECHARGE | (address) rank: 0 bankgroup: 2 bank: 2 row: -1 column: -1 addr: 0XFFFFFFFFFFFFFFFF[0m
[1;33m[1;36m [IssueCommand] cid: 2 clk: 39580 | PRECHARGE | (address) rank: 0 bankgroup: 2 bank: 2 row: -1 column: -1 addr: 0XFFFFFFFFFFFFFFFF[0m
[1;33m[1;36m [IssueCommand] cid: 3 clk: 39580 | PRECHARGE | (address) rank: 0 bankgroup: 2 bank: 2 row: -1 column: -1 addr: 0XFFFFFFFFFFFFFFFF[0m
[1;33m[1;36m [IssueCommand] cid: 0 clk: 39581 | PRECHARGE | (address) rank: 0 bankgroup: 3 bank: 1 row: -1 column: -1 addr: 0XFFFFFFFFFFFFFFFF[0m
[1;33m[1;36m [IssueCommand] cid: 1 clk: 39581 | PRECHARGE | (address) rank: 0 bankgroup: 3 bank: 1 row: -1 column: -1 addr: 0XFFFFFFFFFFFFFFFF[0m
[1;33m[1;36m [IssueCommand] cid: 2 clk: 39581 | PRECHARGE | (address) rank: 0 bankgroup: 3 bank: 1 row: -1 column: -1 addr: 0XFFFFFFFFFFFFFFFF[0m
[1;33m[1;36m [IssueCommand] cid: 3 clk: 39581 | PRECHARGE | (address) rank: 0 bankgroup: 3 bank: 1 row: -1 column: -1 addr: 0XFFFFFFFFFFFFFFFF[0m
37100000: system.mem_ctrl: Enqueueing address 55296
[1;33m[1;35m [AddTransaction(RD)] cid: 0 clk: 39595 | READ | addr: 0XD800[0m
[1;33m[1;35m [AddTransaction(RD)] cid: 1 clk: 39595 | READ | addr: 0XD820[0m
[1;33m[1;36m [AddCommand] cid: 0 clk: 39595 | READ | (address) rank: 0 bankgroup: 0 bank: 1 row: 0 column: 44 addr: 0XD800[0m
[1;33m[1;36m [AddCommand] cid: 1 clk: 39595 | READ | (address) rank: 0 bankgroup: 0 bank: 1 row: 0 column: 44 addr: 0XD820[0m
[1;33m[1;36m [IssueCommand] cid: 0 clk: 39600 | REFRESH | (address) rank: 0 bankgroup: -1 bank: -1 row: -1 column: -1 addr: 0XFFFFFFFFFFFFFFFF[0m
[1;33m[1;36m [IssueCommand] cid: 1 clk: 39600 | REFRESH | (address) rank: 0 bankgroup: -1 bank: -1 row: -1 column: -1 addr: 0XFFFFFFFFFFFFFFFF[0m
[1;33m[1;36m [IssueCommand] cid: 2 clk: 39600 | REFRESH | (address) rank: 0 bankgroup: -1 bank: -1 row: -1 column: -1 addr: 0XFFFFFFFFFFFFFFFF[0m
[1;33m[1;36m [IssueCommand] cid: 3 clk: 39600 | REFRESH | (address) rank: 0 bankgroup: -1 bank: -1 row: -1 column: -1 addr: 0XFFFFFFFFFFFFFFFF[0m
[1;33m[1;36m [IssueCommand] cid: 0 clk: 39899 | ACTIVATE | (address) rank: 0 bankgroup: 0 bank: 1 row: 0 column: 44 addr: 0XD800[0m
[1;33m[1;36m [IssueCommand] cid: 1 clk: 39899 | ACTIVATE | (address) rank: 0 bankgroup: 0 bank: 1 row: 0 column: 44 addr: 0XD820[0m
[1;33m[1;36m [IssueCommand] cid: 0 clk: 39918 | READ | (address) rank: 0 bankgroup: 0 bank: 1 row: 0 column: 44 addr: 0XD800[0m
[1;33m[1;36m [IssueCommand] cid: 1 clk: 39918 | READ | (address) rank: 0 bankgroup: 0 bank: 1 row: 0 column: 44 addr: 0XD820[0m
[1;33m[1;35m [ReturnDoneRead] cid: 0 clk: 39943 | READ | addr: 0XD800[0m
[1;33m[1;35m [ReturnDoneRead] cid: 1 clk: 39943 | READ | addr: 0XD820[0m
37426591: system.mem_ctrl: Read to address 55296 complete
37426591: system.mem_ctrl: Access for address 55296
37426591: system.mem_ctrl: Queuing response for address 55296
37434591: system.mem_ctrl: Attempting to send response
37434591: system.mem_ctrl: Have 0 read, 0 write, 0 responses outstanding
37503000: system.mem_ctrl: Enqueueing address 415296
[1;33m[1;35m [AddTransaction(RD)] cid: 2 clk: 40025 | READ | addr: 0X65640[0m
[1;33m[1;35m [AddTransaction(RD)] cid: 3 clk: 40025 | READ | addr: 0X65660[0m
[1;33m[1;36m [AddCommand] cid: 2 clk: 40025 | READ | (address) rank: 1 bankgroup: 0 bank: 0 row: 1 column: 43 addr: 0X65640[0m
[1;33m[1;36m [AddCommand] cid: 3 clk: 40025 | READ | (address) rank: 1 bankgroup: 0 bank: 0 row: 1 column: 43 addr: 0X65660[0m
[1;33m[1;36m [IssueCommand] cid: 2 clk: 40026 | ACTIVATE | (address) rank: 1 bankgroup: 0 bank: 0 row: 1 column: 43 addr: 0X65640[0m
[1;33m[1;36m [IssueCommand] cid: 3 clk: 40026 | ACTIVATE | (address) rank: 1 bankgroup: 0 bank: 0 row: 1 column: 43 addr: 0X65660[0m
[1;33m[1;36m [IssueCommand] cid: 2 clk: 40045 | READ | (address) rank: 1 bankgroup: 0 bank: 0 row: 1 column: 43 addr: 0X65640[0m
[1;33m[1;36m [IssueCommand] cid: 3 clk: 40045 | READ | (address) rank: 1 bankgroup: 0 bank: 0 row: 1 column: 43 addr: 0X65660[0m
[1;33m[1;35m [ReturnDoneRead] cid: 2 clk: 40070 | READ | addr: 0X65640[0m
[1;33m[1;35m [ReturnDoneRead] cid: 3 clk: 40070 | READ | addr: 0X65660[0m
37545590: system.mem_ctrl: Read to address 415296 complete
37545590: system.mem_ctrl: Access for address 415296
37545590: system.mem_ctrl: Queuing response for address 415296
37553590: system.mem_ctrl: Attempting to send response
37553590: system.mem_ctrl: Have 0 read, 0 write, 0 responses outstanding
37906000: system.mem_ctrl: Enqueueing address 57216
[1;33m[1;35m [AddTransaction(RD)] cid: 0 clk: 40455 | READ | addr: 0XDF80[0m
[1;33m[1;35m [AddTransaction(RD)] cid: 1 clk: 40455 | READ | addr: 0XDFA0[0m
[1;33m[1;36m [AddCommand] cid: 0 clk: 40455 | READ | (address) rank: 0 bankgroup: 3 bank: 1 row: 0 column: 47 addr: 0XDF80[0m
[1;33m[1;36m [AddCommand] cid: 1 clk: 40455 | READ | (address) rank: 0 bankgroup: 3 bank: 1 row: 0 column: 47 addr: 0XDFA0[0m
[1;33m[1;36m [IssueCommand] cid: 0 clk: 40456 | ACTIVATE | (address) rank: 0 bankgroup: 3 bank: 1 row: 0 column: 47 addr: 0XDF80[0m
[1;33m[1;36m [IssueCommand] cid: 1 clk: 40456 | ACTIVATE | (address) rank: 0 bankgroup: 3 bank: 1 row: 0 column: 47 addr: 0XDFA0[0m
[1;33m[1;36m [IssueCommand] cid: 0 clk: 40475 | READ | (address) rank: 0 bankgroup: 3 bank: 1 row: 0 column: 47 addr: 0XDF80[0m
[1;33m[1;36m [IssueCommand] cid: 1 clk: 40475 | READ | (address) rank: 0 bankgroup: 3 bank: 1 row: 0 column: 47 addr: 0XDFA0[0m
[1;33m[1;35m [ReturnDoneRead] cid: 0 clk: 40500 | READ | addr: 0XDF80[0m
[1;33m[1;35m [ReturnDoneRead] cid: 1 clk: 40500 | READ | addr: 0XDFA0[0m
37948500: system.mem_ctrl: Read to address 57216 complete
37948500: system.mem_ctrl: Access for address 57216
37948500: system.mem_ctrl: Queuing response for address 57216
37956500: system.mem_ctrl: Attempting to send response
37956500: system.mem_ctrl: Have 0 read, 0 write, 0 responses outstanding
38043000: system.mem_ctrl: Enqueueing address 454208
[1;33m[1;35m [AddTransaction(RD)] cid: 2 clk: 40601 | READ | addr: 0X6EE40[0m
[1;33m[1;35m [AddTransaction(RD)] cid: 3 clk: 40601 | READ | addr: 0X6EE60[0m
[1;33m[1;36m [AddCommand] cid: 2 clk: 40601 | READ | (address) rank: 1 bankgroup: 0 bank: 1 row: 1 column: 55 addr: 0X6EE40[0m
[1;33m[1;36m [AddCommand] cid: 3 clk: 40601 | READ | (address) rank: 1 bankgroup: 0 bank: 1 row: 1 column: 55 addr: 0X6EE60[0m
[1;33m[1;36m [IssueCommand] cid: 2 clk: 40602 | READ | (address) rank: 1 bankgroup: 0 bank: 1 row: 1 column: 55 addr: 0X6EE40[0m
[1;33m[1;36m [IssueCommand] cid: 3 clk: 40602 | READ | (address) rank: 1 bankgroup: 0 bank: 1 row: 1 column: 55 addr: 0X6EE60[0m
[1;33m[1;35m [ReturnDoneRead] cid: 2 clk: 40627 | READ | addr: 0X6EE40[0m
[1;33m[1;35m [ReturnDoneRead] cid: 3 clk: 40627 | READ | addr: 0X6EE60[0m
38067499: system.mem_ctrl: Read to address 454208 complete
38067499: system.mem_ctrl: Access for address 454208
38067499: system.mem_ctrl: Queuing response for address 454208
38075499: system.mem_ctrl: Attempting to send response
38075499: system.mem_ctrl: Have 0 read, 0 write, 0 responses outstanding
38596000: system.mem_ctrl: Enqueueing address 197376
[1;33m[1;35m [AddTransaction(RD)] cid: 0 clk: 41192 | READ | addr: 0X30300[0m
[1;33m[1;35m [AddTransaction(RD)] cid: 1 clk: 41192 | READ | addr: 0X30320[0m
[1;33m[1;36m [AddCommand] cid: 0 clk: 41192 | READ | (address) rank: 1 bankgroup: 2 bank: 2 row: 0 column: 1 addr: 0X30300[0m
[1;33m[1;36m [AddCommand] cid: 1 clk: 41192 | READ | (address) rank: 1 bankgroup: 2 bank: 2 row: 0 column: 1 addr: 0X30320[0m
[1;33m[1;36m [IssueCommand] cid: 0 clk: 41193 | ACTIVATE | (address) rank: 1 bankgroup: 2 bank: 2 row: 0 column: 1 addr: 0X30300[0m
[1;33m[1;36m [IssueCommand] cid: 1 clk: 41193 | ACTIVATE | (address) rank: 1 bankgroup: 2 bank: 2 row: 0 column: 1 addr: 0X30320[0m
[1;33m[1;36m [IssueCommand] cid: 0 clk: 41212 | READ | (address) rank: 1 bankgroup: 2 bank: 2 row: 0 column: 1 addr: 0X30300[0m
[1;33m[1;36m [IssueCommand] cid: 1 clk: 41212 | READ | (address) rank: 1 bankgroup: 2 bank: 2 row: 0 column: 1 addr: 0X30320[0m
[1;33m[1;35m [ReturnDoneRead] cid: 0 clk: 41237 | READ | addr: 0X30300[0m
[1;33m[1;35m [ReturnDoneRead] cid: 1 clk: 41237 | READ | addr: 0X30320[0m
38639069: system.mem_ctrl: Read to address 197376 complete
38639069: system.mem_ctrl: Access for address 197376
38639069: system.mem_ctrl: Queuing response for address 197376
38647069: system.mem_ctrl: Attempting to send response
38647069: system.mem_ctrl: Have 0 read, 0 write, 0 responses outstanding
38748000: system.mem_ctrl: Enqueueing address 418368
[1;33m[1;35m [AddTransaction(RD)] cid: 2 clk: 41354 | READ | addr: 0X66240[0m
[1;33m[1;35m [AddTransaction(RD)] cid: 3 clk: 41354 | READ | addr: 0X66260[0m
[1;33m[1;36m [AddCommand] cid: 2 clk: 41354 | READ | (address) rank: 1 bankgroup: 0 bank: 0 row: 1 column: 49 addr: 0X66240[0m
[1;33m[1;36m [AddCommand] cid: 3 clk: 41354 | READ | (address) rank: 1 bankgroup: 0 bank: 0 row: 1 column: 49 addr: 0X66260[0m
[1;33m[1;36m [IssueCommand] cid: 2 clk: 41355 | READ | (address) rank: 1 bankgroup: 0 bank: 0 row: 1 column: 49 addr: 0X66240[0m
[1;33m[1;36m [IssueCommand] cid: 3 clk: 41355 | READ | (address) rank: 1 bankgroup: 0 bank: 0 row: 1 column: 49 addr: 0X66260[0m
[1;33m[1;35m [ReturnDoneRead] cid: 2 clk: 41380 | READ | addr: 0X66240[0m
[1;33m[1;35m [ReturnDoneRead] cid: 3 clk: 41380 | READ | addr: 0X66260[0m
38773060: system.mem_ctrl: Read to address 418368 complete
38773060: system.mem_ctrl: Access for address 418368
38773060: system.mem_ctrl: Queuing response for address 418368
38781060: system.mem_ctrl: Attempting to send response
38781060: system.mem_ctrl: Have 0 read, 0 write, 0 responses outstanding
38832000: system.mem_ctrl: Enqueueing address 418496
[1;33m[1;35m [AddTransaction(RD)] cid: 2 clk: 41443 | READ | addr: 0X662C0[0m
[1;33m[1;35m [AddTransaction(RD)] cid: 3 clk: 41443 | READ | addr: 0X662E0[0m
[1;33m[1;36m [AddCommand] cid: 2 clk: 41443 | READ | (address) rank: 1 bankgroup: 1 bank: 0 row: 1 column: 49 addr: 0X662C0[0m
[1;33m[1;36m [AddCommand] cid: 3 clk: 41443 | READ | (address) rank: 1 bankgroup: 1 bank: 0 row: 1 column: 49 addr: 0X662E0[0m
[1;33m[1;36m [IssueCommand] cid: 2 clk: 41444 | ACTIVATE | (address) rank: 1 bankgroup: 1 bank: 0 row: 1 column: 49 addr: 0X662C0[0m
[1;33m[1;36m [IssueCommand] cid: 3 clk: 41444 | ACTIVATE | (address) rank: 1 bankgroup: 1 bank: 0 row: 1 column: 49 addr: 0X662E0[0m
[1;33m[1;36m [IssueCommand] cid: 2 clk: 41463 | READ | (address) rank: 1 bankgroup: 1 bank: 0 row: 1 column: 49 addr: 0X662C0[0m
[1;33m[1;36m [IssueCommand] cid: 3 clk: 41463 | READ | (address) rank: 1 bankgroup: 1 bank: 0 row: 1 column: 49 addr: 0X662E0[0m
[1;33m[1;35m [ReturnDoneRead] cid: 2 clk: 41488 | READ | addr: 0X662C0[0m
[1;33m[1;35m [ReturnDoneRead] cid: 3 clk: 41488 | READ | addr: 0X662E0[0m
38874256: system.mem_ctrl: Read to address 418496 complete
38874256: system.mem_ctrl: Access for address 418496
38874256: system.mem_ctrl: Queuing response for address 418496
38882256: system.mem_ctrl: Attempting to send response
38882256: system.mem_ctrl: Have 0 read, 0 write, 0 responses outstanding
38933000: system.mem_ctrl: Enqueueing address 418304
[1;33m[1;35m [AddTransaction(RD)] cid: 0 clk: 41551 | READ | addr: 0X66200[0m
[1;33m[1;35m [AddTransaction(RD)] cid: 1 clk: 41551 | READ | addr: 0X66220[0m
[1;33m[1;36m [AddCommand] cid: 0 clk: 41551 | READ | (address) rank: 1 bankgroup: 0 bank: 0 row: 1 column: 49 addr: 0X66200[0m
[1;33m[1;36m [AddCommand] cid: 1 clk: 41551 | READ | (address) rank: 1 bankgroup: 0 bank: 0 row: 1 column: 49 addr: 0X66220[0m
[1;33m[1;36m [IssueCommand] cid: 0 clk: 41552 | ACTIVATE | (address) rank: 1 bankgroup: 0 bank: 0 row: 1 column: 49 addr: 0X66200[0m
[1;33m[1;36m [IssueCommand] cid: 1 clk: 41552 | ACTIVATE | (address) rank: 1 bankgroup: 0 bank: 0 row: 1 column: 49 addr: 0X66220[0m
[1;33m[1;36m [IssueCommand] cid: 0 clk: 41571 | READ | (address) rank: 1 bankgroup: 0 bank: 0 row: 1 column: 49 addr: 0X66200[0m
[1;33m[1;36m [IssueCommand] cid: 1 clk: 41571 | READ | (address) rank: 1 bankgroup: 0 bank: 0 row: 1 column: 49 addr: 0X66220[0m
[1;33m[1;35m [ReturnDoneRead] cid: 0 clk: 41596 | READ | addr: 0X66200[0m
[1;33m[1;35m [ReturnDoneRead] cid: 1 clk: 41596 | READ | addr: 0X66220[0m
38975452: system.mem_ctrl: Read to address 418304 complete
38975452: system.mem_ctrl: Access for address 418304
38975452: system.mem_ctrl: Queuing response for address 418304
38983452: system.mem_ctrl: Attempting to send response
38983452: system.mem_ctrl: Have 0 read, 0 write, 0 responses outstanding
39034000: system.mem_ctrl: Enqueueing address 18240
[1;33m[1;35m [AddTransaction(RD)] cid: 2 clk: 41659 | READ | addr: 0X4740[0m
[1;33m[1;35m [AddTransaction(RD)] cid: 3 clk: 41659 | READ | addr: 0X4760[0m
[1;33m[1;36m [AddCommand] cid: 2 clk: 41659 | READ | (address) rank: 0 bankgroup: 2 bank: 0 row: 0 column: 35 addr: 0X4740[0m
[1;33m[1;36m [AddCommand] cid: 3 clk: 41659 | READ | (address) rank: 0 bankgroup: 2 bank: 0 row: 0 column: 35 addr: 0X4760[0m
[1;33m[1;36m [IssueCommand] cid: 0 clk: 41660 | PRECHARGE | (address) rank: 1 bankgroup: 0 bank: 0 row: -1 column: -1 addr: 0XFFFFFFFFFFFFFFFF[0m
[1;33m[1;36m [IssueCommand] cid: 1 clk: 41660 | PRECHARGE | (address) rank: 1 bankgroup: 0 bank: 0 row: -1 column: -1 addr: 0XFFFFFFFFFFFFFFFF[0m
[1;33m[1;36m [IssueCommand] cid: 2 clk: 41660 | PRECHARGE | (address) rank: 1 bankgroup: 0 bank: 0 row: -1 column: -1 addr: 0XFFFFFFFFFFFFFFFF[0m
[1;33m[1;36m [IssueCommand] cid: 3 clk: 41660 | PRECHARGE | (address) rank: 1 bankgroup: 0 bank: 0 row: -1 column: -1 addr: 0XFFFFFFFFFFFFFFFF[0m
[1;33m[1;36m [IssueCommand] cid: 0 clk: 41661 | PRECHARGE | (address) rank: 1 bankgroup: 0 bank: 1 row: -1 column: -1 addr: 0XFFFFFFFFFFFFFFFF[0m
[1;33m[1;36m [IssueCommand] cid: 1 clk: 41661 | PRECHARGE | (address) rank: 1 bankgroup: 0 bank: 1 row: -1 column: -1 addr: 0XFFFFFFFFFFFFFFFF[0m
[1;33m[1;36m [IssueCommand] cid: 2 clk: 41661 | PRECHARGE | (address) rank: 1 bankgroup: 0 bank: 1 row: -1 column: -1 addr: 0XFFFFFFFFFFFFFFFF[0m
[1;33m[1;36m [IssueCommand] cid: 3 clk: 41661 | PRECHARGE | (address) rank: 1 bankgroup: 0 bank: 1 row: -1 column: -1 addr: 0XFFFFFFFFFFFFFFFF[0m
[1;33m[1;36m [IssueCommand] cid: 0 clk: 41662 | PRECHARGE | (address) rank: 1 bankgroup: 1 bank: 1 row: -1 column: -1 addr: 0XFFFFFFFFFFFFFFFF[0m
[1;33m[1;36m [IssueCommand] cid: 1 clk: 41662 | PRECHARGE | (address) rank: 1 bankgroup: 1 bank: 1 row: -1 column: -1 addr: 0XFFFFFFFFFFFFFFFF[0m
[1;33m[1;36m [IssueCommand] cid: 2 clk: 41662 | PRECHARGE | (address) rank: 1 bankgroup: 1 bank: 0 row: -1 column: -1 addr: 0XFFFFFFFFFFFFFFFF[0m
[1;33m[1;36m [IssueCommand] cid: 3 clk: 41662 | PRECHARGE | (address) rank: 1 bankgroup: 1 bank: 0 row: -1 column: -1 addr: 0XFFFFFFFFFFFFFFFF[0m
[1;33m[1;36m [IssueCommand] cid: 0 clk: 41663 | PRECHARGE | (address) rank: 1 bankgroup: 2 bank: 1 row: -1 column: -1 addr: 0XFFFFFFFFFFFFFFFF[0m
[1;33m[1;36m [IssueCommand] cid: 1 clk: 41663 | PRECHARGE | (address) rank: 1 bankgroup: 2 bank: 1 row: -1 column: -1 addr: 0XFFFFFFFFFFFFFFFF[0m
[1;33m[1;36m [IssueCommand] cid: 2 clk: 41663 | PRECHARGE | (address) rank: 1 bankgroup: 1 bank: 1 row: -1 column: -1 addr: 0XFFFFFFFFFFFFFFFF[0m
[1;33m[1;36m [IssueCommand] cid: 3 clk: 41663 | PRECHARGE | (address) rank: 1 bankgroup: 1 bank: 1 row: -1 column: -1 addr: 0XFFFFFFFFFFFFFFFF[0m
[1;33m[1;36m [IssueCommand] cid: 0 clk: 41664 | PRECHARGE | (address) rank: 1 bankgroup: 2 bank: 2 row: -1 column: -1 addr: 0XFFFFFFFFFFFFFFFF[0m
[1;33m[1;36m [IssueCommand] cid: 1 clk: 41664 | PRECHARGE | (address) rank: 1 bankgroup: 2 bank: 2 row: -1 column: -1 addr: 0XFFFFFFFFFFFFFFFF[0m
[1;33m[1;36m [IssueCommand] cid: 2 clk: 41664 | PRECHARGE | (address) rank: 1 bankgroup: 2 bank: 1 row: -1 column: -1 addr: 0XFFFFFFFFFFFFFFFF[0m
[1;33m[1;36m [IssueCommand] cid: 3 clk: 41664 | PRECHARGE | (address) rank: 1 bankgroup: 2 bank: 1 row: -1 column: -1 addr: 0XFFFFFFFFFFFFFFFF[0m
[1;33m[1;36m [IssueCommand] cid: 0 clk: 41665 | PRECHARGE | (address) rank: 1 bankgroup: 3 bank: 1 row: -1 column: -1 addr: 0XFFFFFFFFFFFFFFFF[0m
[1;33m[1;36m [IssueCommand] cid: 1 clk: 41665 | PRECHARGE | (address) rank: 1 bankgroup: 3 bank: 1 row: -1 column: -1 addr: 0XFFFFFFFFFFFFFFFF[0m
[1;33m[1;36m [IssueCommand] cid: 2 clk: 41665 | PRECHARGE | (address) rank: 1 bankgroup: 3 bank: 1 row: -1 column: -1 addr: 0XFFFFFFFFFFFFFFFF[0m
[1;33m[1;36m [IssueCommand] cid: 3 clk: 41665 | PRECHARGE | (address) rank: 1 bankgroup: 3 bank: 1 row: -1 column: -1 addr: 0XFFFFFFFFFFFFFFFF[0m
[1;33m[1;36m [IssueCommand] cid: 0 clk: 41684 | REFRESH | (address) rank: 1 bankgroup: -1 bank: -1 row: -1 column: -1 addr: 0XFFFFFFFFFFFFFFFF[0m
[1;33m[1;36m [IssueCommand] cid: 1 clk: 41684 | REFRESH | (address) rank: 1 bankgroup: -1 bank: -1 row: -1 column: -1 addr: 0XFFFFFFFFFFFFFFFF[0m
[1;33m[1;36m [IssueCommand] cid: 2 clk: 41684 | REFRESH | (address) rank: 1 bankgroup: -1 bank: -1 row: -1 column: -1 addr: 0XFFFFFFFFFFFFFFFF[0m
[1;33m[1;36m [IssueCommand] cid: 3 clk: 41684 | REFRESH | (address) rank: 1 bankgroup: -1 bank: -1 row: -1 column: -1 addr: 0XFFFFFFFFFFFFFFFF[0m
[1;33m[1;36m [IssueCommand] cid: 2 clk: 41685 | ACTIVATE | (address) rank: 0 bankgroup: 2 bank: 0 row: 0 column: 35 addr: 0X4740[0m
[1;33m[1;36m [IssueCommand] cid: 3 clk: 41685 | ACTIVATE | (address) rank: 0 bankgroup: 2 bank: 0 row: 0 column: 35 addr: 0X4760[0m
[1;33m[1;36m [IssueCommand] cid: 2 clk: 41704 | READ | (address) rank: 0 bankgroup: 2 bank: 0 row: 0 column: 35 addr: 0X4740[0m
[1;33m[1;36m [IssueCommand] cid: 3 clk: 41704 | READ | (address) rank: 0 bankgroup: 2 bank: 0 row: 0 column: 35 addr: 0X4760[0m
[1;33m[1;35m [ReturnDoneRead] cid: 2 clk: 41729 | READ | addr: 0X4740[0m
[1;33m[1;35m [ReturnDoneRead] cid: 3 clk: 41729 | READ | addr: 0X4760[0m
39100073: system.mem_ctrl: Read to address 18240 complete
39100073: system.mem_ctrl: Access for address 18240
39100073: system.mem_ctrl: Queuing response for address 18240
39108073: system.mem_ctrl: Attempting to send response
39108073: system.mem_ctrl: Have 0 read, 0 write, 0 responses outstanding
39203000: system.mem_ctrl: Enqueueing address 282112
[1;33m[1;35m [AddTransaction(RD)] cid: 0 clk: 41839 | READ | addr: 0X44E00[0m
[1;33m[1;35m [AddTransaction(RD)] cid: 1 clk: 41839 | READ | addr: 0X44E20[0m
[1;33m[1;36m [AddCommand] cid: 0 clk: 41839 | READ | (address) rank: 0 bankgroup: 0 bank: 0 row: 1 column: 39 addr: 0X44E00[0m
[1;33m[1;36m [AddCommand] cid: 1 clk: 41839 | READ | (address) rank: 0 bankgroup: 0 bank: 0 row: 1 column: 39 addr: 0X44E20[0m
[1;33m[1;36m [IssueCommand] cid: 0 clk: 41840 | ACTIVATE | (address) rank: 0 bankgroup: 0 bank: 0 row: 1 column: 39 addr: 0X44E00[0m
[1;33m[1;36m [IssueCommand] cid: 1 clk: 41840 | ACTIVATE | (address) rank: 0 bankgroup: 0 bank: 0 row: 1 column: 39 addr: 0X44E20[0m
[1;33m[1;36m [IssueCommand] cid: 0 clk: 41859 | READ | (address) rank: 0 bankgroup: 0 bank: 0 row: 1 column: 39 addr: 0X44E00[0m
[1;33m[1;36m [IssueCommand] cid: 1 clk: 41859 | READ | (address) rank: 0 bankgroup: 0 bank: 0 row: 1 column: 39 addr: 0X44E20[0m
[1;33m[1;35m [ReturnDoneRead] cid: 0 clk: 41884 | READ | addr: 0X44E00[0m
[1;33m[1;35m [ReturnDoneRead] cid: 1 clk: 41884 | READ | addr: 0X44E20[0m
39245308: system.mem_ctrl: Read to address 282112 complete
39245308: system.mem_ctrl: Access for address 282112
39245308: system.mem_ctrl: Queuing response for address 282112
39253308: system.mem_ctrl: Attempting to send response
39253308: system.mem_ctrl: Have 0 read, 0 write, 0 responses outstanding
39310000: system.mem_ctrl: Enqueueing address 18304
[1;33m[1;35m [AddTransaction(RD)] cid: 0 clk: 41954 | READ | addr: 0X4780[0m
[1;33m[1;35m [AddTransaction(RD)] cid: 1 clk: 41954 | READ | addr: 0X47A0[0m
[1;33m[1;36m [AddCommand] cid: 0 clk: 41954 | READ | (address) rank: 0 bankgroup: 3 bank: 0 row: 0 column: 35 addr: 0X4780[0m
[1;33m[1;36m [AddCommand] cid: 1 clk: 41954 | READ | (address) rank: 0 bankgroup: 3 bank: 0 row: 0 column: 35 addr: 0X47A0[0m
[1;33m[1;36m [IssueCommand] cid: 0 clk: 41955 | ACTIVATE | (address) rank: 0 bankgroup: 3 bank: 0 row: 0 column: 35 addr: 0X4780[0m
[1;33m[1;36m [IssueCommand] cid: 1 clk: 41955 | ACTIVATE | (address) rank: 0 bankgroup: 3 bank: 0 row: 0 column: 35 addr: 0X47A0[0m
[1;33m[1;36m [IssueCommand] cid: 0 clk: 41974 | READ | (address) rank: 0 bankgroup: 3 bank: 0 row: 0 column: 35 addr: 0X4780[0m
[1;33m[1;36m [IssueCommand] cid: 1 clk: 41974 | READ | (address) rank: 0 bankgroup: 3 bank: 0 row: 0 column: 35 addr: 0X47A0[0m
[1;33m[1;35m [ReturnDoneRead] cid: 0 clk: 41999 | READ | addr: 0X4780[0m
[1;33m[1;35m [ReturnDoneRead] cid: 1 clk: 41999 | READ | addr: 0X47A0[0m
39353063: system.mem_ctrl: Read to address 18304 complete
39353063: system.mem_ctrl: Access for address 18304
39353063: system.mem_ctrl: Queuing response for address 18304
39361063: system.mem_ctrl: Attempting to send response
39361063: system.mem_ctrl: Have 0 read, 0 write, 0 responses outstanding
39416000: system.mem_ctrl: Enqueueing address 18368
[1;33m[1;35m [AddTransaction(RD)] cid: 2 clk: 42067 | READ | addr: 0X47C0[0m
[1;33m[1;35m [AddTransaction(RD)] cid: 3 clk: 42067 | READ | addr: 0X47E0[0m
[1;33m[1;36m [AddCommand] cid: 2 clk: 42067 | READ | (address) rank: 0 bankgroup: 3 bank: 0 row: 0 column: 35 addr: 0X47C0[0m
[1;33m[1;36m [AddCommand] cid: 3 clk: 42067 | READ | (address) rank: 0 bankgroup: 3 bank: 0 row: 0 column: 35 addr: 0X47E0[0m
[1;33m[1;36m [IssueCommand] cid: 2 clk: 42068 | ACTIVATE | (address) rank: 0 bankgroup: 3 bank: 0 row: 0 column: 35 addr: 0X47C0[0m
[1;33m[1;36m [IssueCommand] cid: 3 clk: 42068 | ACTIVATE | (address) rank: 0 bankgroup: 3 bank: 0 row: 0 column: 35 addr: 0X47E0[0m
[1;33m[1;36m [IssueCommand] cid: 2 clk: 42087 | READ | (address) rank: 0 bankgroup: 3 bank: 0 row: 0 column: 35 addr: 0X47C0[0m
[1;33m[1;36m [IssueCommand] cid: 3 clk: 42087 | READ | (address) rank: 0 bankgroup: 3 bank: 0 row: 0 column: 35 addr: 0X47E0[0m
[1;33m[1;35m [ReturnDoneRead] cid: 2 clk: 42112 | READ | addr: 0X47C0[0m
[1;33m[1;35m [ReturnDoneRead] cid: 3 clk: 42112 | READ | addr: 0X47E0[0m
39458944: system.mem_ctrl: Read to address 18368 complete
39458944: system.mem_ctrl: Access for address 18368
39458944: system.mem_ctrl: Queuing response for address 18368
39466944: system.mem_ctrl: Attempting to send response
39466944: system.mem_ctrl: Have 0 read, 0 write, 0 responses outstanding
39515000: system.mem_ctrl: Enqueueing address 64768
[1;33m[1;35m [AddTransaction(RD)] cid: 0 clk: 42172 | READ | addr: 0XFD00[0m
[1;33m[1;35m [AddTransaction(RD)] cid: 1 clk: 42172 | READ | addr: 0XFD20[0m
[1;33m[1;36m [AddCommand] cid: 0 clk: 42172 | READ | (address) rank: 0 bankgroup: 2 bank: 1 row: 0 column: 62 addr: 0XFD00[0m
[1;33m[1;36m [AddCommand] cid: 1 clk: 42172 | READ | (address) rank: 0 bankgroup: 2 bank: 1 row: 0 column: 62 addr: 0XFD20[0m
[1;33m[1;36m [IssueCommand] cid: 0 clk: 42173 | ACTIVATE | (address) rank: 0 bankgroup: 2 bank: 1 row: 0 column: 62 addr: 0XFD00[0m
[1;33m[1;36m [IssueCommand] cid: 1 clk: 42173 | ACTIVATE | (address) rank: 0 bankgroup: 2 bank: 1 row: 0 column: 62 addr: 0XFD20[0m
[1;33m[1;36m [IssueCommand] cid: 0 clk: 42192 | READ | (address) rank: 0 bankgroup: 2 bank: 1 row: 0 column: 62 addr: 0XFD00[0m
[1;33m[1;36m [IssueCommand] cid: 1 clk: 42192 | READ | (address) rank: 0 bankgroup: 2 bank: 1 row: 0 column: 62 addr: 0XFD20[0m
[1;33m[1;35m [ReturnDoneRead] cid: 0 clk: 42217 | READ | addr: 0XFD00[0m
[1;33m[1;35m [ReturnDoneRead] cid: 1 clk: 42217 | READ | addr: 0XFD20[0m
39557329: system.mem_ctrl: Read to address 64768 complete
39557329: system.mem_ctrl: Access for address 64768
39557329: system.mem_ctrl: Queuing response for address 64768
39565329: system.mem_ctrl: Attempting to send response
39565329: system.mem_ctrl: Have 0 read, 0 write, 0 responses outstanding
39618000: system.mem_ctrl: Enqueueing address 64832
[1;33m[1;35m [AddTransaction(RD)] cid: 2 clk: 42282 | READ | addr: 0XFD40[0m
[1;33m[1;35m [AddTransaction(RD)] cid: 3 clk: 42282 | READ | addr: 0XFD60[0m
[1;33m[1;36m [AddCommand] cid: 2 clk: 42282 | READ | (address) rank: 0 bankgroup: 2 bank: 1 row: 0 column: 62 addr: 0XFD40[0m
[1;33m[1;36m [AddCommand] cid: 3 clk: 42282 | READ | (address) rank: 0 bankgroup: 2 bank: 1 row: 0 column: 62 addr: 0XFD60[0m
[1;33m[1;36m [IssueCommand] cid: 2 clk: 42283 | ACTIVATE | (address) rank: 0 bankgroup: 2 bank: 1 row: 0 column: 62 addr: 0XFD40[0m
[1;33m[1;36m [IssueCommand] cid: 3 clk: 42283 | ACTIVATE | (address) rank: 0 bankgroup: 2 bank: 1 row: 0 column: 62 addr: 0XFD60[0m
[1;33m[1;36m [IssueCommand] cid: 2 clk: 42302 | READ | (address) rank: 0 bankgroup: 2 bank: 1 row: 0 column: 62 addr: 0XFD40[0m
[1;33m[1;36m [IssueCommand] cid: 3 clk: 42302 | READ | (address) rank: 0 bankgroup: 2 bank: 1 row: 0 column: 62 addr: 0XFD60[0m
[1;33m[1;35m [ReturnDoneRead] cid: 2 clk: 42327 | READ | addr: 0XFD40[0m
[1;33m[1;35m [ReturnDoneRead] cid: 3 clk: 42327 | READ | addr: 0XFD60[0m
39660399: system.mem_ctrl: Read to address 64832 complete
39660399: system.mem_ctrl: Access for address 64832
39660399: system.mem_ctrl: Queuing response for address 64832
39668399: system.mem_ctrl: Attempting to send response
39668399: system.mem_ctrl: Have 0 read, 0 write, 0 responses outstanding
39725000: system.mem_ctrl: Enqueueing address 278592
[1;33m[1;35m [AddTransaction(RD)] cid: 2 clk: 42396 | READ | addr: 0X44040[0m
[1;33m[1;35m [AddTransaction(RD)] cid: 3 clk: 42396 | READ | addr: 0X44060[0m
[1;33m[1;36m [AddCommand] cid: 2 clk: 42396 | READ | (address) rank: 0 bankgroup: 0 bank: 0 row: 1 column: 32 addr: 0X44040[0m
[1;33m[1;36m [AddCommand] cid: 3 clk: 42396 | READ | (address) rank: 0 bankgroup: 0 bank: 0 row: 1 column: 32 addr: 0X44060[0m
[1;33m[1;36m [IssueCommand] cid: 2 clk: 42397 | ACTIVATE | (address) rank: 0 bankgroup: 0 bank: 0 row: 1 column: 32 addr: 0X44040[0m
[1;33m[1;36m [IssueCommand] cid: 3 clk: 42397 | ACTIVATE | (address) rank: 0 bankgroup: 0 bank: 0 row: 1 column: 32 addr: 0X44060[0m
[1;33m[1;36m [IssueCommand] cid: 2 clk: 42416 | READ | (address) rank: 0 bankgroup: 0 bank: 0 row: 1 column: 32 addr: 0X44040[0m
[1;33m[1;36m [IssueCommand] cid: 3 clk: 42416 | READ | (address) rank: 0 bankgroup: 0 bank: 0 row: 1 column: 32 addr: 0X44060[0m
[1;33m[1;35m [ReturnDoneRead] cid: 2 clk: 42441 | READ | addr: 0X44040[0m
[1;33m[1;35m [ReturnDoneRead] cid: 3 clk: 42441 | READ | addr: 0X44060[0m
39767217: system.mem_ctrl: Read to address 278592 complete
39767217: system.mem_ctrl: Access for address 278592
39767217: system.mem_ctrl: Queuing response for address 278592
39775217: system.mem_ctrl: Attempting to send response
39775217: system.mem_ctrl: Have 0 read, 0 write, 0 responses outstanding
39854000: system.mem_ctrl: Enqueueing address 64896
[1;33m[1;35m [AddTransaction(RD)] cid: 0 clk: 42534 | READ | addr: 0XFD80[0m
[1;33m[1;35m [AddTransaction(RD)] cid: 1 clk: 42534 | READ | addr: 0XFDA0[0m
[1;33m[1;36m [AddCommand] cid: 0 clk: 42534 | READ | (address) rank: 0 bankgroup: 3 bank: 1 row: 0 column: 62 addr: 0XFD80[0m
[1;33m[1;36m [AddCommand] cid: 1 clk: 42534 | READ | (address) rank: 0 bankgroup: 3 bank: 1 row: 0 column: 62 addr: 0XFDA0[0m
[1;33m[1;36m [IssueCommand] cid: 0 clk: 42535 | READ | (address) rank: 0 bankgroup: 3 bank: 1 row: 0 column: 62 addr: 0XFD80[0m
[1;33m[1;36m [IssueCommand] cid: 1 clk: 42535 | READ | (address) rank: 0 bankgroup: 3 bank: 1 row: 0 column: 62 addr: 0XFDA0[0m
[1;33m[1;35m [ReturnDoneRead] cid: 0 clk: 42560 | READ | addr: 0XFD80[0m
[1;33m[1;35m [ReturnDoneRead] cid: 1 clk: 42560 | READ | addr: 0XFDA0[0m
39878720: system.mem_ctrl: Read to address 64896 complete
39878720: system.mem_ctrl: Access for address 64896
39878720: system.mem_ctrl: Queuing response for address 64896
39886720: system.mem_ctrl: Attempting to send response
39886720: system.mem_ctrl: Have 0 read, 0 write, 0 responses outstanding
40053000: system.mem_ctrl: Enqueueing address 85312
[1;33m[1;35m [AddTransaction(RD)] cid: 2 clk: 42746 | READ | addr: 0X14D40[0m
[1;33m[1;35m [AddTransaction(RD)] cid: 3 clk: 42746 | READ | addr: 0X14D60[0m
[1;33m[1;36m [AddCommand] cid: 2 clk: 42746 | READ | (address) rank: 0 bankgroup: 2 bank: 2 row: 0 column: 38 addr: 0X14D40[0m
[1;33m[1;36m [AddCommand] cid: 3 clk: 42746 | READ | (address) rank: 0 bankgroup: 2 bank: 2 row: 0 column: 38 addr: 0X14D60[0m
[1;33m[1;36m [IssueCommand] cid: 2 clk: 42747 | ACTIVATE | (address) rank: 0 bankgroup: 2 bank: 2 row: 0 column: 38 addr: 0X14D40[0m
[1;33m[1;36m [IssueCommand] cid: 3 clk: 42747 | ACTIVATE | (address) rank: 0 bankgroup: 2 bank: 2 row: 0 column: 38 addr: 0X14D60[0m
[1;33m[1;36m [IssueCommand] cid: 2 clk: 42766 | READ | (address) rank: 0 bankgroup: 2 bank: 2 row: 0 column: 38 addr: 0X14D40[0m
[1;33m[1;36m [IssueCommand] cid: 3 clk: 42766 | READ | (address) rank: 0 bankgroup: 2 bank: 2 row: 0 column: 38 addr: 0X14D60[0m
[1;33m[1;35m [ReturnDoneRead] cid: 2 clk: 42791 | READ | addr: 0X14D40[0m
[1;33m[1;35m [ReturnDoneRead] cid: 3 clk: 42791 | READ | addr: 0X14D60[0m
40095167: system.mem_ctrl: Read to address 85312 complete
40095167: system.mem_ctrl: Access for address 85312
40095167: system.mem_ctrl: Queuing response for address 85312
40103167: system.mem_ctrl: Attempting to send response
40103167: system.mem_ctrl: Have 0 read, 0 write, 0 responses outstanding
40158000: system.mem_ctrl: Enqueueing address 86720
[1;33m[1;35m [AddTransaction(RD)] cid: 2 clk: 42859 | READ | addr: 0X152C0[0m
[1;33m[1;35m [AddTransaction(RD)] cid: 3 clk: 42859 | READ | addr: 0X152E0[0m
[1;33m[1;36m [AddCommand] cid: 2 clk: 42859 | READ | (address) rank: 0 bankgroup: 1 bank: 2 row: 0 column: 41 addr: 0X152C0[0m
[1;33m[1;36m [AddCommand] cid: 3 clk: 42859 | READ | (address) rank: 0 bankgroup: 1 bank: 2 row: 0 column: 41 addr: 0X152E0[0m
[1;33m[1;36m [IssueCommand] cid: 2 clk: 42860 | ACTIVATE | (address) rank: 0 bankgroup: 1 bank: 2 row: 0 column: 41 addr: 0X152C0[0m
[1;33m[1;36m [IssueCommand] cid: 3 clk: 42860 | ACTIVATE | (address) rank: 0 bankgroup: 1 bank: 2 row: 0 column: 41 addr: 0X152E0[0m
[1;33m[1;36m [IssueCommand] cid: 2 clk: 42879 | READ | (address) rank: 0 bankgroup: 1 bank: 2 row: 0 column: 41 addr: 0X152C0[0m
[1;33m[1;36m [IssueCommand] cid: 3 clk: 42879 | READ | (address) rank: 0 bankgroup: 1 bank: 2 row: 0 column: 41 addr: 0X152E0[0m
[1;33m[1;35m [ReturnDoneRead] cid: 2 clk: 42904 | READ | addr: 0X152C0[0m
[1;33m[1;35m [ReturnDoneRead] cid: 3 clk: 42904 | READ | addr: 0X152E0[0m
40201048: system.mem_ctrl: Read to address 86720 complete
40201048: system.mem_ctrl: Access for address 86720
40201048: system.mem_ctrl: Queuing response for address 86720
40209048: system.mem_ctrl: Attempting to send response
40209048: system.mem_ctrl: Have 0 read, 0 write, 0 responses outstanding
40278000: system.mem_ctrl: Enqueueing address 86784
[1;33m[1;35m [AddTransaction(RD)] cid: 0 clk: 42987 | READ | addr: 0X15300[0m
[1;33m[1;35m [AddTransaction(RD)] cid: 1 clk: 42987 | READ | addr: 0X15320[0m
[1;33m[1;36m [AddCommand] cid: 0 clk: 42987 | READ | (address) rank: 0 bankgroup: 2 bank: 2 row: 0 column: 41 addr: 0X15300[0m
[1;33m[1;36m [AddCommand] cid: 1 clk: 42987 | READ | (address) rank: 0 bankgroup: 2 bank: 2 row: 0 column: 41 addr: 0X15320[0m
[1;33m[1;36m [IssueCommand] cid: 0 clk: 42988 | ACTIVATE | (address) rank: 0 bankgroup: 2 bank: 2 row: 0 column: 41 addr: 0X15300[0m
[1;33m[1;36m [IssueCommand] cid: 1 clk: 42988 | ACTIVATE | (address) rank: 0 bankgroup: 2 bank: 2 row: 0 column: 41 addr: 0X15320[0m
[1;33m[1;36m [IssueCommand] cid: 0 clk: 43007 | READ | (address) rank: 0 bankgroup: 2 bank: 2 row: 0 column: 41 addr: 0X15300[0m
[1;33m[1;36m [IssueCommand] cid: 1 clk: 43007 | READ | (address) rank: 0 bankgroup: 2 bank: 2 row: 0 column: 41 addr: 0X15320[0m
[1;33m[1;35m [ReturnDoneRead] cid: 0 clk: 43032 | READ | addr: 0X15300[0m
[1;33m[1;35m [ReturnDoneRead] cid: 1 clk: 43032 | READ | addr: 0X15320[0m
40320984: system.mem_ctrl: Read to address 86784 complete
40320984: system.mem_ctrl: Access for address 86784
40320984: system.mem_ctrl: Queuing response for address 86784
40328984: system.mem_ctrl: Attempting to send response
40328984: system.mem_ctrl: Have 0 read, 0 write, 0 responses outstanding
40385000: system.mem_ctrl: Enqueueing address 86144
[1;33m[1;35m [AddTransaction(RD)] cid: 0 clk: 43101 | READ | addr: 0X15080[0m
[1;33m[1;35m [AddTransaction(RD)] cid: 1 clk: 43101 | READ | addr: 0X150A0[0m
[1;33m[1;36m [AddCommand] cid: 0 clk: 43101 | READ | (address) rank: 0 bankgroup: 1 bank: 2 row: 0 column: 40 addr: 0X15080[0m
[1;33m[1;36m [AddCommand] cid: 1 clk: 43101 | READ | (address) rank: 0 bankgroup: 1 bank: 2 row: 0 column: 40 addr: 0X150A0[0m
[1;33m[1;36m [IssueCommand] cid: 0 clk: 43102 | ACTIVATE | (address) rank: 0 bankgroup: 1 bank: 2 row: 0 column: 40 addr: 0X15080[0m
[1;33m[1;36m [IssueCommand] cid: 1 clk: 43102 | ACTIVATE | (address) rank: 0 bankgroup: 1 bank: 2 row: 0 column: 40 addr: 0X150A0[0m
[1;33m[1;36m [IssueCommand] cid: 0 clk: 43121 | READ | (address) rank: 0 bankgroup: 1 bank: 2 row: 0 column: 40 addr: 0X15080[0m
[1;33m[1;36m [IssueCommand] cid: 1 clk: 43121 | READ | (address) rank: 0 bankgroup: 1 bank: 2 row: 0 column: 40 addr: 0X150A0[0m
[1;33m[1;35m [ReturnDoneRead] cid: 0 clk: 43146 | READ | addr: 0X15080[0m
[1;33m[1;35m [ReturnDoneRead] cid: 1 clk: 43146 | READ | addr: 0X150A0[0m
40427802: system.mem_ctrl: Read to address 86144 complete
40427802: system.mem_ctrl: Access for address 86144
40427802: system.mem_ctrl: Queuing response for address 86144
40435802: system.mem_ctrl: Attempting to send response
40435802: system.mem_ctrl: Have 0 read, 0 write, 0 responses outstanding
40542000: system.mem_ctrl: Enqueueing address 282432
[1;33m[1;35m [AddTransaction(RD)] cid: 2 clk: 43268 | READ | addr: 0X44F40[0m
[1;33m[1;35m [AddTransaction(RD)] cid: 3 clk: 43268 | READ | addr: 0X44F60[0m
[1;33m[1;36m [AddCommand] cid: 2 clk: 43268 | READ | (address) rank: 0 bankgroup: 2 bank: 0 row: 1 column: 39 addr: 0X44F40[0m
[1;33m[1;36m [AddCommand] cid: 3 clk: 43268 | READ | (address) rank: 0 bankgroup: 2 bank: 0 row: 1 column: 39 addr: 0X44F60[0m
[1;33m[1;36m [IssueCommand] cid: 2 clk: 43269 | PRECHARGE | (address) rank: 0 bankgroup: 2 bank: 0 row: 1 column: 39 addr: 0X44F40[0m
[1;33m[1;36m [IssueCommand] cid: 3 clk: 43269 | PRECHARGE | (address) rank: 0 bankgroup: 2 bank: 0 row: 1 column: 39 addr: 0X44F60[0m
[1;33m[1;36m [IssueCommand] cid: 2 clk: 43288 | ACTIVATE | (address) rank: 0 bankgroup: 2 bank: 0 row: 1 column: 39 addr: 0X44F40[0m
[1;33m[1;36m [IssueCommand] cid: 3 clk: 43288 | ACTIVATE | (address) rank: 0 bankgroup: 2 bank: 0 row: 1 column: 39 addr: 0X44F60[0m
[1;33m[1;36m [IssueCommand] cid: 2 clk: 43307 | READ | (address) rank: 0 bankgroup: 2 bank: 0 row: 1 column: 39 addr: 0X44F40[0m
[1;33m[1;36m [IssueCommand] cid: 3 clk: 43307 | READ | (address) rank: 0 bankgroup: 2 bank: 0 row: 1 column: 39 addr: 0X44F60[0m
[1;33m[1;35m [ReturnDoneRead] cid: 2 clk: 43332 | READ | addr: 0X44F40[0m
[1;33m[1;35m [ReturnDoneRead] cid: 3 clk: 43332 | READ | addr: 0X44F60[0m
40602084: system.mem_ctrl: Read to address 282432 complete
40602084: system.mem_ctrl: Access for address 282432
40602084: system.mem_ctrl: Queuing response for address 282432
40610084: system.mem_ctrl: Attempting to send response
40610084: system.mem_ctrl: Have 0 read, 0 write, 0 responses outstanding
40869000: system.mem_ctrl: Enqueueing address 185088
[1;33m[1;35m [AddTransaction(RD)] cid: 0 clk: 43617 | READ | addr: 0X2D300[0m
[1;33m[1;35m [AddTransaction(RD)] cid: 1 clk: 43617 | READ | addr: 0X2D320[0m
[1;33m[1;36m [AddCommand] cid: 0 clk: 43617 | READ | (address) rank: 1 bankgroup: 2 bank: 1 row: 0 column: 41 addr: 0X2D300[0m
[1;33m[1;36m [AddCommand] cid: 1 clk: 43617 | READ | (address) rank: 1 bankgroup: 2 bank: 1 row: 0 column: 41 addr: 0X2D320[0m
[1;33m[1;36m [IssueCommand] cid: 0 clk: 43618 | ACTIVATE | (address) rank: 1 bankgroup: 2 bank: 1 row: 0 column: 41 addr: 0X2D300[0m
[1;33m[1;36m [IssueCommand] cid: 1 clk: 43618 | ACTIVATE | (address) rank: 1 bankgroup: 2 bank: 1 row: 0 column: 41 addr: 0X2D320[0m
[1;33m[1;36m [IssueCommand] cid: 0 clk: 43637 | READ | (address) rank: 1 bankgroup: 2 bank: 1 row: 0 column: 41 addr: 0X2D300[0m
[1;33m[1;36m [IssueCommand] cid: 1 clk: 43637 | READ | (address) rank: 1 bankgroup: 2 bank: 1 row: 0 column: 41 addr: 0X2D320[0m
[1;33m[1;35m [ReturnDoneRead] cid: 0 clk: 43662 | READ | addr: 0X2D300[0m
[1;33m[1;35m [ReturnDoneRead] cid: 1 clk: 43662 | READ | addr: 0X2D320[0m
40911294: system.mem_ctrl: Read to address 185088 complete
40911294: system.mem_ctrl: Access for address 185088
40911294: system.mem_ctrl: Queuing response for address 185088
40919294: system.mem_ctrl: Attempting to send response
40919294: system.mem_ctrl: Have 0 read, 0 write, 0 responses outstanding
[1;33m[1;36m [IssueCommand] cid: 0 clk: 43743 | PRECHARGE | (address) rank: 0 bankgroup: 0 bank: 0 row: -1 column: -1 addr: 0XFFFFFFFFFFFFFFFF[0m
[1;33m[1;36m [IssueCommand] cid: 1 clk: 43743 | PRECHARGE | (address) rank: 0 bankgroup: 0 bank: 0 row: -1 column: -1 addr: 0XFFFFFFFFFFFFFFFF[0m
[1;33m[1;36m [IssueCommand] cid: 2 clk: 43743 | PRECHARGE | (address) rank: 0 bankgroup: 0 bank: 0 row: -1 column: -1 addr: 0XFFFFFFFFFFFFFFFF[0m
[1;33m[1;36m [IssueCommand] cid: 3 clk: 43743 | PRECHARGE | (address) rank: 0 bankgroup: 0 bank: 0 row: -1 column: -1 addr: 0XFFFFFFFFFFFFFFFF[0m
[1;33m[1;36m [IssueCommand] cid: 0 clk: 43744 | PRECHARGE | (address) rank: 0 bankgroup: 0 bank: 1 row: -1 column: -1 addr: 0XFFFFFFFFFFFFFFFF[0m
[1;33m[1;36m [IssueCommand] cid: 1 clk: 43744 | PRECHARGE | (address) rank: 0 bankgroup: 0 bank: 1 row: -1 column: -1 addr: 0XFFFFFFFFFFFFFFFF[0m
[1;33m[1;36m [IssueCommand] cid: 2 clk: 43744 | PRECHARGE | (address) rank: 0 bankgroup: 1 bank: 2 row: -1 column: -1 addr: 0XFFFFFFFFFFFFFFFF[0m
[1;33m[1;36m [IssueCommand] cid: 3 clk: 43744 | PRECHARGE | (address) rank: 0 bankgroup: 1 bank: 2 row: -1 column: -1 addr: 0XFFFFFFFFFFFFFFFF[0m
[1;33m[1;36m [IssueCommand] cid: 0 clk: 43745 | PRECHARGE | (address) rank: 0 bankgroup: 1 bank: 2 row: -1 column: -1 addr: 0XFFFFFFFFFFFFFFFF[0m
[1;33m[1;36m [IssueCommand] cid: 1 clk: 43745 | PRECHARGE | (address) rank: 0 bankgroup: 1 bank: 2 row: -1 column: -1 addr: 0XFFFFFFFFFFFFFFFF[0m
[1;33m[1;36m [IssueCommand] cid: 2 clk: 43745 | PRECHARGE | (address) rank: 0 bankgroup: 2 bank: 0 row: -1 column: -1 addr: 0XFFFFFFFFFFFFFFFF[0m
[1;33m[1;36m [IssueCommand] cid: 3 clk: 43745 | PRECHARGE | (address) rank: 0 bankgroup: 2 bank: 0 row: -1 column: -1 addr: 0XFFFFFFFFFFFFFFFF[0m
[1;33m[1;36m [IssueCommand] cid: 0 clk: 43746 | PRECHARGE | (address) rank: 0 bankgroup: 2 bank: 1 row: -1 column: -1 addr: 0XFFFFFFFFFFFFFFFF[0m
[1;33m[1;36m [IssueCommand] cid: 1 clk: 43746 | PRECHARGE | (address) rank: 0 bankgroup: 2 bank: 1 row: -1 column: -1 addr: 0XFFFFFFFFFFFFFFFF[0m
[1;33m[1;36m [IssueCommand] cid: 2 clk: 43746 | PRECHARGE | (address) rank: 0 bankgroup: 2 bank: 1 row: -1 column: -1 addr: 0XFFFFFFFFFFFFFFFF[0m
[1;33m[1;36m [IssueCommand] cid: 3 clk: 43746 | PRECHARGE | (address) rank: 0 bankgroup: 2 bank: 1 row: -1 column: -1 addr: 0XFFFFFFFFFFFFFFFF[0m
[1;33m[1;36m [IssueCommand] cid: 0 clk: 43747 | PRECHARGE | (address) rank: 0 bankgroup: 2 bank: 2 row: -1 column: -1 addr: 0XFFFFFFFFFFFFFFFF[0m
[1;33m[1;36m [IssueCommand] cid: 1 clk: 43747 | PRECHARGE | (address) rank: 0 bankgroup: 2 bank: 2 row: -1 column: -1 addr: 0XFFFFFFFFFFFFFFFF[0m
[1;33m[1;36m [IssueCommand] cid: 2 clk: 43747 | PRECHARGE | (address) rank: 0 bankgroup: 2 bank: 2 row: -1 column: -1 addr: 0XFFFFFFFFFFFFFFFF[0m
[1;33m[1;36m [IssueCommand] cid: 3 clk: 43747 | PRECHARGE | (address) rank: 0 bankgroup: 2 bank: 2 row: -1 column: -1 addr: 0XFFFFFFFFFFFFFFFF[0m
[1;33m[1;36m [IssueCommand] cid: 0 clk: 43748 | PRECHARGE | (address) rank: 0 bankgroup: 3 bank: 0 row: -1 column: -1 addr: 0XFFFFFFFFFFFFFFFF[0m
[1;33m[1;36m [IssueCommand] cid: 1 clk: 43748 | PRECHARGE | (address) rank: 0 bankgroup: 3 bank: 0 row: -1 column: -1 addr: 0XFFFFFFFFFFFFFFFF[0m
[1;33m[1;36m [IssueCommand] cid: 2 clk: 43748 | PRECHARGE | (address) rank: 0 bankgroup: 3 bank: 0 row: -1 column: -1 addr: 0XFFFFFFFFFFFFFFFF[0m
[1;33m[1;36m [IssueCommand] cid: 3 clk: 43748 | PRECHARGE | (address) rank: 0 bankgroup: 3 bank: 0 row: -1 column: -1 addr: 0XFFFFFFFFFFFFFFFF[0m
[1;33m[1;36m [IssueCommand] cid: 0 clk: 43749 | PRECHARGE | (address) rank: 0 bankgroup: 3 bank: 1 row: -1 column: -1 addr: 0XFFFFFFFFFFFFFFFF[0m
[1;33m[1;36m [IssueCommand] cid: 1 clk: 43749 | PRECHARGE | (address) rank: 0 bankgroup: 3 bank: 1 row: -1 column: -1 addr: 0XFFFFFFFFFFFFFFFF[0m
41006000: system.mem_ctrl: Enqueueing address 185152
[1;33m[1;35m [AddTransaction(RD)] cid: 2 clk: 43764 | READ | addr: 0X2D340[0m
[1;33m[1;35m [AddTransaction(RD)] cid: 3 clk: 43764 | READ | addr: 0X2D360[0m
[1;33m[1;36m [AddCommand] cid: 2 clk: 43764 | READ | (address) rank: 1 bankgroup: 2 bank: 1 row: 0 column: 41 addr: 0X2D340[0m
[1;33m[1;36m [AddCommand] cid: 3 clk: 43764 | READ | (address) rank: 1 bankgroup: 2 bank: 1 row: 0 column: 41 addr: 0X2D360[0m
[1;33m[1;36m [IssueCommand] cid: 2 clk: 43767 | REFRESH | (address) rank: 0 bankgroup: -1 bank: -1 row: -1 column: -1 addr: 0XFFFFFFFFFFFFFFFF[0m
[1;33m[1;36m [IssueCommand] cid: 3 clk: 43767 | REFRESH | (address) rank: 0 bankgroup: -1 bank: -1 row: -1 column: -1 addr: 0XFFFFFFFFFFFFFFFF[0m
[1;33m[1;36m [IssueCommand] cid: 0 clk: 43768 | REFRESH | (address) rank: 0 bankgroup: -1 bank: -1 row: -1 column: -1 addr: 0XFFFFFFFFFFFFFFFF[0m
[1;33m[1;36m [IssueCommand] cid: 1 clk: 43768 | REFRESH | (address) rank: 0 bankgroup: -1 bank: -1 row: -1 column: -1 addr: 0XFFFFFFFFFFFFFFFF[0m
[1;33m[1;36m [IssueCommand] cid: 2 clk: 43768 | ACTIVATE | (address) rank: 1 bankgroup: 2 bank: 1 row: 0 column: 41 addr: 0X2D340[0m
[1;33m[1;36m [IssueCommand] cid: 3 clk: 43768 | ACTIVATE | (address) rank: 1 bankgroup: 2 bank: 1 row: 0 column: 41 addr: 0X2D360[0m
[1;33m[1;36m [IssueCommand] cid: 2 clk: 43787 | READ | (address) rank: 1 bankgroup: 2 bank: 1 row: 0 column: 41 addr: 0X2D340[0m
[1;33m[1;36m [IssueCommand] cid: 3 clk: 43787 | READ | (address) rank: 1 bankgroup: 2 bank: 1 row: 0 column: 41 addr: 0X2D360[0m
[1;33m[1;35m [ReturnDoneRead] cid: 2 clk: 43812 | READ | addr: 0X2D340[0m
[1;33m[1;35m [ReturnDoneRead] cid: 3 clk: 43812 | READ | addr: 0X2D360[0m
41051844: system.mem_ctrl: Read to address 185152 complete
41051844: system.mem_ctrl: Access for address 185152
41051844: system.mem_ctrl: Queuing response for address 185152
41059844: system.mem_ctrl: Attempting to send response
41059844: system.mem_ctrl: Have 0 read, 0 write, 0 responses outstanding
41262000: system.mem_ctrl: Enqueueing address 449792
[1;33m[1;35m [AddTransaction(RD)] cid: 0 clk: 44037 | READ | addr: 0X6DD00[0m
[1;33m[1;35m [AddTransaction(RD)] cid: 1 clk: 44037 | READ | addr: 0X6DD20[0m
[1;33m[1;36m [AddCommand] cid: 0 clk: 44037 | READ | (address) rank: 1 bankgroup: 2 bank: 1 row: 1 column: 46 addr: 0X6DD00[0m
[1;33m[1;36m [AddCommand] cid: 1 clk: 44037 | READ | (address) rank: 1 bankgroup: 2 bank: 1 row: 1 column: 46 addr: 0X6DD20[0m
[1;33m[1;36m [IssueCommand] cid: 0 clk: 44038 | PRECHARGE | (address) rank: 1 bankgroup: 2 bank: 1 row: 1 column: 46 addr: 0X6DD00[0m
[1;33m[1;36m [IssueCommand] cid: 1 clk: 44038 | PRECHARGE | (address) rank: 1 bankgroup: 2 bank: 1 row: 1 column: 46 addr: 0X6DD20[0m
[1;33m[1;36m [IssueCommand] cid: 0 clk: 44057 | ACTIVATE | (address) rank: 1 bankgroup: 2 bank: 1 row: 1 column: 46 addr: 0X6DD00[0m
[1;33m[1;36m [IssueCommand] cid: 1 clk: 44057 | ACTIVATE | (address) rank: 1 bankgroup: 2 bank: 1 row: 1 column: 46 addr: 0X6DD20[0m
[1;33m[1;36m [IssueCommand] cid: 0 clk: 44076 | READ | (address) rank: 1 bankgroup: 2 bank: 1 row: 1 column: 46 addr: 0X6DD00[0m
[1;33m[1;36m [IssueCommand] cid: 1 clk: 44076 | READ | (address) rank: 1 bankgroup: 2 bank: 1 row: 1 column: 46 addr: 0X6DD20[0m
[1;33m[1;35m [ReturnDoneRead] cid: 0 clk: 44101 | READ | addr: 0X6DD00[0m
[1;33m[1;35m [ReturnDoneRead] cid: 1 clk: 44101 | READ | addr: 0X6DD20[0m
41322637: system.mem_ctrl: Read to address 449792 complete
41322637: system.mem_ctrl: Access for address 449792
41322637: system.mem_ctrl: Queuing response for address 449792
41330637: system.mem_ctrl: Attempting to send response
41330637: system.mem_ctrl: Have 0 read, 0 write, 0 responses outstanding
41509000: system.mem_ctrl: Enqueueing address 449728
[1;33m[1;35m [AddTransaction(RD)] cid: 2 clk: 44300 | READ | addr: 0X6DCC0[0m
[1;33m[1;35m [AddTransaction(RD)] cid: 3 clk: 44300 | READ | addr: 0X6DCE0[0m
[1;33m[1;36m [AddCommand] cid: 2 clk: 44300 | READ | (address) rank: 1 bankgroup: 1 bank: 1 row: 1 column: 46 addr: 0X6DCC0[0m
[1;33m[1;36m [AddCommand] cid: 3 clk: 44300 | READ | (address) rank: 1 bankgroup: 1 bank: 1 row: 1 column: 46 addr: 0X6DCE0[0m
[1;33m[1;36m [IssueCommand] cid: 2 clk: 44301 | ACTIVATE | (address) rank: 1 bankgroup: 1 bank: 1 row: 1 column: 46 addr: 0X6DCC0[0m
[1;33m[1;36m [IssueCommand] cid: 3 clk: 44301 | ACTIVATE | (address) rank: 1 bankgroup: 1 bank: 1 row: 1 column: 46 addr: 0X6DCE0[0m
[1;33m[1;36m [IssueCommand] cid: 2 clk: 44320 | READ | (address) rank: 1 bankgroup: 1 bank: 1 row: 1 column: 46 addr: 0X6DCC0[0m
[1;33m[1;36m [IssueCommand] cid: 3 clk: 44320 | READ | (address) rank: 1 bankgroup: 1 bank: 1 row: 1 column: 46 addr: 0X6DCE0[0m
[1;33m[1;35m [ReturnDoneRead] cid: 2 clk: 44345 | READ | addr: 0X6DCC0[0m
[1;33m[1;35m [ReturnDoneRead] cid: 3 clk: 44345 | READ | addr: 0X6DCE0[0m
41551265: system.mem_ctrl: Read to address 449728 complete
41551265: system.mem_ctrl: Access for address 449728
41551265: system.mem_ctrl: Queuing response for address 449728
41559265: system.mem_ctrl: Attempting to send response
41559265: system.mem_ctrl: Have 0 read, 0 write, 0 responses outstanding
41634000: system.mem_ctrl: Enqueueing address 449664
[1;33m[1;35m [AddTransaction(RD)] cid: 0 clk: 44434 | READ | addr: 0X6DC80[0m
[1;33m[1;35m [AddTransaction(RD)] cid: 1 clk: 44434 | READ | addr: 0X6DCA0[0m
[1;33m[1;36m [AddCommand] cid: 0 clk: 44434 | READ | (address) rank: 1 bankgroup: 1 bank: 1 row: 1 column: 46 addr: 0X6DC80[0m
[1;33m[1;36m [AddCommand] cid: 1 clk: 44434 | READ | (address) rank: 1 bankgroup: 1 bank: 1 row: 1 column: 46 addr: 0X6DCA0[0m
[1;33m[1;36m [IssueCommand] cid: 0 clk: 44435 | ACTIVATE | (address) rank: 1 bankgroup: 1 bank: 1 row: 1 column: 46 addr: 0X6DC80[0m
[1;33m[1;36m [IssueCommand] cid: 1 clk: 44435 | ACTIVATE | (address) rank: 1 bankgroup: 1 bank: 1 row: 1 column: 46 addr: 0X6DCA0[0m
[1;33m[1;36m [IssueCommand] cid: 0 clk: 44454 | READ | (address) rank: 1 bankgroup: 1 bank: 1 row: 1 column: 46 addr: 0X6DC80[0m
[1;33m[1;36m [IssueCommand] cid: 1 clk: 44454 | READ | (address) rank: 1 bankgroup: 1 bank: 1 row: 1 column: 46 addr: 0X6DCA0[0m
[1;33m[1;35m [ReturnDoneRead] cid: 0 clk: 44479 | READ | addr: 0X6DC80[0m
[1;33m[1;35m [ReturnDoneRead] cid: 1 clk: 44479 | READ | addr: 0X6DCA0[0m
41676823: system.mem_ctrl: Read to address 449664 complete
41676823: system.mem_ctrl: Access for address 449664
41676823: system.mem_ctrl: Queuing response for address 449664
41684823: system.mem_ctrl: Attempting to send response
41684823: system.mem_ctrl: Have 0 read, 0 write, 0 responses outstanding
42013000: system.mem_ctrl: Enqueueing address 454272
[1;33m[1;35m [AddTransaction(RD)] cid: 0 clk: 44838 | READ | addr: 0X6EE80[0m
[1;33m[1;35m [AddTransaction(RD)] cid: 1 clk: 44838 | READ | addr: 0X6EEA0[0m
[1;33m[1;36m [AddCommand] cid: 0 clk: 44838 | READ | (address) rank: 1 bankgroup: 1 bank: 1 row: 1 column: 55 addr: 0X6EE80[0m
[1;33m[1;36m [AddCommand] cid: 1 clk: 44838 | READ | (address) rank: 1 bankgroup: 1 bank: 1 row: 1 column: 55 addr: 0X6EEA0[0m
[1;33m[1;36m [IssueCommand] cid: 0 clk: 44839 | READ | (address) rank: 1 bankgroup: 1 bank: 1 row: 1 column: 55 addr: 0X6EE80[0m
[1;33m[1;36m [IssueCommand] cid: 1 clk: 44839 | READ | (address) rank: 1 bankgroup: 1 bank: 1 row: 1 column: 55 addr: 0X6EEA0[0m
[1;33m[1;35m [ReturnDoneRead] cid: 0 clk: 44864 | READ | addr: 0X6EE80[0m
[1;33m[1;35m [ReturnDoneRead] cid: 1 clk: 44864 | READ | addr: 0X6EEA0[0m
42037568: system.mem_ctrl: Read to address 454272 complete
42037568: system.mem_ctrl: Access for address 454272
42037568: system.mem_ctrl: Queuing response for address 454272
42045568: system.mem_ctrl: Attempting to send response
42045568: system.mem_ctrl: Have 0 read, 0 write, 0 responses outstanding
42220000: system.mem_ctrl: Enqueueing address 413440
[1;33m[1;35m [AddTransaction(RD)] cid: 0 clk: 45059 | READ | addr: 0X64F00[0m
[1;33m[1;35m [AddTransaction(RD)] cid: 1 clk: 45059 | READ | addr: 0X64F20[0m
[1;33m[1;36m [AddCommand] cid: 0 clk: 45059 | READ | (address) rank: 1 bankgroup: 2 bank: 0 row: 1 column: 39 addr: 0X64F00[0m
[1;33m[1;36m [AddCommand] cid: 1 clk: 45059 | READ | (address) rank: 1 bankgroup: 2 bank: 0 row: 1 column: 39 addr: 0X64F20[0m
[1;33m[1;36m [IssueCommand] cid: 0 clk: 45060 | ACTIVATE | (address) rank: 1 bankgroup: 2 bank: 0 row: 1 column: 39 addr: 0X64F00[0m
[1;33m[1;36m [IssueCommand] cid: 1 clk: 45060 | ACTIVATE | (address) rank: 1 bankgroup: 2 bank: 0 row: 1 column: 39 addr: 0X64F20[0m
[1;33m[1;36m [IssueCommand] cid: 0 clk: 45079 | READ | (address) rank: 1 bankgroup: 2 bank: 0 row: 1 column: 39 addr: 0X64F00[0m
[1;33m[1;36m [IssueCommand] cid: 1 clk: 45079 | READ | (address) rank: 1 bankgroup: 2 bank: 0 row: 1 column: 39 addr: 0X64F20[0m
[1;33m[1;35m [ReturnDoneRead] cid: 0 clk: 45104 | READ | addr: 0X64F00[0m
[1;33m[1;35m [ReturnDoneRead] cid: 1 clk: 45104 | READ | addr: 0X64F20[0m
42262448: system.mem_ctrl: Read to address 413440 complete
42262448: system.mem_ctrl: Access for address 413440
42262448: system.mem_ctrl: Queuing response for address 413440
42270448: system.mem_ctrl: Attempting to send response
42270448: system.mem_ctrl: Have 0 read, 0 write, 0 responses outstanding
42911000: system.mem_ctrl: Enqueueing address 454592
[1;33m[1;35m [AddTransaction(RD)] cid: 2 clk: 45797 | READ | addr: 0X6EFC0[0m
[1;33m[1;35m [AddTransaction(RD)] cid: 3 clk: 45797 | READ | addr: 0X6EFE0[0m
[1;33m[1;36m [AddCommand] cid: 2 clk: 45797 | READ | (address) rank: 1 bankgroup: 3 bank: 1 row: 1 column: 55 addr: 0X6EFC0[0m
[1;33m[1;36m [AddCommand] cid: 3 clk: 45797 | READ | (address) rank: 1 bankgroup: 3 bank: 1 row: 1 column: 55 addr: 0X6EFE0[0m
[1;33m[1;36m [IssueCommand] cid: 2 clk: 45798 | ACTIVATE | (address) rank: 1 bankgroup: 3 bank: 1 row: 1 column: 55 addr: 0X6EFC0[0m
[1;33m[1;36m [IssueCommand] cid: 3 clk: 45798 | ACTIVATE | (address) rank: 1 bankgroup: 3 bank: 1 row: 1 column: 55 addr: 0X6EFE0[0m
[1;33m[1;36m [IssueCommand] cid: 2 clk: 45817 | READ | (address) rank: 1 bankgroup: 3 bank: 1 row: 1 column: 55 addr: 0X6EFC0[0m
[1;33m[1;36m [IssueCommand] cid: 3 clk: 45817 | READ | (address) rank: 1 bankgroup: 3 bank: 1 row: 1 column: 55 addr: 0X6EFE0[0m
[1;33m[1;36m [IssueCommand] cid: 0 clk: 45826 | PRECHARGE | (address) rank: 1 bankgroup: 1 bank: 1 row: -1 column: -1 addr: 0XFFFFFFFFFFFFFFFF[0m
[1;33m[1;36m [IssueCommand] cid: 1 clk: 45826 | PRECHARGE | (address) rank: 1 bankgroup: 1 bank: 1 row: -1 column: -1 addr: 0XFFFFFFFFFFFFFFFF[0m
[1;33m[1;36m [IssueCommand] cid: 2 clk: 45826 | PRECHARGE | (address) rank: 1 bankgroup: 1 bank: 1 row: -1 column: -1 addr: 0XFFFFFFFFFFFFFFFF[0m
[1;33m[1;36m [IssueCommand] cid: 3 clk: 45826 | PRECHARGE | (address) rank: 1 bankgroup: 1 bank: 1 row: -1 column: -1 addr: 0XFFFFFFFFFFFFFFFF[0m
[1;33m[1;36m [IssueCommand] cid: 0 clk: 45827 | PRECHARGE | (address) rank: 1 bankgroup: 2 bank: 0 row: -1 column: -1 addr: 0XFFFFFFFFFFFFFFFF[0m
[1;33m[1;36m [IssueCommand] cid: 1 clk: 45827 | PRECHARGE | (address) rank: 1 bankgroup: 2 bank: 0 row: -1 column: -1 addr: 0XFFFFFFFFFFFFFFFF[0m
[1;33m[1;36m [IssueCommand] cid: 2 clk: 45827 | PRECHARGE | (address) rank: 1 bankgroup: 2 bank: 1 row: -1 column: -1 addr: 0XFFFFFFFFFFFFFFFF[0m
[1;33m[1;36m [IssueCommand] cid: 3 clk: 45827 | PRECHARGE | (address) rank: 1 bankgroup: 2 bank: 1 row: -1 column: -1 addr: 0XFFFFFFFFFFFFFFFF[0m
[1;33m[1;36m [IssueCommand] cid: 0 clk: 45828 | PRECHARGE | (address) rank: 1 bankgroup: 2 bank: 1 row: -1 column: -1 addr: 0XFFFFFFFFFFFFFFFF[0m
[1;33m[1;36m [IssueCommand] cid: 1 clk: 45828 | PRECHARGE | (address) rank: 1 bankgroup: 2 bank: 1 row: -1 column: -1 addr: 0XFFFFFFFFFFFFFFFF[0m
[1;33m[1;36m [IssueCommand] cid: 2 clk: 45828 | PRECHARGE | (address) rank: 1 bankgroup: 3 bank: 1 row: -1 column: -1 addr: 0XFFFFFFFFFFFFFFFF[0m
[1;33m[1;36m [IssueCommand] cid: 3 clk: 45828 | PRECHARGE | (address) rank: 1 bankgroup: 3 bank: 1 row: -1 column: -1 addr: 0XFFFFFFFFFFFFFFFF[0m
[1;33m[1;35m [ReturnDoneRead] cid: 2 clk: 45842 | READ | addr: 0X6EFC0[0m
[1;33m[1;35m [ReturnDoneRead] cid: 3 clk: 45842 | READ | addr: 0X6EFE0[0m
42953954: system.mem_ctrl: Read to address 454592 complete
42953954: system.mem_ctrl: Access for address 454592
42953954: system.mem_ctrl: Queuing response for address 454592
[1;33m[1;36m [IssueCommand] cid: 0 clk: 45847 | REFRESH | (address) rank: 1 bankgroup: -1 bank: -1 row: -1 column: -1 addr: 0XFFFFFFFFFFFFFFFF[0m
[1;33m[1;36m [IssueCommand] cid: 1 clk: 45847 | REFRESH | (address) rank: 1 bankgroup: -1 bank: -1 row: -1 column: -1 addr: 0XFFFFFFFFFFFFFFFF[0m
[1;33m[1;36m [IssueCommand] cid: 2 clk: 45847 | REFRESH | (address) rank: 1 bankgroup: -1 bank: -1 row: -1 column: -1 addr: 0XFFFFFFFFFFFFFFFF[0m
[1;33m[1;36m [IssueCommand] cid: 3 clk: 45847 | REFRESH | (address) rank: 1 bankgroup: -1 bank: -1 row: -1 column: -1 addr: 0XFFFFFFFFFFFFFFFF[0m
42961954: system.mem_ctrl: Attempting to send response
42961954: system.mem_ctrl: Have 0 read, 0 write, 0 responses outstanding
43154000: system.mem_ctrl: Enqueueing address 413504
[1;33m[1;35m [AddTransaction(RD)] cid: 2 clk: 46056 | READ | addr: 0X64F40[0m
[1;33m[1;35m [AddTransaction(RD)] cid: 3 clk: 46056 | READ | addr: 0X64F60[0m
[1;33m[1;36m [AddCommand] cid: 2 clk: 46056 | READ | (address) rank: 1 bankgroup: 2 bank: 0 row: 1 column: 39 addr: 0X64F40[0m
[1;33m[1;36m [AddCommand] cid: 3 clk: 46056 | READ | (address) rank: 1 bankgroup: 2 bank: 0 row: 1 column: 39 addr: 0X64F60[0m
[1;33m[1;36m [IssueCommand] cid: 2 clk: 46146 | ACTIVATE | (address) rank: 1 bankgroup: 2 bank: 0 row: 1 column: 39 addr: 0X64F40[0m
[1;33m[1;36m [IssueCommand] cid: 3 clk: 46146 | ACTIVATE | (address) rank: 1 bankgroup: 2 bank: 0 row: 1 column: 39 addr: 0X64F60[0m
[1;33m[1;36m [IssueCommand] cid: 2 clk: 46165 | READ | (address) rank: 1 bankgroup: 2 bank: 0 row: 1 column: 39 addr: 0X64F40[0m
[1;33m[1;36m [IssueCommand] cid: 3 clk: 46165 | READ | (address) rank: 1 bankgroup: 2 bank: 0 row: 1 column: 39 addr: 0X64F60[0m
[1;33m[1;35m [ReturnDoneRead] cid: 2 clk: 46190 | READ | addr: 0X64F40[0m
[1;33m[1;35m [ReturnDoneRead] cid: 3 clk: 46190 | READ | addr: 0X64F60[0m
43280030: system.mem_ctrl: Read to address 413504 complete
43280030: system.mem_ctrl: Access for address 413504
43280030: system.mem_ctrl: Queuing response for address 413504
43288030: system.mem_ctrl: Attempting to send response
43288030: system.mem_ctrl: Have 0 read, 0 write, 0 responses outstanding
43341000: system.mem_ctrl: Enqueueing address 185216
[1;33m[1;35m [AddTransaction(RD)] cid: 0 clk: 46256 | READ | addr: 0X2D380[0m
[1;33m[1;35m [AddTransaction(RD)] cid: 1 clk: 46256 | READ | addr: 0X2D3A0[0m
[1;33m[1;36m [AddCommand] cid: 0 clk: 46256 | READ | (address) rank: 1 bankgroup: 3 bank: 1 row: 0 column: 41 addr: 0X2D380[0m
[1;33m[1;36m [AddCommand] cid: 1 clk: 46256 | READ | (address) rank: 1 bankgroup: 3 bank: 1 row: 0 column: 41 addr: 0X2D3A0[0m
[1;33m[1;36m [IssueCommand] cid: 0 clk: 46257 | ACTIVATE | (address) rank: 1 bankgroup: 3 bank: 1 row: 0 column: 41 addr: 0X2D380[0m
[1;33m[1;36m [IssueCommand] cid: 1 clk: 46257 | ACTIVATE | (address) rank: 1 bankgroup: 3 bank: 1 row: 0 column: 41 addr: 0X2D3A0[0m
[1;33m[1;36m [IssueCommand] cid: 0 clk: 46276 | READ | (address) rank: 1 bankgroup: 3 bank: 1 row: 0 column: 41 addr: 0X2D380[0m
[1;33m[1;36m [IssueCommand] cid: 1 clk: 46276 | READ | (address) rank: 1 bankgroup: 3 bank: 1 row: 0 column: 41 addr: 0X2D3A0[0m
[1;33m[1;35m [ReturnDoneRead] cid: 0 clk: 46301 | READ | addr: 0X2D380[0m
[1;33m[1;35m [ReturnDoneRead] cid: 1 clk: 46301 | READ | addr: 0X2D3A0[0m
43384037: system.mem_ctrl: Read to address 185216 complete
43384037: system.mem_ctrl: Access for address 185216
43384037: system.mem_ctrl: Queuing response for address 185216
43392037: system.mem_ctrl: Attempting to send response
43392037: system.mem_ctrl: Have 0 read, 0 write, 0 responses outstanding
43447000: system.mem_ctrl: Enqueueing address 454336
[1;33m[1;35m [AddTransaction(RD)] cid: 2 clk: 46369 | READ | addr: 0X6EEC0[0m
[1;33m[1;35m [AddTransaction(RD)] cid: 3 clk: 46369 | READ | addr: 0X6EEE0[0m
[1;33m[1;36m [AddCommand] cid: 2 clk: 46369 | READ | (address) rank: 1 bankgroup: 1 bank: 1 row: 1 column: 55 addr: 0X6EEC0[0m
[1;33m[1;36m [AddCommand] cid: 3 clk: 46369 | READ | (address) rank: 1 bankgroup: 1 bank: 1 row: 1 column: 55 addr: 0X6EEE0[0m
[1;33m[1;36m [IssueCommand] cid: 2 clk: 46370 | ACTIVATE | (address) rank: 1 bankgroup: 1 bank: 1 row: 1 column: 55 addr: 0X6EEC0[0m
[1;33m[1;36m [IssueCommand] cid: 3 clk: 46370 | ACTIVATE | (address) rank: 1 bankgroup: 1 bank: 1 row: 1 column: 55 addr: 0X6EEE0[0m
[1;33m[1;36m [IssueCommand] cid: 2 clk: 46389 | READ | (address) rank: 1 bankgroup: 1 bank: 1 row: 1 column: 55 addr: 0X6EEC0[0m
[1;33m[1;36m [IssueCommand] cid: 3 clk: 46389 | READ | (address) rank: 1 bankgroup: 1 bank: 1 row: 1 column: 55 addr: 0X6EEE0[0m
[1;33m[1;35m [ReturnDoneRead] cid: 2 clk: 46414 | READ | addr: 0X6EEC0[0m
[1;33m[1;35m [ReturnDoneRead] cid: 3 clk: 46414 | READ | addr: 0X6EEE0[0m
43489918: system.mem_ctrl: Read to address 454336 complete
43489918: system.mem_ctrl: Access for address 454336
43489918: system.mem_ctrl: Queuing response for address 454336
43497918: system.mem_ctrl: Attempting to send response
43497918: system.mem_ctrl: Have 0 read, 0 write, 0 responses outstanding
43548000: system.mem_ctrl: Enqueueing address 454464
[1;33m[1;35m [AddTransaction(RD)] cid: 2 clk: 46476 | READ | addr: 0X6EF40[0m
[1;33m[1;35m [AddTransaction(RD)] cid: 3 clk: 46476 | READ | addr: 0X6EF60[0m
[1;33m[1;36m [AddCommand] cid: 2 clk: 46476 | READ | (address) rank: 1 bankgroup: 2 bank: 1 row: 1 column: 55 addr: 0X6EF40[0m
[1;33m[1;36m [AddCommand] cid: 3 clk: 46476 | READ | (address) rank: 1 bankgroup: 2 bank: 1 row: 1 column: 55 addr: 0X6EF60[0m
[1;33m[1;36m [IssueCommand] cid: 2 clk: 46477 | ACTIVATE | (address) rank: 1 bankgroup: 2 bank: 1 row: 1 column: 55 addr: 0X6EF40[0m
[1;33m[1;36m [IssueCommand] cid: 3 clk: 46477 | ACTIVATE | (address) rank: 1 bankgroup: 2 bank: 1 row: 1 column: 55 addr: 0X6EF60[0m
[1;33m[1;36m [IssueCommand] cid: 2 clk: 46496 | READ | (address) rank: 1 bankgroup: 2 bank: 1 row: 1 column: 55 addr: 0X6EF40[0m
[1;33m[1;36m [IssueCommand] cid: 3 clk: 46496 | READ | (address) rank: 1 bankgroup: 2 bank: 1 row: 1 column: 55 addr: 0X6EF60[0m
[1;33m[1;35m [ReturnDoneRead] cid: 2 clk: 46521 | READ | addr: 0X6EF40[0m
[1;33m[1;35m [ReturnDoneRead] cid: 3 clk: 46521 | READ | addr: 0X6EF60[0m
43590177: system.mem_ctrl: Read to address 454464 complete
43590177: system.mem_ctrl: Access for address 454464
43590177: system.mem_ctrl: Queuing response for address 454464
43598177: system.mem_ctrl: Attempting to send response
43598177: system.mem_ctrl: Have 0 read, 0 write, 0 responses outstanding
43649000: system.mem_ctrl: Enqueueing address 454528
[1;33m[1;35m [AddTransaction(RD)] cid: 0 clk: 46584 | READ | addr: 0X6EF80[0m
[1;33m[1;35m [AddTransaction(RD)] cid: 1 clk: 46584 | READ | addr: 0X6EFA0[0m
[1;33m[1;36m [AddCommand] cid: 0 clk: 46584 | READ | (address) rank: 1 bankgroup: 3 bank: 1 row: 1 column: 55 addr: 0X6EF80[0m
[1;33m[1;36m [AddCommand] cid: 1 clk: 46584 | READ | (address) rank: 1 bankgroup: 3 bank: 1 row: 1 column: 55 addr: 0X6EFA0[0m
[1;33m[1;36m [IssueCommand] cid: 0 clk: 46585 | PRECHARGE | (address) rank: 1 bankgroup: 3 bank: 1 row: 1 column: 55 addr: 0X6EF80[0m
[1;33m[1;36m [IssueCommand] cid: 1 clk: 46585 | PRECHARGE | (address) rank: 1 bankgroup: 3 bank: 1 row: 1 column: 55 addr: 0X6EFA0[0m
[1;33m[1;36m [IssueCommand] cid: 0 clk: 46604 | ACTIVATE | (address) rank: 1 bankgroup: 3 bank: 1 row: 1 column: 55 addr: 0X6EF80[0m
[1;33m[1;36m [IssueCommand] cid: 1 clk: 46604 | ACTIVATE | (address) rank: 1 bankgroup: 3 bank: 1 row: 1 column: 55 addr: 0X6EFA0[0m
[1;33m[1;36m [IssueCommand] cid: 0 clk: 46623 | READ | (address) rank: 1 bankgroup: 3 bank: 1 row: 1 column: 55 addr: 0X6EF80[0m
[1;33m[1;36m [IssueCommand] cid: 1 clk: 46623 | READ | (address) rank: 1 bankgroup: 3 bank: 1 row: 1 column: 55 addr: 0X6EFA0[0m
[1;33m[1;35m [ReturnDoneRead] cid: 0 clk: 46648 | READ | addr: 0X6EF80[0m
[1;33m[1;35m [ReturnDoneRead] cid: 1 clk: 46648 | READ | addr: 0X6EFA0[0m
43709176: system.mem_ctrl: Read to address 454528 complete
43709176: system.mem_ctrl: Access for address 454528
43709176: system.mem_ctrl: Queuing response for address 454528
43717176: system.mem_ctrl: Attempting to send response
43717176: system.mem_ctrl: Have 0 read, 0 write, 0 responses outstanding
43770000: system.mem_ctrl: Enqueueing address 422720
[1;33m[1;35m [AddTransaction(RD)] cid: 2 clk: 46713 | READ | addr: 0X67340[0m
[1;33m[1;35m [AddTransaction(RD)] cid: 3 clk: 46713 | READ | addr: 0X67360[0m
[1;33m[1;36m [AddCommand] cid: 2 clk: 46713 | READ | (address) rank: 1 bankgroup: 2 bank: 0 row: 1 column: 57 addr: 0X67340[0m
[1;33m[1;36m [AddCommand] cid: 3 clk: 46713 | READ | (address) rank: 1 bankgroup: 2 bank: 0 row: 1 column: 57 addr: 0X67360[0m
[1;33m[1;36m [IssueCommand] cid: 2 clk: 46714 | READ | (address) rank: 1 bankgroup: 2 bank: 0 row: 1 column: 57 addr: 0X67340[0m
[1;33m[1;36m [IssueCommand] cid: 3 clk: 46714 | READ | (address) rank: 1 bankgroup: 2 bank: 0 row: 1 column: 57 addr: 0X67360[0m
[1;33m[1;35m [ReturnDoneRead] cid: 2 clk: 46739 | READ | addr: 0X67340[0m
[1;33m[1;35m [ReturnDoneRead] cid: 3 clk: 46739 | READ | addr: 0X67360[0m
43794443: system.mem_ctrl: Read to address 422720 complete
43794443: system.mem_ctrl: Access for address 422720
43794443: system.mem_ctrl: Queuing response for address 422720
43802443: system.mem_ctrl: Attempting to send response
43802443: system.mem_ctrl: Have 0 read, 0 write, 0 responses outstanding
43887000: system.mem_ctrl: Enqueueing address 185280
[1;33m[1;35m [AddTransaction(RD)] cid: 2 clk: 46838 | READ | addr: 0X2D3C0[0m
[1;33m[1;35m [AddTransaction(RD)] cid: 3 clk: 46838 | READ | addr: 0X2D3E0[0m
[1;33m[1;36m [AddCommand] cid: 2 clk: 46838 | READ | (address) rank: 1 bankgroup: 3 bank: 1 row: 0 column: 41 addr: 0X2D3C0[0m
[1;33m[1;36m [AddCommand] cid: 3 clk: 46838 | READ | (address) rank: 1 bankgroup: 3 bank: 1 row: 0 column: 41 addr: 0X2D3E0[0m
[1;33m[1;36m [IssueCommand] cid: 2 clk: 46839 | ACTIVATE | (address) rank: 1 bankgroup: 3 bank: 1 row: 0 column: 41 addr: 0X2D3C0[0m
[1;33m[1;36m [IssueCommand] cid: 3 clk: 46839 | ACTIVATE | (address) rank: 1 bankgroup: 3 bank: 1 row: 0 column: 41 addr: 0X2D3E0[0m
[1;33m[1;36m [IssueCommand] cid: 2 clk: 46858 | READ | (address) rank: 1 bankgroup: 3 bank: 1 row: 0 column: 41 addr: 0X2D3C0[0m
[1;33m[1;36m [IssueCommand] cid: 3 clk: 46858 | READ | (address) rank: 1 bankgroup: 3 bank: 1 row: 0 column: 41 addr: 0X2D3E0[0m
[1;33m[1;35m [ReturnDoneRead] cid: 2 clk: 46883 | READ | addr: 0X2D3C0[0m
[1;33m[1;35m [ReturnDoneRead] cid: 3 clk: 46883 | READ | addr: 0X2D3E0[0m
43929371: system.mem_ctrl: Read to address 185280 complete
43929371: system.mem_ctrl: Access for address 185280
43929371: system.mem_ctrl: Queuing response for address 185280
43937371: system.mem_ctrl: Attempting to send response
43937371: system.mem_ctrl: Have 0 read, 0 write, 0 responses outstanding
44030000: system.mem_ctrl: Enqueueing address 444160
[1;33m[1;35m [AddTransaction(RD)] cid: 0 clk: 46991 | READ | addr: 0X6C700[0m
[1;33m[1;35m [AddTransaction(RD)] cid: 1 clk: 46991 | READ | addr: 0X6C720[0m
[1;33m[1;36m [AddCommand] cid: 0 clk: 46991 | READ | (address) rank: 1 bankgroup: 2 bank: 1 row: 1 column: 35 addr: 0X6C700[0m
[1;33m[1;36m [AddCommand] cid: 1 clk: 46991 | READ | (address) rank: 1 bankgroup: 2 bank: 1 row: 1 column: 35 addr: 0X6C720[0m
[1;33m[1;36m [IssueCommand] cid: 0 clk: 46992 | ACTIVATE | (address) rank: 1 bankgroup: 2 bank: 1 row: 1 column: 35 addr: 0X6C700[0m
[1;33m[1;36m [IssueCommand] cid: 1 clk: 46992 | ACTIVATE | (address) rank: 1 bankgroup: 2 bank: 1 row: 1 column: 35 addr: 0X6C720[0m
[1;33m[1;36m [IssueCommand] cid: 0 clk: 47011 | READ | (address) rank: 1 bankgroup: 2 bank: 1 row: 1 column: 35 addr: 0X6C700[0m
[1;33m[1;36m [IssueCommand] cid: 1 clk: 47011 | READ | (address) rank: 1 bankgroup: 2 bank: 1 row: 1 column: 35 addr: 0X6C720[0m
[1;33m[1;35m [ReturnDoneRead] cid: 0 clk: 47036 | READ | addr: 0X6C700[0m
[1;33m[1;35m [ReturnDoneRead] cid: 1 clk: 47036 | READ | addr: 0X6C720[0m
44072732: system.mem_ctrl: Read to address 444160 complete
44072732: system.mem_ctrl: Access for address 444160
44072732: system.mem_ctrl: Queuing response for address 444160
44080732: system.mem_ctrl: Attempting to send response
44080732: system.mem_ctrl: Have 0 read, 0 write, 0 responses outstanding
44143000: system.mem_ctrl: Enqueueing address 454400
[1;33m[1;35m [AddTransaction(RD)] cid: 0 clk: 47111 | READ | addr: 0X6EF00[0m
[1;33m[1;35m [AddTransaction(RD)] cid: 1 clk: 47111 | READ | addr: 0X6EF20[0m
[1;33m[1;36m [AddCommand] cid: 0 clk: 47111 | READ | (address) rank: 1 bankgroup: 2 bank: 1 row: 1 column: 55 addr: 0X6EF00[0m
[1;33m[1;36m [AddCommand] cid: 1 clk: 47111 | READ | (address) rank: 1 bankgroup: 2 bank: 1 row: 1 column: 55 addr: 0X6EF20[0m
[1;33m[1;36m [IssueCommand] cid: 0 clk: 47112 | READ | (address) rank: 1 bankgroup: 2 bank: 1 row: 1 column: 55 addr: 0X6EF00[0m
[1;33m[1;36m [IssueCommand] cid: 1 clk: 47112 | READ | (address) rank: 1 bankgroup: 2 bank: 1 row: 1 column: 55 addr: 0X6EF20[0m
[1;33m[1;35m [ReturnDoneRead] cid: 0 clk: 47137 | READ | addr: 0X6EF00[0m
[1;33m[1;35m [ReturnDoneRead] cid: 1 clk: 47137 | READ | addr: 0X6EF20[0m
44167369: system.mem_ctrl: Read to address 454400 complete
44167369: system.mem_ctrl: Access for address 454400
44167369: system.mem_ctrl: Queuing response for address 454400
44175369: system.mem_ctrl: Attempting to send response
44175369: system.mem_ctrl: Have 0 read, 0 write, 0 responses outstanding
44232000: system.mem_ctrl: Enqueueing address 185344
[1;33m[1;35m [AddTransaction(RD)] cid: 0 clk: 47206 | READ | addr: 0X2D400[0m
[1;33m[1;35m [AddTransaction(RD)] cid: 1 clk: 47206 | READ | addr: 0X2D420[0m
[1;33m[1;36m [AddCommand] cid: 0 clk: 47206 | READ | (address) rank: 1 bankgroup: 0 bank: 1 row: 0 column: 42 addr: 0X2D400[0m
[1;33m[1;36m [AddCommand] cid: 1 clk: 47206 | READ | (address) rank: 1 bankgroup: 0 bank: 1 row: 0 column: 42 addr: 0X2D420[0m
[1;33m[1;36m [IssueCommand] cid: 0 clk: 47207 | ACTIVATE | (address) rank: 1 bankgroup: 0 bank: 1 row: 0 column: 42 addr: 0X2D400[0m
[1;33m[1;36m [IssueCommand] cid: 1 clk: 47207 | ACTIVATE | (address) rank: 1 bankgroup: 0 bank: 1 row: 0 column: 42 addr: 0X2D420[0m
[1;33m[1;36m [IssueCommand] cid: 0 clk: 47226 | READ | (address) rank: 1 bankgroup: 0 bank: 1 row: 0 column: 42 addr: 0X2D400[0m
[1;33m[1;36m [IssueCommand] cid: 1 clk: 47226 | READ | (address) rank: 1 bankgroup: 0 bank: 1 row: 0 column: 42 addr: 0X2D420[0m
[1;33m[1;35m [ReturnDoneRead] cid: 0 clk: 47251 | READ | addr: 0X2D400[0m
[1;33m[1;35m [ReturnDoneRead] cid: 1 clk: 47251 | READ | addr: 0X2D420[0m
44274187: system.mem_ctrl: Read to address 185344 complete
44274187: system.mem_ctrl: Access for address 185344
44274187: system.mem_ctrl: Queuing response for address 185344
44282187: system.mem_ctrl: Attempting to send response
44282187: system.mem_ctrl: Have 0 read, 0 write, 0 responses outstanding
44365000: system.mem_ctrl: Enqueueing address 418432
[1;33m[1;35m [AddTransaction(RD)] cid: 0 clk: 47348 | READ | addr: 0X66280[0m
[1;33m[1;35m [AddTransaction(RD)] cid: 1 clk: 47348 | READ | addr: 0X662A0[0m
[1;33m[1;36m [AddCommand] cid: 0 clk: 47348 | READ | (address) rank: 1 bankgroup: 1 bank: 0 row: 1 column: 49 addr: 0X66280[0m
[1;33m[1;36m [AddCommand] cid: 1 clk: 47348 | READ | (address) rank: 1 bankgroup: 1 bank: 0 row: 1 column: 49 addr: 0X662A0[0m
[1;33m[1;36m [IssueCommand] cid: 0 clk: 47349 | ACTIVATE | (address) rank: 1 bankgroup: 1 bank: 0 row: 1 column: 49 addr: 0X66280[0m
[1;33m[1;36m [IssueCommand] cid: 1 clk: 47349 | ACTIVATE | (address) rank: 1 bankgroup: 1 bank: 0 row: 1 column: 49 addr: 0X662A0[0m
[1;33m[1;36m [IssueCommand] cid: 0 clk: 47368 | READ | (address) rank: 1 bankgroup: 1 bank: 0 row: 1 column: 49 addr: 0X66280[0m
[1;33m[1;36m [IssueCommand] cid: 1 clk: 47368 | READ | (address) rank: 1 bankgroup: 1 bank: 0 row: 1 column: 49 addr: 0X662A0[0m
[1;33m[1;35m [ReturnDoneRead] cid: 0 clk: 47393 | READ | addr: 0X66280[0m
[1;33m[1;35m [ReturnDoneRead] cid: 1 clk: 47393 | READ | addr: 0X662A0[0m
44407241: system.mem_ctrl: Read to address 418432 complete
44407241: system.mem_ctrl: Access for address 418432
44407241: system.mem_ctrl: Queuing response for address 418432
44415241: system.mem_ctrl: Attempting to send response
44415241: system.mem_ctrl: Have 0 read, 0 write, 0 responses outstanding
44472000: system.mem_ctrl: Enqueueing address 417920
[1;33m[1;35m [AddTransaction(RD)] cid: 0 clk: 47463 | READ | addr: 0X66080[0m
[1;33m[1;35m [AddTransaction(RD)] cid: 1 clk: 47463 | READ | addr: 0X660A0[0m
[1;33m[1;36m [AddCommand] cid: 0 clk: 47463 | READ | (address) rank: 1 bankgroup: 1 bank: 0 row: 1 column: 48 addr: 0X66080[0m
[1;33m[1;36m [AddCommand] cid: 1 clk: 47463 | READ | (address) rank: 1 bankgroup: 1 bank: 0 row: 1 column: 48 addr: 0X660A0[0m
[1;33m[1;36m [IssueCommand] cid: 0 clk: 47464 | READ | (address) rank: 1 bankgroup: 1 bank: 0 row: 1 column: 48 addr: 0X66080[0m
[1;33m[1;36m [IssueCommand] cid: 1 clk: 47464 | READ | (address) rank: 1 bankgroup: 1 bank: 0 row: 1 column: 48 addr: 0X660A0[0m
[1;33m[1;35m [ReturnDoneRead] cid: 0 clk: 47489 | READ | addr: 0X66080[0m
[1;33m[1;35m [ReturnDoneRead] cid: 1 clk: 47489 | READ | addr: 0X660A0[0m
44497193: system.mem_ctrl: Read to address 417920 complete
44497193: system.mem_ctrl: Access for address 417920
44497193: system.mem_ctrl: Queuing response for address 417920
44505193: system.mem_ctrl: Attempting to send response
44505193: system.mem_ctrl: Have 0 read, 0 write, 0 responses outstanding
44556000: system.mem_ctrl: Enqueueing address 185600
[1;33m[1;35m [AddTransaction(RD)] cid: 0 clk: 47552 | READ | addr: 0X2D500[0m
[1;33m[1;35m [AddTransaction(RD)] cid: 1 clk: 47552 | READ | addr: 0X2D520[0m
[1;33m[1;36m [AddCommand] cid: 0 clk: 47552 | READ | (address) rank: 1 bankgroup: 2 bank: 1 row: 0 column: 42 addr: 0X2D500[0m
[1;33m[1;36m [AddCommand] cid: 1 clk: 47552 | READ | (address) rank: 1 bankgroup: 2 bank: 1 row: 0 column: 42 addr: 0X2D520[0m
[1;33m[1;36m [IssueCommand] cid: 0 clk: 47553 | PRECHARGE | (address) rank: 1 bankgroup: 2 bank: 1 row: 0 column: 42 addr: 0X2D500[0m
[1;33m[1;36m [IssueCommand] cid: 1 clk: 47553 | PRECHARGE | (address) rank: 1 bankgroup: 2 bank: 1 row: 0 column: 42 addr: 0X2D520[0m
[1;33m[1;36m [IssueCommand] cid: 0 clk: 47572 | ACTIVATE | (address) rank: 1 bankgroup: 2 bank: 1 row: 0 column: 42 addr: 0X2D500[0m
[1;33m[1;36m [IssueCommand] cid: 1 clk: 47572 | ACTIVATE | (address) rank: 1 bankgroup: 2 bank: 1 row: 0 column: 42 addr: 0X2D520[0m
[1;33m[1;36m [IssueCommand] cid: 0 clk: 47591 | READ | (address) rank: 1 bankgroup: 2 bank: 1 row: 0 column: 42 addr: 0X2D500[0m
[1;33m[1;36m [IssueCommand] cid: 1 clk: 47591 | READ | (address) rank: 1 bankgroup: 2 bank: 1 row: 0 column: 42 addr: 0X2D520[0m
[1;33m[1;35m [ReturnDoneRead] cid: 0 clk: 47616 | READ | addr: 0X2D500[0m
[1;33m[1;35m [ReturnDoneRead] cid: 1 clk: 47616 | READ | addr: 0X2D520[0m
44616192: system.mem_ctrl: Read to address 185600 complete
44616192: system.mem_ctrl: Access for address 185600
44616192: system.mem_ctrl: Queuing response for address 185600
44624192: system.mem_ctrl: Attempting to send response
44624192: system.mem_ctrl: Have 0 read, 0 write, 0 responses outstanding
44673000: system.mem_ctrl: Enqueueing address 417856
[1;33m[1;35m [AddTransaction(RD)] cid: 2 clk: 47677 | READ | addr: 0X66040[0m
[1;33m[1;35m [AddTransaction(RD)] cid: 3 clk: 47677 | READ | addr: 0X66060[0m
[1;33m[1;36m [AddCommand] cid: 2 clk: 47677 | READ | (address) rank: 1 bankgroup: 0 bank: 0 row: 1 column: 48 addr: 0X66040[0m
[1;33m[1;36m [AddCommand] cid: 3 clk: 47677 | READ | (address) rank: 1 bankgroup: 0 bank: 0 row: 1 column: 48 addr: 0X66060[0m
[1;33m[1;36m [IssueCommand] cid: 2 clk: 47678 | ACTIVATE | (address) rank: 1 bankgroup: 0 bank: 0 row: 1 column: 48 addr: 0X66040[0m
[1;33m[1;36m [IssueCommand] cid: 3 clk: 47678 | ACTIVATE | (address) rank: 1 bankgroup: 0 bank: 0 row: 1 column: 48 addr: 0X66060[0m
[1;33m[1;36m [IssueCommand] cid: 2 clk: 47697 | READ | (address) rank: 1 bankgroup: 0 bank: 0 row: 1 column: 48 addr: 0X66040[0m
[1;33m[1;36m [IssueCommand] cid: 3 clk: 47697 | READ | (address) rank: 1 bankgroup: 0 bank: 0 row: 1 column: 48 addr: 0X66060[0m
[1;33m[1;35m [ReturnDoneRead] cid: 2 clk: 47722 | READ | addr: 0X66040[0m
[1;33m[1;35m [ReturnDoneRead] cid: 3 clk: 47722 | READ | addr: 0X66060[0m
44715514: system.mem_ctrl: Read to address 417856 complete
44715514: system.mem_ctrl: Access for address 417856
44715514: system.mem_ctrl: Queuing response for address 417856
44723514: system.mem_ctrl: Attempting to send response
44723514: system.mem_ctrl: Have 0 read, 0 write, 0 responses outstanding
44778000: system.mem_ctrl: Enqueueing address 418624
[1;33m[1;35m [AddTransaction(RD)] cid: 2 clk: 47789 | READ | addr: 0X66340[0m
[1;33m[1;35m [AddTransaction(RD)] cid: 3 clk: 47789 | READ | addr: 0X66360[0m
[1;33m[1;36m [AddCommand] cid: 2 clk: 47789 | READ | (address) rank: 1 bankgroup: 2 bank: 0 row: 1 column: 49 addr: 0X66340[0m
[1;33m[1;36m [AddCommand] cid: 3 clk: 47789 | READ | (address) rank: 1 bankgroup: 2 bank: 0 row: 1 column: 49 addr: 0X66360[0m
[1;33m[1;36m [IssueCommand] cid: 2 clk: 47790 | READ | (address) rank: 1 bankgroup: 2 bank: 0 row: 1 column: 49 addr: 0X66340[0m
[1;33m[1;36m [IssueCommand] cid: 3 clk: 47790 | READ | (address) rank: 1 bankgroup: 2 bank: 0 row: 1 column: 49 addr: 0X66360[0m
[1;33m[1;35m [ReturnDoneRead] cid: 2 clk: 47815 | READ | addr: 0X66340[0m
[1;33m[1;35m [ReturnDoneRead] cid: 3 clk: 47815 | READ | addr: 0X66360[0m
44802655: system.mem_ctrl: Read to address 418624 complete
44802655: system.mem_ctrl: Access for address 418624
44802655: system.mem_ctrl: Queuing response for address 418624
44810655: system.mem_ctrl: Attempting to send response
44810655: system.mem_ctrl: Have 0 read, 0 write, 0 responses outstanding
44867000: system.mem_ctrl: Enqueueing address 185408
[1;33m[1;35m [AddTransaction(RD)] cid: 2 clk: 47884 | READ | addr: 0X2D440[0m
[1;33m[1;35m [AddTransaction(RD)] cid: 3 clk: 47884 | READ | addr: 0X2D460[0m
[1;33m[1;36m [AddCommand] cid: 2 clk: 47884 | READ | (address) rank: 1 bankgroup: 0 bank: 1 row: 0 column: 42 addr: 0X2D440[0m
[1;33m[1;36m [AddCommand] cid: 3 clk: 47884 | READ | (address) rank: 1 bankgroup: 0 bank: 1 row: 0 column: 42 addr: 0X2D460[0m
[1;33m[1;36m [IssueCommand] cid: 2 clk: 47885 | ACTIVATE | (address) rank: 1 bankgroup: 0 bank: 1 row: 0 column: 42 addr: 0X2D440[0m
[1;33m[1;36m [IssueCommand] cid: 3 clk: 47885 | ACTIVATE | (address) rank: 1 bankgroup: 0 bank: 1 row: 0 column: 42 addr: 0X2D460[0m
[1;33m[1;36m [IssueCommand] cid: 2 clk: 47904 | READ | (address) rank: 1 bankgroup: 0 bank: 1 row: 0 column: 42 addr: 0X2D440[0m
[1;33m[1;36m [IssueCommand] cid: 3 clk: 47904 | READ | (address) rank: 1 bankgroup: 0 bank: 1 row: 0 column: 42 addr: 0X2D460[0m
[1;33m[1;36m [IssueCommand] cid: 0 clk: 47909 | REFRESH | (address) rank: 0 bankgroup: -1 bank: -1 row: -1 column: -1 addr: 0XFFFFFFFFFFFFFFFF[0m
[1;33m[1;36m [IssueCommand] cid: 1 clk: 47909 | REFRESH | (address) rank: 0 bankgroup: -1 bank: -1 row: -1 column: -1 addr: 0XFFFFFFFFFFFFFFFF[0m
[1;33m[1;36m [IssueCommand] cid: 2 clk: 47909 | REFRESH | (address) rank: 0 bankgroup: -1 bank: -1 row: -1 column: -1 addr: 0XFFFFFFFFFFFFFFFF[0m
[1;33m[1;36m [IssueCommand] cid: 3 clk: 47909 | REFRESH | (address) rank: 0 bankgroup: -1 bank: -1 row: -1 column: -1 addr: 0XFFFFFFFFFFFFFFFF[0m
[1;33m[1;35m [ReturnDoneRead] cid: 2 clk: 47929 | READ | addr: 0X2D440[0m
[1;33m[1;35m [ReturnDoneRead] cid: 3 clk: 47929 | READ | addr: 0X2D460[0m
44909473: system.mem_ctrl: Read to address 185408 complete
44909473: system.mem_ctrl: Access for address 185408
44909473: system.mem_ctrl: Queuing response for address 185408
44917473: system.mem_ctrl: Attempting to send response
44917473: system.mem_ctrl: Have 0 read, 0 write, 0 responses outstanding
45018000: system.mem_ctrl: Enqueueing address 86208
[1;33m[1;35m [AddTransaction(RD)] cid: 2 clk: 48045 | READ | addr: 0X150C0[0m
[1;33m[1;35m [AddTransaction(RD)] cid: 3 clk: 48045 | READ | addr: 0X150E0[0m
[1;33m[1;36m [AddCommand] cid: 2 clk: 48045 | READ | (address) rank: 0 bankgroup: 1 bank: 2 row: 0 column: 40 addr: 0X150C0[0m
[1;33m[1;36m [AddCommand] cid: 3 clk: 48045 | READ | (address) rank: 0 bankgroup: 1 bank: 2 row: 0 column: 40 addr: 0X150E0[0m
[1;33m[1;36m [IssueCommand] cid: 2 clk: 48208 | ACTIVATE | (address) rank: 0 bankgroup: 1 bank: 2 row: 0 column: 40 addr: 0X150C0[0m
[1;33m[1;36m [IssueCommand] cid: 3 clk: 48208 | ACTIVATE | (address) rank: 0 bankgroup: 1 bank: 2 row: 0 column: 40 addr: 0X150E0[0m
[1;33m[1;36m [IssueCommand] cid: 2 clk: 48227 | READ | (address) rank: 0 bankgroup: 1 bank: 2 row: 0 column: 40 addr: 0X150C0[0m
[1;33m[1;36m [IssueCommand] cid: 3 clk: 48227 | READ | (address) rank: 0 bankgroup: 1 bank: 2 row: 0 column: 40 addr: 0X150E0[0m
[1;33m[1;35m [ReturnDoneRead] cid: 2 clk: 48252 | READ | addr: 0X150C0[0m
[1;33m[1;35m [ReturnDoneRead] cid: 3 clk: 48252 | READ | addr: 0X150E0[0m
45212124: system.mem_ctrl: Read to address 86208 complete
45212124: system.mem_ctrl: Access for address 86208
45212124: system.mem_ctrl: Queuing response for address 86208
45220124: system.mem_ctrl: Attempting to send response
45220124: system.mem_ctrl: Have 0 read, 0 write, 0 responses outstanding
45325000: system.mem_ctrl: Enqueueing address 282496
[1;33m[1;35m [AddTransaction(RD)] cid: 0 clk: 48373 | READ | addr: 0X44F80[0m
[1;33m[1;35m [AddTransaction(RD)] cid: 1 clk: 48373 | READ | addr: 0X44FA0[0m
[1;33m[1;36m [AddCommand] cid: 0 clk: 48373 | READ | (address) rank: 0 bankgroup: 3 bank: 0 row: 1 column: 39 addr: 0X44F80[0m
[1;33m[1;36m [AddCommand] cid: 1 clk: 48373 | READ | (address) rank: 0 bankgroup: 3 bank: 0 row: 1 column: 39 addr: 0X44FA0[0m
[1;33m[1;36m [IssueCommand] cid: 0 clk: 48374 | ACTIVATE | (address) rank: 0 bankgroup: 3 bank: 0 row: 1 column: 39 addr: 0X44F80[0m
[1;33m[1;36m [IssueCommand] cid: 1 clk: 48374 | ACTIVATE | (address) rank: 0 bankgroup: 3 bank: 0 row: 1 column: 39 addr: 0X44FA0[0m
[1;33m[1;36m [IssueCommand] cid: 0 clk: 48393 | READ | (address) rank: 0 bankgroup: 3 bank: 0 row: 1 column: 39 addr: 0X44F80[0m
[1;33m[1;36m [IssueCommand] cid: 1 clk: 48393 | READ | (address) rank: 0 bankgroup: 3 bank: 0 row: 1 column: 39 addr: 0X44FA0[0m
[1;33m[1;35m [ReturnDoneRead] cid: 0 clk: 48418 | READ | addr: 0X44F80[0m
[1;33m[1;35m [ReturnDoneRead] cid: 1 clk: 48418 | READ | addr: 0X44FA0[0m
45367666: system.mem_ctrl: Read to address 282496 complete
45367666: system.mem_ctrl: Access for address 282496
45367666: system.mem_ctrl: Queuing response for address 282496
45375666: system.mem_ctrl: Attempting to send response
45375666: system.mem_ctrl: Have 0 read, 0 write, 0 responses outstanding
45534000: system.mem_ctrl: Enqueueing address 64960
[1;33m[1;35m [AddTransaction(RD)] cid: 2 clk: 48596 | READ | addr: 0XFDC0[0m
[1;33m[1;35m [AddTransaction(RD)] cid: 3 clk: 48596 | READ | addr: 0XFDE0[0m
[1;33m[1;36m [AddCommand] cid: 2 clk: 48596 | READ | (address) rank: 0 bankgroup: 3 bank: 1 row: 0 column: 62 addr: 0XFDC0[0m
[1;33m[1;36m [AddCommand] cid: 3 clk: 48596 | READ | (address) rank: 0 bankgroup: 3 bank: 1 row: 0 column: 62 addr: 0XFDE0[0m
[1;33m[1;36m [IssueCommand] cid: 2 clk: 48597 | ACTIVATE | (address) rank: 0 bankgroup: 3 bank: 1 row: 0 column: 62 addr: 0XFDC0[0m
[1;33m[1;36m [IssueCommand] cid: 3 clk: 48597 | ACTIVATE | (address) rank: 0 bankgroup: 3 bank: 1 row: 0 column: 62 addr: 0XFDE0[0m
[1;33m[1;36m [IssueCommand] cid: 2 clk: 48616 | READ | (address) rank: 0 bankgroup: 3 bank: 1 row: 0 column: 62 addr: 0XFDC0[0m
[1;33m[1;36m [IssueCommand] cid: 3 clk: 48616 | READ | (address) rank: 0 bankgroup: 3 bank: 1 row: 0 column: 62 addr: 0XFDE0[0m
[1;33m[1;35m [ReturnDoneRead] cid: 2 clk: 48641 | READ | addr: 0XFDC0[0m
[1;33m[1;35m [ReturnDoneRead] cid: 3 clk: 48641 | READ | addr: 0XFDE0[0m
45576617: system.mem_ctrl: Read to address 64960 complete
45576617: system.mem_ctrl: Access for address 64960
45576617: system.mem_ctrl: Queuing response for address 64960
45584617: system.mem_ctrl: Attempting to send response
45584617: system.mem_ctrl: Have 0 read, 0 write, 0 responses outstanding
46187000: system.mem_ctrl: Enqueueing address 86272
[1;33m[1;35m [AddTransaction(RD)] cid: 0 clk: 49293 | READ | addr: 0X15100[0m
[1;33m[1;35m [AddTransaction(RD)] cid: 1 clk: 49293 | READ | addr: 0X15120[0m
[1;33m[1;36m [AddCommand] cid: 0 clk: 49293 | READ | (address) rank: 0 bankgroup: 2 bank: 2 row: 0 column: 40 addr: 0X15100[0m
[1;33m[1;36m [AddCommand] cid: 1 clk: 49293 | READ | (address) rank: 0 bankgroup: 2 bank: 2 row: 0 column: 40 addr: 0X15120[0m
[1;33m[1;36m [IssueCommand] cid: 0 clk: 49294 | ACTIVATE | (address) rank: 0 bankgroup: 2 bank: 2 row: 0 column: 40 addr: 0X15100[0m
[1;33m[1;36m [IssueCommand] cid: 1 clk: 49294 | ACTIVATE | (address) rank: 0 bankgroup: 2 bank: 2 row: 0 column: 40 addr: 0X15120[0m
[1;33m[1;36m [IssueCommand] cid: 0 clk: 49313 | READ | (address) rank: 0 bankgroup: 2 bank: 2 row: 0 column: 40 addr: 0X15100[0m
[1;33m[1;36m [IssueCommand] cid: 1 clk: 49313 | READ | (address) rank: 0 bankgroup: 2 bank: 2 row: 0 column: 40 addr: 0X15120[0m
[1;33m[1;35m [ReturnDoneRead] cid: 0 clk: 49338 | READ | addr: 0X15100[0m
[1;33m[1;35m [ReturnDoneRead] cid: 1 clk: 49338 | READ | addr: 0X15120[0m
46229706: system.mem_ctrl: Read to address 86272 complete
46229706: system.mem_ctrl: Access for address 86272
46229706: system.mem_ctrl: Queuing response for address 86272
46237706: system.mem_ctrl: Attempting to send response
46237706: system.mem_ctrl: Have 0 read, 0 write, 0 responses outstanding
46434000: system.mem_ctrl: Enqueueing address 282560
[1;33m[1;35m [AddTransaction(RD)] cid: 2 clk: 49557 | READ | addr: 0X44FC0[0m
[1;33m[1;35m [AddTransaction(RD)] cid: 3 clk: 49557 | READ | addr: 0X44FE0[0m
[1;33m[1;36m [AddCommand] cid: 2 clk: 49557 | READ | (address) rank: 0 bankgroup: 3 bank: 0 row: 1 column: 39 addr: 0X44FC0[0m
[1;33m[1;36m [AddCommand] cid: 3 clk: 49557 | READ | (address) rank: 0 bankgroup: 3 bank: 0 row: 1 column: 39 addr: 0X44FE0[0m
[1;33m[1;36m [IssueCommand] cid: 2 clk: 49558 | ACTIVATE | (address) rank: 0 bankgroup: 3 bank: 0 row: 1 column: 39 addr: 0X44FC0[0m
[1;33m[1;36m [IssueCommand] cid: 3 clk: 49558 | ACTIVATE | (address) rank: 0 bankgroup: 3 bank: 0 row: 1 column: 39 addr: 0X44FE0[0m
[1;33m[1;36m [IssueCommand] cid: 2 clk: 49577 | READ | (address) rank: 0 bankgroup: 3 bank: 0 row: 1 column: 39 addr: 0X44FC0[0m
[1;33m[1;36m [IssueCommand] cid: 3 clk: 49577 | READ | (address) rank: 0 bankgroup: 3 bank: 0 row: 1 column: 39 addr: 0X44FE0[0m
[1;33m[1;35m [ReturnDoneRead] cid: 2 clk: 49602 | READ | addr: 0X44FC0[0m
[1;33m[1;35m [ReturnDoneRead] cid: 3 clk: 49602 | READ | addr: 0X44FE0[0m
46477074: system.mem_ctrl: Read to address 282560 complete
46477074: system.mem_ctrl: Access for address 282560
46477074: system.mem_ctrl: Queuing response for address 282560
46485074: system.mem_ctrl: Attempting to send response
46485074: system.mem_ctrl: Have 0 read, 0 write, 0 responses outstanding
46642000: system.mem_ctrl: Enqueueing address 86336
[1;33m[1;35m [AddTransaction(RD)] cid: 2 clk: 49779 | READ | addr: 0X15140[0m
[1;33m[1;35m [AddTransaction(RD)] cid: 3 clk: 49779 | READ | addr: 0X15160[0m
[1;33m[1;36m [AddCommand] cid: 2 clk: 49779 | READ | (address) rank: 0 bankgroup: 2 bank: 2 row: 0 column: 40 addr: 0X15140[0m
[1;33m[1;36m [AddCommand] cid: 3 clk: 49779 | READ | (address) rank: 0 bankgroup: 2 bank: 2 row: 0 column: 40 addr: 0X15160[0m
[1;33m[1;36m [IssueCommand] cid: 2 clk: 49780 | ACTIVATE | (address) rank: 0 bankgroup: 2 bank: 2 row: 0 column: 40 addr: 0X15140[0m
[1;33m[1;36m [IssueCommand] cid: 3 clk: 49780 | ACTIVATE | (address) rank: 0 bankgroup: 2 bank: 2 row: 0 column: 40 addr: 0X15160[0m
[1;33m[1;36m [IssueCommand] cid: 2 clk: 49799 | READ | (address) rank: 0 bankgroup: 2 bank: 2 row: 0 column: 40 addr: 0X15140[0m
[1;33m[1;36m [IssueCommand] cid: 3 clk: 49799 | READ | (address) rank: 0 bankgroup: 2 bank: 2 row: 0 column: 40 addr: 0X15160[0m
[1;33m[1;35m [ReturnDoneRead] cid: 2 clk: 49824 | READ | addr: 0X15140[0m
[1;33m[1;35m [ReturnDoneRead] cid: 3 clk: 49824 | READ | addr: 0X15160[0m
46685088: system.mem_ctrl: Read to address 86336 complete
46685088: system.mem_ctrl: Access for address 86336
46685088: system.mem_ctrl: Queuing response for address 86336
46693088: system.mem_ctrl: Attempting to send response
46693088: system.mem_ctrl: Have 0 read, 0 write, 0 responses outstanding
[1;33m[1;36m [IssueCommand] cid: 0 clk: 49992 | PRECHARGE | (address) rank: 1 bankgroup: 0 bank: 1 row: -1 column: -1 addr: 0XFFFFFFFFFFFFFFFF[0m
[1;33m[1;36m [IssueCommand] cid: 1 clk: 49992 | PRECHARGE | (address) rank: 1 bankgroup: 0 bank: 1 row: -1 column: -1 addr: 0XFFFFFFFFFFFFFFFF[0m
[1;33m[1;36m [IssueCommand] cid: 2 clk: 49992 | PRECHARGE | (address) rank: 1 bankgroup: 0 bank: 0 row: -1 column: -1 addr: 0XFFFFFFFFFFFFFFFF[0m
[1;33m[1;36m [IssueCommand] cid: 3 clk: 49992 | PRECHARGE | (address) rank: 1 bankgroup: 0 bank: 0 row: -1 column: -1 addr: 0XFFFFFFFFFFFFFFFF[0m
[1;33m[1;36m [IssueCommand] cid: 0 clk: 49993 | PRECHARGE | (address) rank: 1 bankgroup: 1 bank: 0 row: -1 column: -1 addr: 0XFFFFFFFFFFFFFFFF[0m
[1;33m[1;36m [IssueCommand] cid: 1 clk: 49993 | PRECHARGE | (address) rank: 1 bankgroup: 1 bank: 0 row: -1 column: -1 addr: 0XFFFFFFFFFFFFFFFF[0m
[1;33m[1;36m [IssueCommand] cid: 2 clk: 49993 | PRECHARGE | (address) rank: 1 bankgroup: 0 bank: 1 row: -1 column: -1 addr: 0XFFFFFFFFFFFFFFFF[0m
[1;33m[1;36m [IssueCommand] cid: 3 clk: 49993 | PRECHARGE | (address) rank: 1 bankgroup: 0 bank: 1 row: -1 column: -1 addr: 0XFFFFFFFFFFFFFFFF[0m
[1;33m[1;36m [IssueCommand] cid: 0 clk: 49994 | PRECHARGE | (address) rank: 1 bankgroup: 2 bank: 1 row: -1 column: -1 addr: 0XFFFFFFFFFFFFFFFF[0m
[1;33m[1;36m [IssueCommand] cid: 1 clk: 49994 | PRECHARGE | (address) rank: 1 bankgroup: 2 bank: 1 row: -1 column: -1 addr: 0XFFFFFFFFFFFFFFFF[0m
[1;33m[1;36m [IssueCommand] cid: 2 clk: 49994 | PRECHARGE | (address) rank: 1 bankgroup: 1 bank: 1 row: -1 column: -1 addr: 0XFFFFFFFFFFFFFFFF[0m
[1;33m[1;36m [IssueCommand] cid: 3 clk: 49994 | PRECHARGE | (address) rank: 1 bankgroup: 1 bank: 1 row: -1 column: -1 addr: 0XFFFFFFFFFFFFFFFF[0m
[1;33m[1;36m [IssueCommand] cid: 0 clk: 49995 | PRECHARGE | (address) rank: 1 bankgroup: 3 bank: 1 row: -1 column: -1 addr: 0XFFFFFFFFFFFFFFFF[0m
[1;33m[1;36m [IssueCommand] cid: 1 clk: 49995 | PRECHARGE | (address) rank: 1 bankgroup: 3 bank: 1 row: -1 column: -1 addr: 0XFFFFFFFFFFFFFFFF[0m
[1;33m[1;36m [IssueCommand] cid: 2 clk: 49995 | PRECHARGE | (address) rank: 1 bankgroup: 2 bank: 0 row: -1 column: -1 addr: 0XFFFFFFFFFFFFFFFF[0m
[1;33m[1;36m [IssueCommand] cid: 3 clk: 49995 | PRECHARGE | (address) rank: 1 bankgroup: 2 bank: 0 row: -1 column: -1 addr: 0XFFFFFFFFFFFFFFFF[0m
[1;33m[1;36m [IssueCommand] cid: 2 clk: 49996 | PRECHARGE | (address) rank: 1 bankgroup: 2 bank: 1 row: -1 column: -1 addr: 0XFFFFFFFFFFFFFFFF[0m
[1;33m[1;36m [IssueCommand] cid: 3 clk: 49996 | PRECHARGE | (address) rank: 1 bankgroup: 2 bank: 1 row: -1 column: -1 addr: 0XFFFFFFFFFFFFFFFF[0m
[1;33m[1;36m [IssueCommand] cid: 2 clk: 49997 | PRECHARGE | (address) rank: 1 bankgroup: 3 bank: 1 row: -1 column: -1 addr: 0XFFFFFFFFFFFFFFFF[0m
[1;33m[1;36m [IssueCommand] cid: 3 clk: 49997 | PRECHARGE | (address) rank: 1 bankgroup: 3 bank: 1 row: -1 column: -1 addr: 0XFFFFFFFFFFFFFFFF[0m
[1;33m[1;36m [IssueCommand] cid: 0 clk: 50014 | REFRESH | (address) rank: 1 bankgroup: -1 bank: -1 row: -1 column: -1 addr: 0XFFFFFFFFFFFFFFFF[0m
[1;33m[1;36m [IssueCommand] cid: 1 clk: 50014 | REFRESH | (address) rank: 1 bankgroup: -1 bank: -1 row: -1 column: -1 addr: 0XFFFFFFFFFFFFFFFF[0m
[1;33m[1;36m [IssueCommand] cid: 2 clk: 50016 | REFRESH | (address) rank: 1 bankgroup: -1 bank: -1 row: -1 column: -1 addr: 0XFFFFFFFFFFFFFFFF[0m
[1;33m[1;36m [IssueCommand] cid: 3 clk: 50016 | REFRESH | (address) rank: 1 bankgroup: -1 bank: -1 row: -1 column: -1 addr: 0XFFFFFFFFFFFFFFFF[0m
46966000: system.mem_ctrl: Enqueueing address 86400
[1;33m[1;35m [AddTransaction(RD)] cid: 0 clk: 50124 | READ | addr: 0X15180[0m
[1;33m[1;35m [AddTransaction(RD)] cid: 1 clk: 50124 | READ | addr: 0X151A0[0m
[1;33m[1;36m [AddCommand] cid: 0 clk: 50124 | READ | (address) rank: 0 bankgroup: 3 bank: 2 row: 0 column: 40 addr: 0X15180[0m
[1;33m[1;36m [AddCommand] cid: 1 clk: 50124 | READ | (address) rank: 0 bankgroup: 3 bank: 2 row: 0 column: 40 addr: 0X151A0[0m
[1;33m[1;36m [IssueCommand] cid: 0 clk: 50125 | ACTIVATE | (address) rank: 0 bankgroup: 3 bank: 2 row: 0 column: 40 addr: 0X15180[0m
[1;33m[1;36m [IssueCommand] cid: 1 clk: 50125 | ACTIVATE | (address) rank: 0 bankgroup: 3 bank: 2 row: 0 column: 40 addr: 0X151A0[0m
[1;33m[1;36m [IssueCommand] cid: 0 clk: 50144 | READ | (address) rank: 0 bankgroup: 3 bank: 2 row: 0 column: 40 addr: 0X15180[0m
[1;33m[1;36m [IssueCommand] cid: 1 clk: 50144 | READ | (address) rank: 0 bankgroup: 3 bank: 2 row: 0 column: 40 addr: 0X151A0[0m
[1;33m[1;35m [ReturnDoneRead] cid: 0 clk: 50169 | READ | addr: 0X15180[0m
[1;33m[1;35m [ReturnDoneRead] cid: 1 clk: 50169 | READ | addr: 0X151A0[0m
47008353: system.mem_ctrl: Read to address 86400 complete
47008353: system.mem_ctrl: Access for address 86400
47008353: system.mem_ctrl: Queuing response for address 86400
47016353: system.mem_ctrl: Attempting to send response
47016353: system.mem_ctrl: Have 0 read, 0 write, 0 responses outstanding
47095000: system.mem_ctrl: Enqueueing address 86464
[1;33m[1;35m [AddTransaction(RD)] cid: 2 clk: 50262 | READ | addr: 0X151C0[0m
[1;33m[1;35m [AddTransaction(RD)] cid: 3 clk: 50262 | READ | addr: 0X151E0[0m
[1;33m[1;36m [AddCommand] cid: 2 clk: 50262 | READ | (address) rank: 0 bankgroup: 3 bank: 2 row: 0 column: 40 addr: 0X151C0[0m
[1;33m[1;36m [AddCommand] cid: 3 clk: 50262 | READ | (address) rank: 0 bankgroup: 3 bank: 2 row: 0 column: 40 addr: 0X151E0[0m
[1;33m[1;36m [IssueCommand] cid: 2 clk: 50263 | ACTIVATE | (address) rank: 0 bankgroup: 3 bank: 2 row: 0 column: 40 addr: 0X151C0[0m
[1;33m[1;36m [IssueCommand] cid: 3 clk: 50263 | ACTIVATE | (address) rank: 0 bankgroup: 3 bank: 2 row: 0 column: 40 addr: 0X151E0[0m
[1;33m[1;36m [IssueCommand] cid: 2 clk: 50282 | READ | (address) rank: 0 bankgroup: 3 bank: 2 row: 0 column: 40 addr: 0X151C0[0m
[1;33m[1;36m [IssueCommand] cid: 3 clk: 50282 | READ | (address) rank: 0 bankgroup: 3 bank: 2 row: 0 column: 40 addr: 0X151E0[0m
[1;33m[1;35m [ReturnDoneRead] cid: 2 clk: 50307 | READ | addr: 0X151C0[0m
[1;33m[1;35m [ReturnDoneRead] cid: 3 clk: 50307 | READ | addr: 0X151E0[0m
47137659: system.mem_ctrl: Read to address 86464 complete
47137659: system.mem_ctrl: Access for address 86464
47137659: system.mem_ctrl: Queuing response for address 86464
47145659: system.mem_ctrl: Attempting to send response
47145659: system.mem_ctrl: Have 0 read, 0 write, 0 responses outstanding
47304000: system.mem_ctrl: Enqueueing address 384
[1;33m[1;35m [AddTransaction(RD)] cid: 0 clk: 50485 | READ | addr: 0X180[0m
[1;33m[1;35m [AddTransaction(RD)] cid: 1 clk: 50485 | READ | addr: 0X1A0[0m
[1;33m[1;36m [AddCommand] cid: 0 clk: 50485 | READ | (address) rank: 0 bankgroup: 3 bank: 0 row: 0 column: 0 addr: 0X180[0m
[1;33m[1;36m [AddCommand] cid: 1 clk: 50485 | READ | (address) rank: 0 bankgroup: 3 bank: 0 row: 0 column: 0 addr: 0X1A0[0m
[1;33m[1;36m [IssueCommand] cid: 0 clk: 50486 | PRECHARGE | (address) rank: 0 bankgroup: 3 bank: 0 row: 0 column: 0 addr: 0X180[0m
[1;33m[1;36m [IssueCommand] cid: 1 clk: 50486 | PRECHARGE | (address) rank: 0 bankgroup: 3 bank: 0 row: 0 column: 0 addr: 0X1A0[0m
[1;33m[1;36m [IssueCommand] cid: 0 clk: 50505 | ACTIVATE | (address) rank: 0 bankgroup: 3 bank: 0 row: 0 column: 0 addr: 0X180[0m
[1;33m[1;36m [IssueCommand] cid: 1 clk: 50505 | ACTIVATE | (address) rank: 0 bankgroup: 3 bank: 0 row: 0 column: 0 addr: 0X1A0[0m
[1;33m[1;36m [IssueCommand] cid: 0 clk: 50524 | READ | (address) rank: 0 bankgroup: 3 bank: 0 row: 0 column: 0 addr: 0X180[0m
[1;33m[1;36m [IssueCommand] cid: 1 clk: 50524 | READ | (address) rank: 0 bankgroup: 3 bank: 0 row: 0 column: 0 addr: 0X1A0[0m
[1;33m[1;35m [ReturnDoneRead] cid: 0 clk: 50549 | READ | addr: 0X180[0m
[1;33m[1;35m [ReturnDoneRead] cid: 1 clk: 50549 | READ | addr: 0X1A0[0m
47364413: system.mem_ctrl: Read to address 384 complete
47364413: system.mem_ctrl: Access for address 384
47364413: system.mem_ctrl: Queuing response for address 384
47372413: system.mem_ctrl: Attempting to send response
47372413: system.mem_ctrl: Have 0 read, 0 write, 0 responses outstanding
47463000: system.mem_ctrl: Enqueueing address 86528
[1;33m[1;35m [AddTransaction(RD)] cid: 0 clk: 50655 | READ | addr: 0X15200[0m
[1;33m[1;35m [AddTransaction(RD)] cid: 1 clk: 50655 | READ | addr: 0X15220[0m
[1;33m[1;36m [AddCommand] cid: 0 clk: 50655 | READ | (address) rank: 0 bankgroup: 0 bank: 2 row: 0 column: 41 addr: 0X15200[0m
[1;33m[1;36m [AddCommand] cid: 1 clk: 50655 | READ | (address) rank: 0 bankgroup: 0 bank: 2 row: 0 column: 41 addr: 0X15220[0m
[1;33m[1;36m [IssueCommand] cid: 0 clk: 50656 | ACTIVATE | (address) rank: 0 bankgroup: 0 bank: 2 row: 0 column: 41 addr: 0X15200[0m
[1;33m[1;36m [IssueCommand] cid: 1 clk: 50656 | ACTIVATE | (address) rank: 0 bankgroup: 0 bank: 2 row: 0 column: 41 addr: 0X15220[0m
[1;33m[1;36m [IssueCommand] cid: 0 clk: 50675 | READ | (address) rank: 0 bankgroup: 0 bank: 2 row: 0 column: 41 addr: 0X15200[0m
[1;33m[1;36m [IssueCommand] cid: 1 clk: 50675 | READ | (address) rank: 0 bankgroup: 0 bank: 2 row: 0 column: 41 addr: 0X15220[0m
[1;33m[1;35m [ReturnDoneRead] cid: 0 clk: 50700 | READ | addr: 0X15200[0m
[1;33m[1;35m [ReturnDoneRead] cid: 1 clk: 50700 | READ | addr: 0X15220[0m
47505900: system.mem_ctrl: Read to address 86528 complete
47505900: system.mem_ctrl: Access for address 86528
47505900: system.mem_ctrl: Queuing response for address 86528
47513900: system.mem_ctrl: Attempting to send response
47513900: system.mem_ctrl: Have 0 read, 0 write, 0 responses outstanding
47580000: system.mem_ctrl: Enqueueing address 422336
[1;33m[1;35m [AddTransaction(RD)] cid: 2 clk: 50780 | READ | addr: 0X671C0[0m
[1;33m[1;35m [AddTransaction(RD)] cid: 3 clk: 50780 | READ | addr: 0X671E0[0m
[1;33m[1;36m [AddCommand] cid: 2 clk: 50780 | READ | (address) rank: 1 bankgroup: 3 bank: 0 row: 1 column: 56 addr: 0X671C0[0m
[1;33m[1;36m [AddCommand] cid: 3 clk: 50780 | READ | (address) rank: 1 bankgroup: 3 bank: 0 row: 1 column: 56 addr: 0X671E0[0m
[1;33m[1;36m [IssueCommand] cid: 2 clk: 50781 | ACTIVATE | (address) rank: 1 bankgroup: 3 bank: 0 row: 1 column: 56 addr: 0X671C0[0m
[1;33m[1;36m [IssueCommand] cid: 3 clk: 50781 | ACTIVATE | (address) rank: 1 bankgroup: 3 bank: 0 row: 1 column: 56 addr: 0X671E0[0m
[1;33m[1;36m [IssueCommand] cid: 2 clk: 50800 | READ | (address) rank: 1 bankgroup: 3 bank: 0 row: 1 column: 56 addr: 0X671C0[0m
[1;33m[1;36m [IssueCommand] cid: 3 clk: 50800 | READ | (address) rank: 1 bankgroup: 3 bank: 0 row: 1 column: 56 addr: 0X671E0[0m
[1;33m[1;35m [ReturnDoneRead] cid: 2 clk: 50825 | READ | addr: 0X671C0[0m
[1;33m[1;35m [ReturnDoneRead] cid: 3 clk: 50825 | READ | addr: 0X671E0[0m
47623025: system.mem_ctrl: Read to address 422336 complete
47623025: system.mem_ctrl: Access for address 422336
47623025: system.mem_ctrl: Queuing response for address 422336
47631025: system.mem_ctrl: Attempting to send response
47631025: system.mem_ctrl: Have 0 read, 0 write, 0 responses outstanding
47684000: system.mem_ctrl: Enqueueing address 227072
[1;33m[1;35m [AddTransaction(RD)] cid: 0 clk: 50891 | READ | addr: 0X37700[0m
[1;33m[1;35m [AddTransaction(RD)] cid: 1 clk: 50891 | READ | addr: 0X37720[0m
[1;33m[1;36m [AddCommand] cid: 0 clk: 50891 | READ | (address) rank: 1 bankgroup: 2 bank: 2 row: 0 column: 59 addr: 0X37700[0m
[1;33m[1;36m [AddCommand] cid: 1 clk: 50891 | READ | (address) rank: 1 bankgroup: 2 bank: 2 row: 0 column: 59 addr: 0X37720[0m
[1;33m[1;36m [IssueCommand] cid: 0 clk: 50892 | ACTIVATE | (address) rank: 1 bankgroup: 2 bank: 2 row: 0 column: 59 addr: 0X37700[0m
[1;33m[1;36m [IssueCommand] cid: 1 clk: 50892 | ACTIVATE | (address) rank: 1 bankgroup: 2 bank: 2 row: 0 column: 59 addr: 0X37720[0m
[1;33m[1;36m [IssueCommand] cid: 0 clk: 50911 | READ | (address) rank: 1 bankgroup: 2 bank: 2 row: 0 column: 59 addr: 0X37700[0m
[1;33m[1;36m [IssueCommand] cid: 1 clk: 50911 | READ | (address) rank: 1 bankgroup: 2 bank: 2 row: 0 column: 59 addr: 0X37720[0m
[1;33m[1;35m [ReturnDoneRead] cid: 0 clk: 50936 | READ | addr: 0X37700[0m
[1;33m[1;35m [ReturnDoneRead] cid: 1 clk: 50936 | READ | addr: 0X37720[0m
47727032: system.mem_ctrl: Read to address 227072 complete
47727032: system.mem_ctrl: Access for address 227072
47727032: system.mem_ctrl: Queuing response for address 227072
47735032: system.mem_ctrl: Attempting to send response
47735032: system.mem_ctrl: Have 0 read, 0 write, 0 responses outstanding
47794000: system.mem_ctrl: Enqueueing address 227136
[1;33m[1;35m [AddTransaction(RD)] cid: 2 clk: 51008 | READ | addr: 0X37740[0m
[1;33m[1;35m [AddTransaction(RD)] cid: 3 clk: 51008 | READ | addr: 0X37760[0m
[1;33m[1;36m [AddCommand] cid: 2 clk: 51008 | READ | (address) rank: 1 bankgroup: 2 bank: 2 row: 0 column: 59 addr: 0X37740[0m
[1;33m[1;36m [AddCommand] cid: 3 clk: 51008 | READ | (address) rank: 1 bankgroup: 2 bank: 2 row: 0 column: 59 addr: 0X37760[0m
[1;33m[1;36m [IssueCommand] cid: 2 clk: 51009 | ACTIVATE | (address) rank: 1 bankgroup: 2 bank: 2 row: 0 column: 59 addr: 0X37740[0m
[1;33m[1;36m [IssueCommand] cid: 3 clk: 51009 | ACTIVATE | (address) rank: 1 bankgroup: 2 bank: 2 row: 0 column: 59 addr: 0X37760[0m
[1;33m[1;36m [IssueCommand] cid: 2 clk: 51028 | READ | (address) rank: 1 bankgroup: 2 bank: 2 row: 0 column: 59 addr: 0X37740[0m
[1;33m[1;36m [IssueCommand] cid: 3 clk: 51028 | READ | (address) rank: 1 bankgroup: 2 bank: 2 row: 0 column: 59 addr: 0X37760[0m
[1;33m[1;35m [ReturnDoneRead] cid: 2 clk: 51053 | READ | addr: 0X37740[0m
[1;33m[1;35m [ReturnDoneRead] cid: 3 clk: 51053 | READ | addr: 0X37760[0m
47836661: system.mem_ctrl: Read to address 227136 complete
47836661: system.mem_ctrl: Access for address 227136
47836661: system.mem_ctrl: Queuing response for address 227136
47844661: system.mem_ctrl: Attempting to send response
47844661: system.mem_ctrl: Have 0 read, 0 write, 0 responses outstanding
47943000: system.mem_ctrl: Enqueueing address 226048
[1;33m[1;35m [AddTransaction(RD)] cid: 0 clk: 51167 | READ | addr: 0X37300[0m
[1;33m[1;35m [AddTransaction(RD)] cid: 1 clk: 51167 | READ | addr: 0X37320[0m
[1;33m[1;36m [AddCommand] cid: 0 clk: 51167 | READ | (address) rank: 1 bankgroup: 2 bank: 2 row: 0 column: 57 addr: 0X37300[0m
[1;33m[1;36m [AddCommand] cid: 1 clk: 51167 | READ | (address) rank: 1 bankgroup: 2 bank: 2 row: 0 column: 57 addr: 0X37320[0m
[1;33m[1;36m [IssueCommand] cid: 0 clk: 51168 | READ | (address) rank: 1 bankgroup: 2 bank: 2 row: 0 column: 57 addr: 0X37300[0m
[1;33m[1;36m [IssueCommand] cid: 1 clk: 51168 | READ | (address) rank: 1 bankgroup: 2 bank: 2 row: 0 column: 57 addr: 0X37320[0m
[1;33m[1;35m [ReturnDoneRead] cid: 0 clk: 51193 | READ | addr: 0X37300[0m
[1;33m[1;35m [ReturnDoneRead] cid: 1 clk: 51193 | READ | addr: 0X37320[0m
47967841: system.mem_ctrl: Read to address 226048 complete
47967841: system.mem_ctrl: Access for address 226048
47967841: system.mem_ctrl: Queuing response for address 226048
47975841: system.mem_ctrl: Attempting to send response
47975841: system.mem_ctrl: Have 0 read, 0 write, 0 responses outstanding
48084000: system.mem_ctrl: Enqueueing address 226240
[1;33m[1;35m [AddTransaction(RD)] cid: 2 clk: 51317 | READ | addr: 0X373C0[0m
[1;33m[1;35m [AddTransaction(RD)] cid: 3 clk: 51317 | READ | addr: 0X373E0[0m
[1;33m[1;36m [AddCommand] cid: 2 clk: 51317 | READ | (address) rank: 1 bankgroup: 3 bank: 2 row: 0 column: 57 addr: 0X373C0[0m
[1;33m[1;36m [AddCommand] cid: 3 clk: 51317 | READ | (address) rank: 1 bankgroup: 3 bank: 2 row: 0 column: 57 addr: 0X373E0[0m
[1;33m[1;36m [IssueCommand] cid: 2 clk: 51318 | ACTIVATE | (address) rank: 1 bankgroup: 3 bank: 2 row: 0 column: 57 addr: 0X373C0[0m
[1;33m[1;36m [IssueCommand] cid: 3 clk: 51318 | ACTIVATE | (address) rank: 1 bankgroup: 3 bank: 2 row: 0 column: 57 addr: 0X373E0[0m
[1;33m[1;36m [IssueCommand] cid: 2 clk: 51337 | READ | (address) rank: 1 bankgroup: 3 bank: 2 row: 0 column: 57 addr: 0X373C0[0m
[1;33m[1;36m [IssueCommand] cid: 3 clk: 51337 | READ | (address) rank: 1 bankgroup: 3 bank: 2 row: 0 column: 57 addr: 0X373E0[0m
[1;33m[1;35m [ReturnDoneRead] cid: 2 clk: 51362 | READ | addr: 0X373C0[0m
[1;33m[1;35m [ReturnDoneRead] cid: 3 clk: 51362 | READ | addr: 0X373E0[0m
48126194: system.mem_ctrl: Read to address 226240 complete
48126194: system.mem_ctrl: Access for address 226240
48126194: system.mem_ctrl: Queuing response for address 226240
48134194: system.mem_ctrl: Attempting to send response
48134194: system.mem_ctrl: Have 0 read, 0 write, 0 responses outstanding
48187000: system.mem_ctrl: Enqueueing address 225920
[1;33m[1;35m [AddTransaction(RD)] cid: 0 clk: 51427 | READ | addr: 0X37280[0m
[1;33m[1;35m [AddTransaction(RD)] cid: 1 clk: 51427 | READ | addr: 0X372A0[0m
[1;33m[1;36m [AddCommand] cid: 0 clk: 51427 | READ | (address) rank: 1 bankgroup: 1 bank: 2 row: 0 column: 57 addr: 0X37280[0m
[1;33m[1;36m [AddCommand] cid: 1 clk: 51427 | READ | (address) rank: 1 bankgroup: 1 bank: 2 row: 0 column: 57 addr: 0X372A0[0m
[1;33m[1;36m [IssueCommand] cid: 0 clk: 51428 | ACTIVATE | (address) rank: 1 bankgroup: 1 bank: 2 row: 0 column: 57 addr: 0X37280[0m
[1;33m[1;36m [IssueCommand] cid: 1 clk: 51428 | ACTIVATE | (address) rank: 1 bankgroup: 1 bank: 2 row: 0 column: 57 addr: 0X372A0[0m
[1;33m[1;36m [IssueCommand] cid: 0 clk: 51447 | READ | (address) rank: 1 bankgroup: 1 bank: 2 row: 0 column: 57 addr: 0X37280[0m
[1;33m[1;36m [IssueCommand] cid: 1 clk: 51447 | READ | (address) rank: 1 bankgroup: 1 bank: 2 row: 0 column: 57 addr: 0X372A0[0m
[1;33m[1;35m [ReturnDoneRead] cid: 0 clk: 51472 | READ | addr: 0X37280[0m
[1;33m[1;35m [ReturnDoneRead] cid: 1 clk: 51472 | READ | addr: 0X372A0[0m
48229264: system.mem_ctrl: Read to address 225920 complete
48229264: system.mem_ctrl: Access for address 225920
48229264: system.mem_ctrl: Queuing response for address 225920
48237264: system.mem_ctrl: Attempting to send response
48237264: system.mem_ctrl: Have 0 read, 0 write, 0 responses outstanding
48314000: system.mem_ctrl: Enqueueing address 225984
[1;33m[1;35m [AddTransaction(RD)] cid: 2 clk: 51563 | READ | addr: 0X372C0[0m
[1;33m[1;35m [AddTransaction(RD)] cid: 3 clk: 51563 | READ | addr: 0X372E0[0m
[1;33m[1;36m [AddCommand] cid: 2 clk: 51563 | READ | (address) rank: 1 bankgroup: 1 bank: 2 row: 0 column: 57 addr: 0X372C0[0m
[1;33m[1;36m [AddCommand] cid: 3 clk: 51563 | READ | (address) rank: 1 bankgroup: 1 bank: 2 row: 0 column: 57 addr: 0X372E0[0m
[1;33m[1;36m [IssueCommand] cid: 2 clk: 51564 | ACTIVATE | (address) rank: 1 bankgroup: 1 bank: 2 row: 0 column: 57 addr: 0X372C0[0m
[1;33m[1;36m [IssueCommand] cid: 3 clk: 51564 | ACTIVATE | (address) rank: 1 bankgroup: 1 bank: 2 row: 0 column: 57 addr: 0X372E0[0m
[1;33m[1;36m [IssueCommand] cid: 2 clk: 51583 | READ | (address) rank: 1 bankgroup: 1 bank: 2 row: 0 column: 57 addr: 0X372C0[0m
[1;33m[1;36m [IssueCommand] cid: 3 clk: 51583 | READ | (address) rank: 1 bankgroup: 1 bank: 2 row: 0 column: 57 addr: 0X372E0[0m
[1;33m[1;35m [ReturnDoneRead] cid: 2 clk: 51608 | READ | addr: 0X372C0[0m
[1;33m[1;35m [ReturnDoneRead] cid: 3 clk: 51608 | READ | addr: 0X372E0[0m
48356696: system.mem_ctrl: Read to address 225984 complete
48356696: system.mem_ctrl: Access for address 225984
48356696: system.mem_ctrl: Queuing response for address 225984
48364696: system.mem_ctrl: Attempting to send response
48364696: system.mem_ctrl: Have 0 read, 0 write, 0 responses outstanding
48585000: system.mem_ctrl: Enqueueing address 226304
[1;33m[1;35m [AddTransaction(RD)] cid: 0 clk: 51852 | READ | addr: 0X37400[0m
[1;33m[1;35m [AddTransaction(RD)] cid: 1 clk: 51852 | READ | addr: 0X37420[0m
[1;33m[1;36m [AddCommand] cid: 0 clk: 51852 | READ | (address) rank: 1 bankgroup: 0 bank: 2 row: 0 column: 58 addr: 0X37400[0m
[1;33m[1;36m [AddCommand] cid: 1 clk: 51852 | READ | (address) rank: 1 bankgroup: 0 bank: 2 row: 0 column: 58 addr: 0X37420[0m
[1;33m[1;36m [IssueCommand] cid: 0 clk: 51853 | ACTIVATE | (address) rank: 1 bankgroup: 0 bank: 2 row: 0 column: 58 addr: 0X37400[0m
[1;33m[1;36m [IssueCommand] cid: 1 clk: 51853 | ACTIVATE | (address) rank: 1 bankgroup: 0 bank: 2 row: 0 column: 58 addr: 0X37420[0m
[1;33m[1;36m [IssueCommand] cid: 0 clk: 51872 | READ | (address) rank: 1 bankgroup: 0 bank: 2 row: 0 column: 58 addr: 0X37400[0m
[1;33m[1;36m [IssueCommand] cid: 1 clk: 51872 | READ | (address) rank: 1 bankgroup: 0 bank: 2 row: 0 column: 58 addr: 0X37420[0m
[1;33m[1;35m [ReturnDoneRead] cid: 0 clk: 51897 | READ | addr: 0X37400[0m
[1;33m[1;35m [ReturnDoneRead] cid: 1 clk: 51897 | READ | addr: 0X37420[0m
48627489: system.mem_ctrl: Read to address 226304 complete
48627489: system.mem_ctrl: Access for address 226304
48627489: system.mem_ctrl: Queuing response for address 226304
48635489: system.mem_ctrl: Attempting to send response
48635489: system.mem_ctrl: Have 0 read, 0 write, 0 responses outstanding
[1;33m[1;36m [IssueCommand] cid: 0 clk: 52075 | PRECHARGE | (address) rank: 0 bankgroup: 0 bank: 2 row: -1 column: -1 addr: 0XFFFFFFFFFFFFFFFF[0m
[1;33m[1;36m [IssueCommand] cid: 1 clk: 52075 | PRECHARGE | (address) rank: 0 bankgroup: 0 bank: 2 row: -1 column: -1 addr: 0XFFFFFFFFFFFFFFFF[0m
[1;33m[1;36m [IssueCommand] cid: 2 clk: 52075 | PRECHARGE | (address) rank: 0 bankgroup: 1 bank: 2 row: -1 column: -1 addr: 0XFFFFFFFFFFFFFFFF[0m
[1;33m[1;36m [IssueCommand] cid: 3 clk: 52075 | PRECHARGE | (address) rank: 0 bankgroup: 1 bank: 2 row: -1 column: -1 addr: 0XFFFFFFFFFFFFFFFF[0m
[1;33m[1;36m [IssueCommand] cid: 0 clk: 52076 | PRECHARGE | (address) rank: 0 bankgroup: 2 bank: 2 row: -1 column: -1 addr: 0XFFFFFFFFFFFFFFFF[0m
[1;33m[1;36m [IssueCommand] cid: 1 clk: 52076 | PRECHARGE | (address) rank: 0 bankgroup: 2 bank: 2 row: -1 column: -1 addr: 0XFFFFFFFFFFFFFFFF[0m
[1;33m[1;36m [IssueCommand] cid: 2 clk: 52076 | PRECHARGE | (address) rank: 0 bankgroup: 2 bank: 2 row: -1 column: -1 addr: 0XFFFFFFFFFFFFFFFF[0m
[1;33m[1;36m [IssueCommand] cid: 3 clk: 52076 | PRECHARGE | (address) rank: 0 bankgroup: 2 bank: 2 row: -1 column: -1 addr: 0XFFFFFFFFFFFFFFFF[0m
[1;33m[1;36m [IssueCommand] cid: 0 clk: 52077 | PRECHARGE | (address) rank: 0 bankgroup: 3 bank: 0 row: -1 column: -1 addr: 0XFFFFFFFFFFFFFFFF[0m
[1;33m[1;36m [IssueCommand] cid: 1 clk: 52077 | PRECHARGE | (address) rank: 0 bankgroup: 3 bank: 0 row: -1 column: -1 addr: 0XFFFFFFFFFFFFFFFF[0m
[1;33m[1;36m [IssueCommand] cid: 2 clk: 52077 | PRECHARGE | (address) rank: 0 bankgroup: 3 bank: 0 row: -1 column: -1 addr: 0XFFFFFFFFFFFFFFFF[0m
[1;33m[1;36m [IssueCommand] cid: 3 clk: 52077 | PRECHARGE | (address) rank: 0 bankgroup: 3 bank: 0 row: -1 column: -1 addr: 0XFFFFFFFFFFFFFFFF[0m
[1;33m[1;36m [IssueCommand] cid: 0 clk: 52078 | PRECHARGE | (address) rank: 0 bankgroup: 3 bank: 2 row: -1 column: -1 addr: 0XFFFFFFFFFFFFFFFF[0m
[1;33m[1;36m [IssueCommand] cid: 1 clk: 52078 | PRECHARGE | (address) rank: 0 bankgroup: 3 bank: 2 row: -1 column: -1 addr: 0XFFFFFFFFFFFFFFFF[0m
[1;33m[1;36m [IssueCommand] cid: 2 clk: 52078 | PRECHARGE | (address) rank: 0 bankgroup: 3 bank: 1 row: -1 column: -1 addr: 0XFFFFFFFFFFFFFFFF[0m
[1;33m[1;36m [IssueCommand] cid: 3 clk: 52078 | PRECHARGE | (address) rank: 0 bankgroup: 3 bank: 1 row: -1 column: -1 addr: 0XFFFFFFFFFFFFFFFF[0m
48798000: system.mem_ctrl: Enqueueing address 226368
[1;33m[1;35m [AddTransaction(RD)] cid: 2 clk: 52079 | READ | addr: 0X37440[0m
[1;33m[1;35m [AddTransaction(RD)] cid: 3 clk: 52079 | READ | addr: 0X37460[0m
[1;33m[1;36m [IssueCommand] cid: 2 clk: 52079 | PRECHARGE | (address) rank: 0 bankgroup: 3 bank: 2 row: -1 column: -1 addr: 0XFFFFFFFFFFFFFFFF[0m
[1;33m[1;36m [AddCommand] cid: 2 clk: 52079 | READ | (address) rank: 1 bankgroup: 0 bank: 2 row: 0 column: 58 addr: 0X37440[0m
[1;33m[1;36m [IssueCommand] cid: 3 clk: 52079 | PRECHARGE | (address) rank: 0 bankgroup: 3 bank: 2 row: -1 column: -1 addr: 0XFFFFFFFFFFFFFFFF[0m
[1;33m[1;36m [AddCommand] cid: 3 clk: 52079 | READ | (address) rank: 1 bankgroup: 0 bank: 2 row: 0 column: 58 addr: 0X37460[0m
[1;33m[1;36m [IssueCommand] cid: 0 clk: 52097 | REFRESH | (address) rank: 0 bankgroup: -1 bank: -1 row: -1 column: -1 addr: 0XFFFFFFFFFFFFFFFF[0m
[1;33m[1;36m [IssueCommand] cid: 1 clk: 52097 | REFRESH | (address) rank: 0 bankgroup: -1 bank: -1 row: -1 column: -1 addr: 0XFFFFFFFFFFFFFFFF[0m
[1;33m[1;36m [IssueCommand] cid: 2 clk: 52098 | REFRESH | (address) rank: 0 bankgroup: -1 bank: -1 row: -1 column: -1 addr: 0XFFFFFFFFFFFFFFFF[0m
[1;33m[1;36m [IssueCommand] cid: 3 clk: 52098 | REFRESH | (address) rank: 0 bankgroup: -1 bank: -1 row: -1 column: -1 addr: 0XFFFFFFFFFFFFFFFF[0m
[1;33m[1;36m [IssueCommand] cid: 2 clk: 52099 | ACTIVATE | (address) rank: 1 bankgroup: 0 bank: 2 row: 0 column: 58 addr: 0X37440[0m
[1;33m[1;36m [IssueCommand] cid: 3 clk: 52099 | ACTIVATE | (address) rank: 1 bankgroup: 0 bank: 2 row: 0 column: 58 addr: 0X37460[0m
[1;33m[1;36m [IssueCommand] cid: 2 clk: 52118 | READ | (address) rank: 1 bankgroup: 0 bank: 2 row: 0 column: 58 addr: 0X37440[0m
[1;33m[1;36m [IssueCommand] cid: 3 clk: 52118 | READ | (address) rank: 1 bankgroup: 0 bank: 2 row: 0 column: 58 addr: 0X37460[0m
[1;33m[1;35m [ReturnDoneRead] cid: 2 clk: 52143 | READ | addr: 0X37440[0m
[1;33m[1;35m [ReturnDoneRead] cid: 3 clk: 52143 | READ | addr: 0X37460[0m
48857991: system.mem_ctrl: Read to address 226368 complete
48857991: system.mem_ctrl: Access for address 226368
48857991: system.mem_ctrl: Queuing response for address 226368
48865991: system.mem_ctrl: Attempting to send response
48865991: system.mem_ctrl: Have 0 read, 0 write, 0 responses outstanding
48932000: system.mem_ctrl: Enqueueing address 226112
[1;33m[1;35m [AddTransaction(RD)] cid: 2 clk: 52222 | READ | addr: 0X37340[0m
[1;33m[1;35m [AddTransaction(RD)] cid: 3 clk: 52222 | READ | addr: 0X37360[0m
[1;33m[1;36m [AddCommand] cid: 2 clk: 52222 | READ | (address) rank: 1 bankgroup: 2 bank: 2 row: 0 column: 57 addr: 0X37340[0m
[1;33m[1;36m [AddCommand] cid: 3 clk: 52222 | READ | (address) rank: 1 bankgroup: 2 bank: 2 row: 0 column: 57 addr: 0X37360[0m
[1;33m[1;36m [IssueCommand] cid: 2 clk: 52223 | READ | (address) rank: 1 bankgroup: 2 bank: 2 row: 0 column: 57 addr: 0X37340[0m
[1;33m[1;36m [IssueCommand] cid: 3 clk: 52223 | READ | (address) rank: 1 bankgroup: 2 bank: 2 row: 0 column: 57 addr: 0X37360[0m
[1;33m[1;35m [ReturnDoneRead] cid: 2 clk: 52248 | READ | addr: 0X37340[0m
[1;33m[1;35m [ReturnDoneRead] cid: 3 clk: 52248 | READ | addr: 0X37360[0m
48956376: system.mem_ctrl: Read to address 226112 complete
48956376: system.mem_ctrl: Access for address 226112
48956376: system.mem_ctrl: Queuing response for address 226112
48964376: system.mem_ctrl: Attempting to send response
48964376: system.mem_ctrl: Have 0 read, 0 write, 0 responses outstanding
49049000: system.mem_ctrl: Enqueueing address 226176
[1;33m[1;35m [AddTransaction(RD)] cid: 0 clk: 52347 | READ | addr: 0X37380[0m
[1;33m[1;35m [AddTransaction(RD)] cid: 1 clk: 52347 | READ | addr: 0X373A0[0m
[1;33m[1;36m [AddCommand] cid: 0 clk: 52347 | READ | (address) rank: 1 bankgroup: 3 bank: 2 row: 0 column: 57 addr: 0X37380[0m
[1;33m[1;36m [AddCommand] cid: 1 clk: 52347 | READ | (address) rank: 1 bankgroup: 3 bank: 2 row: 0 column: 57 addr: 0X373A0[0m
[1;33m[1;36m [IssueCommand] cid: 0 clk: 52348 | ACTIVATE | (address) rank: 1 bankgroup: 3 bank: 2 row: 0 column: 57 addr: 0X37380[0m
[1;33m[1;36m [IssueCommand] cid: 1 clk: 52348 | ACTIVATE | (address) rank: 1 bankgroup: 3 bank: 2 row: 0 column: 57 addr: 0X373A0[0m
[1;33m[1;36m [IssueCommand] cid: 0 clk: 52367 | READ | (address) rank: 1 bankgroup: 3 bank: 2 row: 0 column: 57 addr: 0X37380[0m
[1;33m[1;36m [IssueCommand] cid: 1 clk: 52367 | READ | (address) rank: 1 bankgroup: 3 bank: 2 row: 0 column: 57 addr: 0X373A0[0m
[1;33m[1;35m [ReturnDoneRead] cid: 0 clk: 52392 | READ | addr: 0X37380[0m
[1;33m[1;35m [ReturnDoneRead] cid: 1 clk: 52392 | READ | addr: 0X373A0[0m
49091304: system.mem_ctrl: Read to address 226176 complete
49091304: system.mem_ctrl: Access for address 226176
49091304: system.mem_ctrl: Queuing response for address 226176
49099304: system.mem_ctrl: Attempting to send response
49099304: system.mem_ctrl: Have 0 read, 0 write, 0 responses outstanding
49782000: system.mem_ctrl: Enqueueing address 458752
[1;33m[1;35m [AddTransaction(RD)] cid: 0 clk: 53130 | READ | addr: 0X70000[0m
[1;33m[1;35m [AddTransaction(RD)] cid: 1 clk: 53130 | READ | addr: 0X70020[0m
[1;33m[1;36m [AddCommand] cid: 0 clk: 53130 | READ | (address) rank: 1 bankgroup: 0 bank: 2 row: 1 column: 0 addr: 0X70000[0m
[1;33m[1;36m [AddCommand] cid: 1 clk: 53130 | READ | (address) rank: 1 bankgroup: 0 bank: 2 row: 1 column: 0 addr: 0X70020[0m
[1;33m[1;36m [IssueCommand] cid: 0 clk: 53131 | PRECHARGE | (address) rank: 1 bankgroup: 0 bank: 2 row: 1 column: 0 addr: 0X70000[0m
[1;33m[1;36m [IssueCommand] cid: 1 clk: 53131 | PRECHARGE | (address) rank: 1 bankgroup: 0 bank: 2 row: 1 column: 0 addr: 0X70020[0m
[1;33m[1;36m [IssueCommand] cid: 0 clk: 53150 | ACTIVATE | (address) rank: 1 bankgroup: 0 bank: 2 row: 1 column: 0 addr: 0X70000[0m
[1;33m[1;36m [IssueCommand] cid: 1 clk: 53150 | ACTIVATE | (address) rank: 1 bankgroup: 0 bank: 2 row: 1 column: 0 addr: 0X70020[0m
[1;33m[1;36m [IssueCommand] cid: 0 clk: 53169 | READ | (address) rank: 1 bankgroup: 0 bank: 2 row: 1 column: 0 addr: 0X70000[0m
[1;33m[1;36m [IssueCommand] cid: 1 clk: 53169 | READ | (address) rank: 1 bankgroup: 0 bank: 2 row: 1 column: 0 addr: 0X70020[0m
[1;33m[1;35m [ReturnDoneRead] cid: 0 clk: 53194 | READ | addr: 0X70000[0m
[1;33m[1;35m [ReturnDoneRead] cid: 1 clk: 53194 | READ | addr: 0X70020[0m
49842778: system.mem_ctrl: Read to address 458752 complete
49842778: system.mem_ctrl: Access for address 458752
49842778: system.mem_ctrl: Queuing response for address 458752
49850778: system.mem_ctrl: Attempting to send response
49850778: system.mem_ctrl: Have 0 read, 0 write, 0 responses outstanding
50029000: system.mem_ctrl: Enqueueing address 227200
[1;33m[1;35m [AddTransaction(RD)] cid: 0 clk: 53393 | READ | addr: 0X37780[0m
[1;33m[1;35m [AddTransaction(RD)] cid: 1 clk: 53393 | READ | addr: 0X377A0[0m
[1;33m[1;36m [AddCommand] cid: 0 clk: 53393 | READ | (address) rank: 1 bankgroup: 3 bank: 2 row: 0 column: 59 addr: 0X37780[0m
[1;33m[1;36m [AddCommand] cid: 1 clk: 53393 | READ | (address) rank: 1 bankgroup: 3 bank: 2 row: 0 column: 59 addr: 0X377A0[0m
[1;33m[1;36m [IssueCommand] cid: 0 clk: 53394 | READ | (address) rank: 1 bankgroup: 3 bank: 2 row: 0 column: 59 addr: 0X37780[0m
[1;33m[1;36m [IssueCommand] cid: 1 clk: 53394 | READ | (address) rank: 1 bankgroup: 3 bank: 2 row: 0 column: 59 addr: 0X377A0[0m
[1;33m[1;35m [ReturnDoneRead] cid: 0 clk: 53419 | READ | addr: 0X37780[0m
[1;33m[1;35m [ReturnDoneRead] cid: 1 clk: 53419 | READ | addr: 0X377A0[0m
50053603: system.mem_ctrl: Read to address 227200 complete
50053603: system.mem_ctrl: Access for address 227200
50053603: system.mem_ctrl: Queuing response for address 227200
50061603: system.mem_ctrl: Attempting to send response
50061603: system.mem_ctrl: Have 0 read, 0 write, 0 responses outstanding
[1;33m[1;36m [IssueCommand] cid: 0 clk: 54158 | PRECHARGE | (address) rank: 1 bankgroup: 0 bank: 2 row: -1 column: -1 addr: 0XFFFFFFFFFFFFFFFF[0m
[1;33m[1;36m [IssueCommand] cid: 1 clk: 54158 | PRECHARGE | (address) rank: 1 bankgroup: 0 bank: 2 row: -1 column: -1 addr: 0XFFFFFFFFFFFFFFFF[0m
[1;33m[1;36m [IssueCommand] cid: 2 clk: 54158 | PRECHARGE | (address) rank: 1 bankgroup: 0 bank: 2 row: -1 column: -1 addr: 0XFFFFFFFFFFFFFFFF[0m
[1;33m[1;36m [IssueCommand] cid: 3 clk: 54158 | PRECHARGE | (address) rank: 1 bankgroup: 0 bank: 2 row: -1 column: -1 addr: 0XFFFFFFFFFFFFFFFF[0m
[1;33m[1;36m [IssueCommand] cid: 0 clk: 54159 | PRECHARGE | (address) rank: 1 bankgroup: 1 bank: 2 row: -1 column: -1 addr: 0XFFFFFFFFFFFFFFFF[0m
[1;33m[1;36m [IssueCommand] cid: 1 clk: 54159 | PRECHARGE | (address) rank: 1 bankgroup: 1 bank: 2 row: -1 column: -1 addr: 0XFFFFFFFFFFFFFFFF[0m
[1;33m[1;36m [IssueCommand] cid: 2 clk: 54159 | PRECHARGE | (address) rank: 1 bankgroup: 1 bank: 2 row: -1 column: -1 addr: 0XFFFFFFFFFFFFFFFF[0m
[1;33m[1;36m [IssueCommand] cid: 3 clk: 54159 | PRECHARGE | (address) rank: 1 bankgroup: 1 bank: 2 row: -1 column: -1 addr: 0XFFFFFFFFFFFFFFFF[0m
[1;33m[1;36m [IssueCommand] cid: 0 clk: 54160 | PRECHARGE | (address) rank: 1 bankgroup: 2 bank: 2 row: -1 column: -1 addr: 0XFFFFFFFFFFFFFFFF[0m
[1;33m[1;36m [IssueCommand] cid: 1 clk: 54160 | PRECHARGE | (address) rank: 1 bankgroup: 2 bank: 2 row: -1 column: -1 addr: 0XFFFFFFFFFFFFFFFF[0m
[1;33m[1;36m [IssueCommand] cid: 2 clk: 54160 | PRECHARGE | (address) rank: 1 bankgroup: 2 bank: 2 row: -1 column: -1 addr: 0XFFFFFFFFFFFFFFFF[0m
[1;33m[1;36m [IssueCommand] cid: 3 clk: 54160 | PRECHARGE | (address) rank: 1 bankgroup: 2 bank: 2 row: -1 column: -1 addr: 0XFFFFFFFFFFFFFFFF[0m
[1;33m[1;36m [IssueCommand] cid: 0 clk: 54161 | PRECHARGE | (address) rank: 1 bankgroup: 3 bank: 2 row: -1 column: -1 addr: 0XFFFFFFFFFFFFFFFF[0m
[1;33m[1;36m [IssueCommand] cid: 1 clk: 54161 | PRECHARGE | (address) rank: 1 bankgroup: 3 bank: 2 row: -1 column: -1 addr: 0XFFFFFFFFFFFFFFFF[0m
[1;33m[1;36m [IssueCommand] cid: 2 clk: 54161 | PRECHARGE | (address) rank: 1 bankgroup: 3 bank: 0 row: -1 column: -1 addr: 0XFFFFFFFFFFFFFFFF[0m
[1;33m[1;36m [IssueCommand] cid: 3 clk: 54161 | PRECHARGE | (address) rank: 1 bankgroup: 3 bank: 0 row: -1 column: -1 addr: 0XFFFFFFFFFFFFFFFF[0m
[1;33m[1;36m [IssueCommand] cid: 2 clk: 54162 | PRECHARGE | (address) rank: 1 bankgroup: 3 bank: 2 row: -1 column: -1 addr: 0XFFFFFFFFFFFFFFFF[0m
[1;33m[1;36m [IssueCommand] cid: 3 clk: 54162 | PRECHARGE | (address) rank: 1 bankgroup: 3 bank: 2 row: -1 column: -1 addr: 0XFFFFFFFFFFFFFFFF[0m
[1;33m[1;36m [IssueCommand] cid: 0 clk: 54180 | REFRESH | (address) rank: 1 bankgroup: -1 bank: -1 row: -1 column: -1 addr: 0XFFFFFFFFFFFFFFFF[0m
[1;33m[1;36m [IssueCommand] cid: 1 clk: 54180 | REFRESH | (address) rank: 1 bankgroup: -1 bank: -1 row: -1 column: -1 addr: 0XFFFFFFFFFFFFFFFF[0m
[1;33m[1;36m [IssueCommand] cid: 2 clk: 54181 | REFRESH | (address) rank: 1 bankgroup: -1 bank: -1 row: -1 column: -1 addr: 0XFFFFFFFFFFFFFFFF[0m
[1;33m[1;36m [IssueCommand] cid: 3 clk: 54181 | REFRESH | (address) rank: 1 bankgroup: -1 bank: -1 row: -1 column: -1 addr: 0XFFFFFFFFFFFFFFFF[0m
50782000: system.mem_ctrl: Enqueueing address 226432
[1;33m[1;35m [AddTransaction(RD)] cid: 0 clk: 54197 | READ | addr: 0X37480[0m
[1;33m[1;35m [AddTransaction(RD)] cid: 1 clk: 54197 | READ | addr: 0X374A0[0m
[1;33m[1;36m [AddCommand] cid: 0 clk: 54197 | READ | (address) rank: 1 bankgroup: 1 bank: 2 row: 0 column: 58 addr: 0X37480[0m
[1;33m[1;36m [AddCommand] cid: 1 clk: 54197 | READ | (address) rank: 1 bankgroup: 1 bank: 2 row: 0 column: 58 addr: 0X374A0[0m
[1;33m[1;36m [IssueCommand] cid: 0 clk: 54479 | ACTIVATE | (address) rank: 1 bankgroup: 1 bank: 2 row: 0 column: 58 addr: 0X37480[0m
[1;33m[1;36m [IssueCommand] cid: 1 clk: 54479 | ACTIVATE | (address) rank: 1 bankgroup: 1 bank: 2 row: 0 column: 58 addr: 0X374A0[0m
[1;33m[1;36m [IssueCommand] cid: 0 clk: 54498 | READ | (address) rank: 1 bankgroup: 1 bank: 2 row: 0 column: 58 addr: 0X37480[0m
[1;33m[1;36m [IssueCommand] cid: 1 clk: 54498 | READ | (address) rank: 1 bankgroup: 1 bank: 2 row: 0 column: 58 addr: 0X374A0[0m
[1;33m[1;35m [ReturnDoneRead] cid: 0 clk: 54523 | READ | addr: 0X37480[0m
[1;33m[1;35m [ReturnDoneRead] cid: 1 clk: 54523 | READ | addr: 0X374A0[0m
51088051: system.mem_ctrl: Read to address 226432 complete
51088051: system.mem_ctrl: Access for address 226432
51088051: system.mem_ctrl: Queuing response for address 226432
51096051: system.mem_ctrl: Attempting to send response
51096051: system.mem_ctrl: Have 0 read, 0 write, 0 responses outstanding
51215000: system.mem_ctrl: Enqueueing address 226496
[1;33m[1;35m [AddTransaction(RD)] cid: 2 clk: 54659 | READ | addr: 0X374C0[0m
[1;33m[1;35m [AddTransaction(RD)] cid: 3 clk: 54659 | READ | addr: 0X374E0[0m
[1;33m[1;36m [AddCommand] cid: 2 clk: 54659 | READ | (address) rank: 1 bankgroup: 1 bank: 2 row: 0 column: 58 addr: 0X374C0[0m
[1;33m[1;36m [AddCommand] cid: 3 clk: 54659 | READ | (address) rank: 1 bankgroup: 1 bank: 2 row: 0 column: 58 addr: 0X374E0[0m
[1;33m[1;36m [IssueCommand] cid: 2 clk: 54660 | ACTIVATE | (address) rank: 1 bankgroup: 1 bank: 2 row: 0 column: 58 addr: 0X374C0[0m
[1;33m[1;36m [IssueCommand] cid: 3 clk: 54660 | ACTIVATE | (address) rank: 1 bankgroup: 1 bank: 2 row: 0 column: 58 addr: 0X374E0[0m
[1;33m[1;36m [IssueCommand] cid: 2 clk: 54679 | READ | (address) rank: 1 bankgroup: 1 bank: 2 row: 0 column: 58 addr: 0X374C0[0m
[1;33m[1;36m [IssueCommand] cid: 3 clk: 54679 | READ | (address) rank: 1 bankgroup: 1 bank: 2 row: 0 column: 58 addr: 0X374E0[0m
[1;33m[1;35m [ReturnDoneRead] cid: 2 clk: 54704 | READ | addr: 0X374C0[0m
[1;33m[1;35m [ReturnDoneRead] cid: 3 clk: 54704 | READ | addr: 0X374E0[0m
51257648: system.mem_ctrl: Read to address 226496 complete
51257648: system.mem_ctrl: Access for address 226496
51257648: system.mem_ctrl: Queuing response for address 226496
51265648: system.mem_ctrl: Attempting to send response
51265648: system.mem_ctrl: Have 0 read, 0 write, 0 responses outstanding
51354000: system.mem_ctrl: Enqueueing address 413568
[1;33m[1;35m [AddTransaction(RD)] cid: 0 clk: 54807 | READ | addr: 0X64F80[0m
[1;33m[1;35m [AddTransaction(RD)] cid: 1 clk: 54807 | READ | addr: 0X64FA0[0m
[1;33m[1;36m [AddCommand] cid: 0 clk: 54807 | READ | (address) rank: 1 bankgroup: 3 bank: 0 row: 1 column: 39 addr: 0X64F80[0m
[1;33m[1;36m [AddCommand] cid: 1 clk: 54807 | READ | (address) rank: 1 bankgroup: 3 bank: 0 row: 1 column: 39 addr: 0X64FA0[0m
[1;33m[1;36m [IssueCommand] cid: 0 clk: 54808 | ACTIVATE | (address) rank: 1 bankgroup: 3 bank: 0 row: 1 column: 39 addr: 0X64F80[0m
[1;33m[1;36m [IssueCommand] cid: 1 clk: 54808 | ACTIVATE | (address) rank: 1 bankgroup: 3 bank: 0 row: 1 column: 39 addr: 0X64FA0[0m
[1;33m[1;36m [IssueCommand] cid: 0 clk: 54827 | READ | (address) rank: 1 bankgroup: 3 bank: 0 row: 1 column: 39 addr: 0X64F80[0m
[1;33m[1;36m [IssueCommand] cid: 1 clk: 54827 | READ | (address) rank: 1 bankgroup: 3 bank: 0 row: 1 column: 39 addr: 0X64FA0[0m
[1;33m[1;35m [ReturnDoneRead] cid: 0 clk: 54852 | READ | addr: 0X64F80[0m
[1;33m[1;35m [ReturnDoneRead] cid: 1 clk: 54852 | READ | addr: 0X64FA0[0m
51396324: system.mem_ctrl: Read to address 413568 complete
51396324: system.mem_ctrl: Access for address 413568
51396324: system.mem_ctrl: Queuing response for address 413568
51404324: system.mem_ctrl: Attempting to send response
51404324: system.mem_ctrl: Have 0 read, 0 write, 0 responses outstanding
51465000: system.mem_ctrl: Enqueueing address 227264
[1;33m[1;35m [AddTransaction(RD)] cid: 2 clk: 54926 | READ | addr: 0X377C0[0m
[1;33m[1;35m [AddTransaction(RD)] cid: 3 clk: 54926 | READ | addr: 0X377E0[0m
[1;33m[1;36m [AddCommand] cid: 2 clk: 54926 | READ | (address) rank: 1 bankgroup: 3 bank: 2 row: 0 column: 59 addr: 0X377C0[0m
[1;33m[1;36m [AddCommand] cid: 3 clk: 54926 | READ | (address) rank: 1 bankgroup: 3 bank: 2 row: 0 column: 59 addr: 0X377E0[0m
[1;33m[1;36m [IssueCommand] cid: 2 clk: 54927 | ACTIVATE | (address) rank: 1 bankgroup: 3 bank: 2 row: 0 column: 59 addr: 0X377C0[0m
[1;33m[1;36m [IssueCommand] cid: 3 clk: 54927 | ACTIVATE | (address) rank: 1 bankgroup: 3 bank: 2 row: 0 column: 59 addr: 0X377E0[0m
[1;33m[1;36m [IssueCommand] cid: 2 clk: 54946 | READ | (address) rank: 1 bankgroup: 3 bank: 2 row: 0 column: 59 addr: 0X377C0[0m
[1;33m[1;36m [IssueCommand] cid: 3 clk: 54946 | READ | (address) rank: 1 bankgroup: 3 bank: 2 row: 0 column: 59 addr: 0X377E0[0m
[1;33m[1;35m [ReturnDoneRead] cid: 2 clk: 54971 | READ | addr: 0X377C0[0m
[1;33m[1;35m [ReturnDoneRead] cid: 3 clk: 54971 | READ | addr: 0X377E0[0m
51507827: system.mem_ctrl: Read to address 227264 complete
51507827: system.mem_ctrl: Access for address 227264
51507827: system.mem_ctrl: Queuing response for address 227264
51515827: system.mem_ctrl: Attempting to send response
51515827: system.mem_ctrl: Have 0 read, 0 write, 0 responses outstanding
51670000: system.mem_ctrl: Enqueueing address 200960
[1;33m[1;35m [AddTransaction(RD)] cid: 0 clk: 55145 | READ | addr: 0X31100[0m
[1;33m[1;35m [AddTransaction(RD)] cid: 1 clk: 55145 | READ | addr: 0X31120[0m
[1;33m[1;36m [AddCommand] cid: 0 clk: 55145 | READ | (address) rank: 1 bankgroup: 2 bank: 2 row: 0 column: 8 addr: 0X31100[0m
[1;33m[1;36m [AddCommand] cid: 1 clk: 55145 | READ | (address) rank: 1 bankgroup: 2 bank: 2 row: 0 column: 8 addr: 0X31120[0m
[1;33m[1;36m [IssueCommand] cid: 0 clk: 55146 | ACTIVATE | (address) rank: 1 bankgroup: 2 bank: 2 row: 0 column: 8 addr: 0X31100[0m
[1;33m[1;36m [IssueCommand] cid: 1 clk: 55146 | ACTIVATE | (address) rank: 1 bankgroup: 2 bank: 2 row: 0 column: 8 addr: 0X31120[0m
[1;33m[1;36m [IssueCommand] cid: 0 clk: 55165 | READ | (address) rank: 1 bankgroup: 2 bank: 2 row: 0 column: 8 addr: 0X31100[0m
[1;33m[1;36m [IssueCommand] cid: 1 clk: 55165 | READ | (address) rank: 1 bankgroup: 2 bank: 2 row: 0 column: 8 addr: 0X31120[0m
[1;33m[1;35m [ReturnDoneRead] cid: 0 clk: 55190 | READ | addr: 0X31100[0m
[1;33m[1;35m [ReturnDoneRead] cid: 1 clk: 55190 | READ | addr: 0X31120[0m
51713030: system.mem_ctrl: Read to address 200960 complete
51713030: system.mem_ctrl: Access for address 200960
51713030: system.mem_ctrl: Queuing response for address 200960
51721030: system.mem_ctrl: Attempting to send response
51721030: system.mem_ctrl: Have 0 read, 0 write, 0 responses outstanding
51792000: system.mem_ctrl: Enqueueing address 201024
[1;33m[1;35m [AddTransaction(RD)] cid: 2 clk: 55275 | READ | addr: 0X31140[0m
[1;33m[1;35m [AddTransaction(RD)] cid: 3 clk: 55275 | READ | addr: 0X31160[0m
[1;33m[1;36m [AddCommand] cid: 2 clk: 55275 | READ | (address) rank: 1 bankgroup: 2 bank: 2 row: 0 column: 8 addr: 0X31140[0m
[1;33m[1;36m [AddCommand] cid: 3 clk: 55275 | READ | (address) rank: 1 bankgroup: 2 bank: 2 row: 0 column: 8 addr: 0X31160[0m
[1;33m[1;36m [IssueCommand] cid: 2 clk: 55276 | ACTIVATE | (address) rank: 1 bankgroup: 2 bank: 2 row: 0 column: 8 addr: 0X31140[0m
[1;33m[1;36m [IssueCommand] cid: 3 clk: 55276 | ACTIVATE | (address) rank: 1 bankgroup: 2 bank: 2 row: 0 column: 8 addr: 0X31160[0m
[1;33m[1;36m [IssueCommand] cid: 2 clk: 55295 | READ | (address) rank: 1 bankgroup: 2 bank: 2 row: 0 column: 8 addr: 0X31140[0m
[1;33m[1;36m [IssueCommand] cid: 3 clk: 55295 | READ | (address) rank: 1 bankgroup: 2 bank: 2 row: 0 column: 8 addr: 0X31160[0m
[1;33m[1;35m [ReturnDoneRead] cid: 2 clk: 55320 | READ | addr: 0X31140[0m
[1;33m[1;35m [ReturnDoneRead] cid: 3 clk: 55320 | READ | addr: 0X31160[0m
51834840: system.mem_ctrl: Read to address 201024 complete
51834840: system.mem_ctrl: Access for address 201024
51834840: system.mem_ctrl: Queuing response for address 201024
51842840: system.mem_ctrl: Attempting to send response
51842840: system.mem_ctrl: Have 0 read, 0 write, 0 responses outstanding
51919000: system.mem_ctrl: Enqueueing address 75264
[1;33m[1;35m [AddTransaction(RD)] cid: 0 clk: 55410 | READ | addr: 0X12600[0m
[1;33m[1;35m [AddTransaction(RD)] cid: 1 clk: 55410 | READ | addr: 0X12620[0m
[1;33m[1;36m [AddCommand] cid: 0 clk: 55410 | READ | (address) rank: 0 bankgroup: 0 bank: 2 row: 0 column: 19 addr: 0X12600[0m
[1;33m[1;36m [AddCommand] cid: 1 clk: 55410 | READ | (address) rank: 0 bankgroup: 0 bank: 2 row: 0 column: 19 addr: 0X12620[0m
[1;33m[1;36m [IssueCommand] cid: 0 clk: 55411 | ACTIVATE | (address) rank: 0 bankgroup: 0 bank: 2 row: 0 column: 19 addr: 0X12600[0m
[1;33m[1;36m [IssueCommand] cid: 1 clk: 55411 | ACTIVATE | (address) rank: 0 bankgroup: 0 bank: 2 row: 0 column: 19 addr: 0X12620[0m
[1;33m[1;36m [IssueCommand] cid: 0 clk: 55430 | READ | (address) rank: 0 bankgroup: 0 bank: 2 row: 0 column: 19 addr: 0X12600[0m
[1;33m[1;36m [IssueCommand] cid: 1 clk: 55430 | READ | (address) rank: 0 bankgroup: 0 bank: 2 row: 0 column: 19 addr: 0X12620[0m
[1;33m[1;35m [ReturnDoneRead] cid: 0 clk: 55455 | READ | addr: 0X12600[0m
[1;33m[1;35m [ReturnDoneRead] cid: 1 clk: 55455 | READ | addr: 0X12620[0m
51961335: system.mem_ctrl: Read to address 75264 complete
51961335: system.mem_ctrl: Access for address 75264
51961335: system.mem_ctrl: Queuing response for address 75264
51969335: system.mem_ctrl: Attempting to send response
51969335: system.mem_ctrl: Have 0 read, 0 write, 0 responses outstanding
src/sim/syscall_emul.cc:74: warn: ignoring syscall mprotect(...)
52024000: system.mem_ctrl: Enqueueing address 75328
[1;33m[1;35m [AddTransaction(RD)] cid: 2 clk: 55522 | READ | addr: 0X12640[0m
[1;33m[1;35m [AddTransaction(RD)] cid: 3 clk: 55522 | READ | addr: 0X12660[0m
[1;33m[1;36m [AddCommand] cid: 2 clk: 55522 | READ | (address) rank: 0 bankgroup: 0 bank: 2 row: 0 column: 19 addr: 0X12640[0m
[1;33m[1;36m [AddCommand] cid: 3 clk: 55522 | READ | (address) rank: 0 bankgroup: 0 bank: 2 row: 0 column: 19 addr: 0X12660[0m
[1;33m[1;36m [IssueCommand] cid: 2 clk: 55523 | ACTIVATE | (address) rank: 0 bankgroup: 0 bank: 2 row: 0 column: 19 addr: 0X12640[0m
[1;33m[1;36m [IssueCommand] cid: 3 clk: 55523 | ACTIVATE | (address) rank: 0 bankgroup: 0 bank: 2 row: 0 column: 19 addr: 0X12660[0m
[1;33m[1;36m [IssueCommand] cid: 2 clk: 55542 | READ | (address) rank: 0 bankgroup: 0 bank: 2 row: 0 column: 19 addr: 0X12640[0m
[1;33m[1;36m [IssueCommand] cid: 3 clk: 55542 | READ | (address) rank: 0 bankgroup: 0 bank: 2 row: 0 column: 19 addr: 0X12660[0m
[1;33m[1;35m [ReturnDoneRead] cid: 2 clk: 55567 | READ | addr: 0X12640[0m
[1;33m[1;35m [ReturnDoneRead] cid: 3 clk: 55567 | READ | addr: 0X12660[0m
52066279: system.mem_ctrl: Read to address 75328 complete
52066279: system.mem_ctrl: Access for address 75328
52066279: system.mem_ctrl: Queuing response for address 75328
52074279: system.mem_ctrl: Attempting to send response
52074279: system.mem_ctrl: Have 0 read, 0 write, 0 responses outstanding
52167000: system.mem_ctrl: Enqueueing address 78848
[1;33m[1;35m [AddTransaction(RD)] cid: 0 clk: 55675 | READ | addr: 0X13400[0m
[1;33m[1;35m [AddTransaction(RD)] cid: 1 clk: 55675 | READ | addr: 0X13420[0m
[1;33m[1;36m [AddCommand] cid: 0 clk: 55675 | READ | (address) rank: 0 bankgroup: 0 bank: 2 row: 0 column: 26 addr: 0X13400[0m
[1;33m[1;36m [AddCommand] cid: 1 clk: 55675 | READ | (address) rank: 0 bankgroup: 0 bank: 2 row: 0 column: 26 addr: 0X13420[0m
[1;33m[1;36m [IssueCommand] cid: 0 clk: 55676 | READ | (address) rank: 0 bankgroup: 0 bank: 2 row: 0 column: 26 addr: 0X13400[0m
[1;33m[1;36m [IssueCommand] cid: 1 clk: 55676 | READ | (address) rank: 0 bankgroup: 0 bank: 2 row: 0 column: 26 addr: 0X13420[0m
[1;33m[1;35m [ReturnDoneRead] cid: 0 clk: 55701 | READ | addr: 0X13400[0m
[1;33m[1;35m [ReturnDoneRead] cid: 1 clk: 55701 | READ | addr: 0X13420[0m
52191837: system.mem_ctrl: Read to address 78848 complete
52191837: system.mem_ctrl: Access for address 78848
52191837: system.mem_ctrl: Queuing response for address 78848
52199837: system.mem_ctrl: Attempting to send response
52199837: system.mem_ctrl: Have 0 read, 0 write, 0 responses outstanding
52248000: system.mem_ctrl: Enqueueing address 78912
[1;33m[1;35m [AddTransaction(RD)] cid: 2 clk: 55761 | READ | addr: 0X13440[0m
[1;33m[1;35m [AddTransaction(RD)] cid: 3 clk: 55761 | READ | addr: 0X13460[0m
[1;33m[1;36m [AddCommand] cid: 2 clk: 55761 | READ | (address) rank: 0 bankgroup: 0 bank: 2 row: 0 column: 26 addr: 0X13440[0m
[1;33m[1;36m [AddCommand] cid: 3 clk: 55761 | READ | (address) rank: 0 bankgroup: 0 bank: 2 row: 0 column: 26 addr: 0X13460[0m
[1;33m[1;36m [IssueCommand] cid: 2 clk: 55762 | READ | (address) rank: 0 bankgroup: 0 bank: 2 row: 0 column: 26 addr: 0X13440[0m
[1;33m[1;36m [IssueCommand] cid: 3 clk: 55762 | READ | (address) rank: 0 bankgroup: 0 bank: 2 row: 0 column: 26 addr: 0X13460[0m
[1;33m[1;35m [ReturnDoneRead] cid: 2 clk: 55787 | READ | addr: 0X13440[0m
[1;33m[1;35m [ReturnDoneRead] cid: 3 clk: 55787 | READ | addr: 0X13460[0m
52272419: system.mem_ctrl: Read to address 78912 complete
52272419: system.mem_ctrl: Access for address 78912
52272419: system.mem_ctrl: Queuing response for address 78912
52280419: system.mem_ctrl: Attempting to send response
52280419: system.mem_ctrl: Have 0 read, 0 write, 0 responses outstanding
52357000: system.mem_ctrl: Enqueueing address 174336
[1;33m[1;35m [AddTransaction(RD)] cid: 0 clk: 55878 | READ | addr: 0X2A900[0m
[1;33m[1;35m [AddTransaction(RD)] cid: 1 clk: 55878 | READ | addr: 0X2A920[0m
[1;33m[1;36m [AddCommand] cid: 0 clk: 55878 | READ | (address) rank: 1 bankgroup: 2 bank: 1 row: 0 column: 20 addr: 0X2A900[0m
[1;33m[1;36m [AddCommand] cid: 1 clk: 55878 | READ | (address) rank: 1 bankgroup: 2 bank: 1 row: 0 column: 20 addr: 0X2A920[0m
[1;33m[1;36m [IssueCommand] cid: 0 clk: 55879 | ACTIVATE | (address) rank: 1 bankgroup: 2 bank: 1 row: 0 column: 20 addr: 0X2A900[0m
[1;33m[1;36m [IssueCommand] cid: 1 clk: 55879 | ACTIVATE | (address) rank: 1 bankgroup: 2 bank: 1 row: 0 column: 20 addr: 0X2A920[0m
[1;33m[1;36m [IssueCommand] cid: 0 clk: 55898 | READ | (address) rank: 1 bankgroup: 2 bank: 1 row: 0 column: 20 addr: 0X2A900[0m
[1;33m[1;36m [IssueCommand] cid: 1 clk: 55898 | READ | (address) rank: 1 bankgroup: 2 bank: 1 row: 0 column: 20 addr: 0X2A920[0m
[1;33m[1;35m [ReturnDoneRead] cid: 0 clk: 55923 | READ | addr: 0X2A900[0m
[1;33m[1;35m [ReturnDoneRead] cid: 1 clk: 55923 | READ | addr: 0X2A920[0m
52399851: system.mem_ctrl: Read to address 174336 complete
52399851: system.mem_ctrl: Access for address 174336
52399851: system.mem_ctrl: Queuing response for address 174336
52407851: system.mem_ctrl: Attempting to send response
52407851: system.mem_ctrl: Have 0 read, 0 write, 0 responses outstanding
52488000: system.mem_ctrl: Enqueueing address 64128
[1;33m[1;35m [AddTransaction(RD)] cid: 0 clk: 56018 | READ | addr: 0XFA80[0m
[1;33m[1;35m [AddTransaction(RD)] cid: 1 clk: 56018 | READ | addr: 0XFAA0[0m
[1;33m[1;36m [AddCommand] cid: 0 clk: 56018 | READ | (address) rank: 0 bankgroup: 1 bank: 1 row: 0 column: 61 addr: 0XFA80[0m
[1;33m[1;36m [AddCommand] cid: 1 clk: 56018 | READ | (address) rank: 0 bankgroup: 1 bank: 1 row: 0 column: 61 addr: 0XFAA0[0m
[1;33m[1;36m [IssueCommand] cid: 0 clk: 56019 | ACTIVATE | (address) rank: 0 bankgroup: 1 bank: 1 row: 0 column: 61 addr: 0XFA80[0m
[1;33m[1;36m [IssueCommand] cid: 1 clk: 56019 | ACTIVATE | (address) rank: 0 bankgroup: 1 bank: 1 row: 0 column: 61 addr: 0XFAA0[0m
[1;33m[1;36m [IssueCommand] cid: 0 clk: 56038 | READ | (address) rank: 0 bankgroup: 1 bank: 1 row: 0 column: 61 addr: 0XFA80[0m
[1;33m[1;36m [IssueCommand] cid: 1 clk: 56038 | READ | (address) rank: 0 bankgroup: 1 bank: 1 row: 0 column: 61 addr: 0XFAA0[0m
[1;33m[1;35m [ReturnDoneRead] cid: 0 clk: 56063 | READ | addr: 0XFA80[0m
[1;33m[1;35m [ReturnDoneRead] cid: 1 clk: 56063 | READ | addr: 0XFAA0[0m
52531031: system.mem_ctrl: Read to address 64128 complete
52531031: system.mem_ctrl: Access for address 64128
52531031: system.mem_ctrl: Queuing response for address 64128
52539031: system.mem_ctrl: Attempting to send response
52539031: system.mem_ctrl: Have 0 read, 0 write, 0 responses outstanding
52588000: system.mem_ctrl: Enqueueing address 64192
[1;33m[1;35m [AddTransaction(RD)] cid: 2 clk: 56124 | READ | addr: 0XFAC0[0m
[1;33m[1;35m [AddTransaction(RD)] cid: 3 clk: 56124 | READ | addr: 0XFAE0[0m
[1;33m[1;36m [AddCommand] cid: 2 clk: 56124 | READ | (address) rank: 0 bankgroup: 1 bank: 1 row: 0 column: 61 addr: 0XFAC0[0m
[1;33m[1;36m [AddCommand] cid: 3 clk: 56124 | READ | (address) rank: 0 bankgroup: 1 bank: 1 row: 0 column: 61 addr: 0XFAE0[0m
[1;33m[1;36m [IssueCommand] cid: 2 clk: 56125 | ACTIVATE | (address) rank: 0 bankgroup: 1 bank: 1 row: 0 column: 61 addr: 0XFAC0[0m
[1;33m[1;36m [IssueCommand] cid: 3 clk: 56125 | ACTIVATE | (address) rank: 0 bankgroup: 1 bank: 1 row: 0 column: 61 addr: 0XFAE0[0m
[1;33m[1;36m [IssueCommand] cid: 2 clk: 56144 | READ | (address) rank: 0 bankgroup: 1 bank: 1 row: 0 column: 61 addr: 0XFAC0[0m
[1;33m[1;36m [IssueCommand] cid: 3 clk: 56144 | READ | (address) rank: 0 bankgroup: 1 bank: 1 row: 0 column: 61 addr: 0XFAE0[0m
[1;33m[1;35m [ReturnDoneRead] cid: 2 clk: 56169 | READ | addr: 0XFAC0[0m
[1;33m[1;35m [ReturnDoneRead] cid: 3 clk: 56169 | READ | addr: 0XFAE0[0m
52630353: system.mem_ctrl: Read to address 64192 complete
52630353: system.mem_ctrl: Access for address 64192
52630353: system.mem_ctrl: Queuing response for address 64192
52638353: system.mem_ctrl: Attempting to send response
52638353: system.mem_ctrl: Have 0 read, 0 write, 0 responses outstanding
[1;33m[1;36m [IssueCommand] cid: 0 clk: 56241 | PRECHARGE | (address) rank: 0 bankgroup: 0 bank: 2 row: -1 column: -1 addr: 0XFFFFFFFFFFFFFFFF[0m
[1;33m[1;36m [IssueCommand] cid: 1 clk: 56241 | PRECHARGE | (address) rank: 0 bankgroup: 0 bank: 2 row: -1 column: -1 addr: 0XFFFFFFFFFFFFFFFF[0m
[1;33m[1;36m [IssueCommand] cid: 2 clk: 56241 | PRECHARGE | (address) rank: 0 bankgroup: 0 bank: 2 row: -1 column: -1 addr: 0XFFFFFFFFFFFFFFFF[0m
[1;33m[1;36m [IssueCommand] cid: 3 clk: 56241 | PRECHARGE | (address) rank: 0 bankgroup: 0 bank: 2 row: -1 column: -1 addr: 0XFFFFFFFFFFFFFFFF[0m
[1;33m[1;36m [IssueCommand] cid: 0 clk: 56242 | PRECHARGE | (address) rank: 0 bankgroup: 1 bank: 1 row: -1 column: -1 addr: 0XFFFFFFFFFFFFFFFF[0m
[1;33m[1;36m [IssueCommand] cid: 1 clk: 56242 | PRECHARGE | (address) rank: 0 bankgroup: 1 bank: 1 row: -1 column: -1 addr: 0XFFFFFFFFFFFFFFFF[0m
[1;33m[1;36m [IssueCommand] cid: 2 clk: 56242 | PRECHARGE | (address) rank: 0 bankgroup: 1 bank: 1 row: -1 column: -1 addr: 0XFFFFFFFFFFFFFFFF[0m
[1;33m[1;36m [IssueCommand] cid: 3 clk: 56242 | PRECHARGE | (address) rank: 0 bankgroup: 1 bank: 1 row: -1 column: -1 addr: 0XFFFFFFFFFFFFFFFF[0m
[1;33m[1;36m [IssueCommand] cid: 0 clk: 56261 | REFRESH | (address) rank: 0 bankgroup: -1 bank: -1 row: -1 column: -1 addr: 0XFFFFFFFFFFFFFFFF[0m
[1;33m[1;36m [IssueCommand] cid: 1 clk: 56261 | REFRESH | (address) rank: 0 bankgroup: -1 bank: -1 row: -1 column: -1 addr: 0XFFFFFFFFFFFFFFFF[0m
[1;33m[1;36m [IssueCommand] cid: 2 clk: 56261 | REFRESH | (address) rank: 0 bankgroup: -1 bank: -1 row: -1 column: -1 addr: 0XFFFFFFFFFFFFFFFF[0m
[1;33m[1;36m [IssueCommand] cid: 3 clk: 56261 | REFRESH | (address) rank: 0 bankgroup: -1 bank: -1 row: -1 column: -1 addr: 0XFFFFFFFFFFFFFFFF[0m
52821000: system.mem_ctrl: Enqueueing address 64256
[1;33m[1;35m [AddTransaction(RD)] cid: 0 clk: 56373 | READ | addr: 0XFB00[0m
[1;33m[1;35m [AddTransaction(RD)] cid: 1 clk: 56373 | READ | addr: 0XFB20[0m
[1;33m[1;36m [AddCommand] cid: 0 clk: 56373 | READ | (address) rank: 0 bankgroup: 2 bank: 1 row: 0 column: 61 addr: 0XFB00[0m
[1;33m[1;36m [AddCommand] cid: 1 clk: 56373 | READ | (address) rank: 0 bankgroup: 2 bank: 1 row: 0 column: 61 addr: 0XFB20[0m
[1;33m[1;36m [IssueCommand] cid: 0 clk: 56560 | ACTIVATE | (address) rank: 0 bankgroup: 2 bank: 1 row: 0 column: 61 addr: 0XFB00[0m
[1;33m[1;36m [IssueCommand] cid: 1 clk: 56560 | ACTIVATE | (address) rank: 0 bankgroup: 2 bank: 1 row: 0 column: 61 addr: 0XFB20[0m
[1;33m[1;36m [IssueCommand] cid: 0 clk: 56579 | READ | (address) rank: 0 bankgroup: 2 bank: 1 row: 0 column: 61 addr: 0XFB00[0m
[1;33m[1;36m [IssueCommand] cid: 1 clk: 56579 | READ | (address) rank: 0 bankgroup: 2 bank: 1 row: 0 column: 61 addr: 0XFB20[0m
[1;33m[1;35m [ReturnDoneRead] cid: 0 clk: 56604 | READ | addr: 0XFB00[0m
[1;33m[1;35m [ReturnDoneRead] cid: 1 clk: 56604 | READ | addr: 0XFB20[0m
53037948: system.mem_ctrl: Read to address 64256 complete
53037948: system.mem_ctrl: Access for address 64256
53037948: system.mem_ctrl: Queuing response for address 64256
53045948: system.mem_ctrl: Attempting to send response
53045948: system.mem_ctrl: Have 0 read, 0 write, 0 responses outstanding
53172000: system.mem_ctrl: Enqueueing address 64320
[1;33m[1;35m [AddTransaction(RD)] cid: 2 clk: 56748 | READ | addr: 0XFB40[0m
[1;33m[1;35m [AddTransaction(RD)] cid: 3 clk: 56748 | READ | addr: 0XFB60[0m
[1;33m[1;36m [AddCommand] cid: 2 clk: 56748 | READ | (address) rank: 0 bankgroup: 2 bank: 1 row: 0 column: 61 addr: 0XFB40[0m
[1;33m[1;36m [AddCommand] cid: 3 clk: 56748 | READ | (address) rank: 0 bankgroup: 2 bank: 1 row: 0 column: 61 addr: 0XFB60[0m
[1;33m[1;36m [IssueCommand] cid: 2 clk: 56749 | ACTIVATE | (address) rank: 0 bankgroup: 2 bank: 1 row: 0 column: 61 addr: 0XFB40[0m
[1;33m[1;36m [IssueCommand] cid: 3 clk: 56749 | ACTIVATE | (address) rank: 0 bankgroup: 2 bank: 1 row: 0 column: 61 addr: 0XFB60[0m
[1;33m[1;36m [IssueCommand] cid: 2 clk: 56768 | READ | (address) rank: 0 bankgroup: 2 bank: 1 row: 0 column: 61 addr: 0XFB40[0m
[1;33m[1;36m [IssueCommand] cid: 3 clk: 56768 | READ | (address) rank: 0 bankgroup: 2 bank: 1 row: 0 column: 61 addr: 0XFB60[0m
[1;33m[1;35m [ReturnDoneRead] cid: 2 clk: 56793 | READ | addr: 0XFB40[0m
[1;33m[1;35m [ReturnDoneRead] cid: 3 clk: 56793 | READ | addr: 0XFB60[0m
53215041: system.mem_ctrl: Read to address 64320 complete
53215041: system.mem_ctrl: Access for address 64320
53215041: system.mem_ctrl: Queuing response for address 64320
53223041: system.mem_ctrl: Attempting to send response
53223041: system.mem_ctrl: Have 0 read, 0 write, 0 responses outstanding
53496000: system.mem_ctrl: Enqueueing address 64384
[1;33m[1;35m [AddTransaction(RD)] cid: 0 clk: 57093 | READ | addr: 0XFB80[0m
[1;33m[1;35m [AddTransaction(RD)] cid: 1 clk: 57093 | READ | addr: 0XFBA0[0m
[1;33m[1;36m [AddCommand] cid: 0 clk: 57093 | READ | (address) rank: 0 bankgroup: 3 bank: 1 row: 0 column: 61 addr: 0XFB80[0m
[1;33m[1;36m [AddCommand] cid: 1 clk: 57093 | READ | (address) rank: 0 bankgroup: 3 bank: 1 row: 0 column: 61 addr: 0XFBA0[0m
[1;33m[1;36m [IssueCommand] cid: 0 clk: 57094 | ACTIVATE | (address) rank: 0 bankgroup: 3 bank: 1 row: 0 column: 61 addr: 0XFB80[0m
[1;33m[1;36m [IssueCommand] cid: 1 clk: 57094 | ACTIVATE | (address) rank: 0 bankgroup: 3 bank: 1 row: 0 column: 61 addr: 0XFBA0[0m
[1;33m[1;36m [IssueCommand] cid: 0 clk: 57113 | READ | (address) rank: 0 bankgroup: 3 bank: 1 row: 0 column: 61 addr: 0XFB80[0m
[1;33m[1;36m [IssueCommand] cid: 1 clk: 57113 | READ | (address) rank: 0 bankgroup: 3 bank: 1 row: 0 column: 61 addr: 0XFBA0[0m
[1;33m[1;35m [ReturnDoneRead] cid: 0 clk: 57138 | READ | addr: 0XFB80[0m
[1;33m[1;35m [ReturnDoneRead] cid: 1 clk: 57138 | READ | addr: 0XFBA0[0m
53538306: system.mem_ctrl: Read to address 64384 complete
53538306: system.mem_ctrl: Access for address 64384
53538306: system.mem_ctrl: Queuing response for address 64384
53546306: system.mem_ctrl: Attempting to send response
53546306: system.mem_ctrl: Have 0 read, 0 write, 0 responses outstanding
53803000: system.mem_ctrl: Enqueueing address 174400
[1;33m[1;35m [AddTransaction(RD)] cid: 2 clk: 57421 | READ | addr: 0X2A940[0m
[1;33m[1;35m [AddTransaction(RD)] cid: 3 clk: 57421 | READ | addr: 0X2A960[0m
[1;33m[1;36m [AddCommand] cid: 2 clk: 57421 | READ | (address) rank: 1 bankgroup: 2 bank: 1 row: 0 column: 20 addr: 0X2A940[0m
[1;33m[1;36m [AddCommand] cid: 3 clk: 57421 | READ | (address) rank: 1 bankgroup: 2 bank: 1 row: 0 column: 20 addr: 0X2A960[0m
[1;33m[1;36m [IssueCommand] cid: 2 clk: 57422 | ACTIVATE | (address) rank: 1 bankgroup: 2 bank: 1 row: 0 column: 20 addr: 0X2A940[0m
[1;33m[1;36m [IssueCommand] cid: 3 clk: 57422 | ACTIVATE | (address) rank: 1 bankgroup: 2 bank: 1 row: 0 column: 20 addr: 0X2A960[0m
[1;33m[1;36m [IssueCommand] cid: 2 clk: 57441 | READ | (address) rank: 1 bankgroup: 2 bank: 1 row: 0 column: 20 addr: 0X2A940[0m
[1;33m[1;36m [IssueCommand] cid: 3 clk: 57441 | READ | (address) rank: 1 bankgroup: 2 bank: 1 row: 0 column: 20 addr: 0X2A960[0m
[1;33m[1;35m [ReturnDoneRead] cid: 2 clk: 57466 | READ | addr: 0X2A940[0m
[1;33m[1;35m [ReturnDoneRead] cid: 3 clk: 57466 | READ | addr: 0X2A960[0m
53845642: system.mem_ctrl: Read to address 174400 complete
53845642: system.mem_ctrl: Access for address 174400
53845642: system.mem_ctrl: Queuing response for address 174400
53853642: system.mem_ctrl: Attempting to send response
53853642: system.mem_ctrl: Have 0 read, 0 write, 0 responses outstanding
54000000: system.mem_ctrl: Enqueueing address 19328
[1;33m[1;35m [AddTransaction(RD)] cid: 0 clk: 57631 | READ | addr: 0X4B80[0m
[1;33m[1;35m [AddTransaction(RD)] cid: 1 clk: 57631 | READ | addr: 0X4BA0[0m
[1;33m[1;36m [AddCommand] cid: 0 clk: 57631 | READ | (address) rank: 0 bankgroup: 3 bank: 0 row: 0 column: 37 addr: 0X4B80[0m
[1;33m[1;36m [AddCommand] cid: 1 clk: 57631 | READ | (address) rank: 0 bankgroup: 3 bank: 0 row: 0 column: 37 addr: 0X4BA0[0m
[1;33m[1;36m [IssueCommand] cid: 0 clk: 57632 | ACTIVATE | (address) rank: 0 bankgroup: 3 bank: 0 row: 0 column: 37 addr: 0X4B80[0m
[1;33m[1;36m [IssueCommand] cid: 1 clk: 57632 | ACTIVATE | (address) rank: 0 bankgroup: 3 bank: 0 row: 0 column: 37 addr: 0X4BA0[0m
[1;33m[1;36m [IssueCommand] cid: 0 clk: 57651 | READ | (address) rank: 0 bankgroup: 3 bank: 0 row: 0 column: 37 addr: 0X4B80[0m
[1;33m[1;36m [IssueCommand] cid: 1 clk: 57651 | READ | (address) rank: 0 bankgroup: 3 bank: 0 row: 0 column: 37 addr: 0X4BA0[0m
[1;33m[1;35m [ReturnDoneRead] cid: 0 clk: 57676 | READ | addr: 0X4B80[0m
[1;33m[1;35m [ReturnDoneRead] cid: 1 clk: 57676 | READ | addr: 0X4BA0[0m
54042412: system.mem_ctrl: Read to address 19328 complete
54042412: system.mem_ctrl: Access for address 19328
54042412: system.mem_ctrl: Queuing response for address 19328
54050412: system.mem_ctrl: Attempting to send response
54050412: system.mem_ctrl: Have 0 read, 0 write, 0 responses outstanding
54103000: system.mem_ctrl: Enqueueing address 19136
[1;33m[1;35m [AddTransaction(RD)] cid: 2 clk: 57741 | READ | addr: 0X4AC0[0m
[1;33m[1;35m [AddTransaction(RD)] cid: 3 clk: 57741 | READ | addr: 0X4AE0[0m
[1;33m[1;36m [AddCommand] cid: 2 clk: 57741 | READ | (address) rank: 0 bankgroup: 1 bank: 0 row: 0 column: 37 addr: 0X4AC0[0m
[1;33m[1;36m [AddCommand] cid: 3 clk: 57741 | READ | (address) rank: 0 bankgroup: 1 bank: 0 row: 0 column: 37 addr: 0X4AE0[0m
[1;33m[1;36m [IssueCommand] cid: 2 clk: 57742 | ACTIVATE | (address) rank: 0 bankgroup: 1 bank: 0 row: 0 column: 37 addr: 0X4AC0[0m
[1;33m[1;36m [IssueCommand] cid: 3 clk: 57742 | ACTIVATE | (address) rank: 0 bankgroup: 1 bank: 0 row: 0 column: 37 addr: 0X4AE0[0m
[1;33m[1;36m [IssueCommand] cid: 2 clk: 57761 | READ | (address) rank: 0 bankgroup: 1 bank: 0 row: 0 column: 37 addr: 0X4AC0[0m
[1;33m[1;36m [IssueCommand] cid: 3 clk: 57761 | READ | (address) rank: 0 bankgroup: 1 bank: 0 row: 0 column: 37 addr: 0X4AE0[0m
[1;33m[1;35m [ReturnDoneRead] cid: 2 clk: 57786 | READ | addr: 0X4AC0[0m
[1;33m[1;35m [ReturnDoneRead] cid: 3 clk: 57786 | READ | addr: 0X4AE0[0m
54145482: system.mem_ctrl: Read to address 19136 complete
54145482: system.mem_ctrl: Access for address 19136
54145482: system.mem_ctrl: Queuing response for address 19136
54153482: system.mem_ctrl: Attempting to send response
54153482: system.mem_ctrl: Have 0 read, 0 write, 0 responses outstanding
54238000: system.mem_ctrl: Enqueueing address 425600
[1;33m[1;35m [AddTransaction(RD)] cid: 0 clk: 57885 | READ | addr: 0X67E80[0m
[1;33m[1;35m [AddTransaction(RD)] cid: 1 clk: 57885 | READ | addr: 0X67EA0[0m
[1;33m[1;36m [AddCommand] cid: 0 clk: 57885 | READ | (address) rank: 1 bankgroup: 1 bank: 0 row: 1 column: 63 addr: 0X67E80[0m
[1;33m[1;36m [AddCommand] cid: 1 clk: 57885 | READ | (address) rank: 1 bankgroup: 1 bank: 0 row: 1 column: 63 addr: 0X67EA0[0m
[1;33m[1;36m [IssueCommand] cid: 0 clk: 57886 | ACTIVATE | (address) rank: 1 bankgroup: 1 bank: 0 row: 1 column: 63 addr: 0X67E80[0m
[1;33m[1;36m [IssueCommand] cid: 1 clk: 57886 | ACTIVATE | (address) rank: 1 bankgroup: 1 bank: 0 row: 1 column: 63 addr: 0X67EA0[0m
[1;33m[1;36m [IssueCommand] cid: 0 clk: 57905 | READ | (address) rank: 1 bankgroup: 1 bank: 0 row: 1 column: 63 addr: 0X67E80[0m
[1;33m[1;36m [IssueCommand] cid: 1 clk: 57905 | READ | (address) rank: 1 bankgroup: 1 bank: 0 row: 1 column: 63 addr: 0X67EA0[0m
[1;33m[1;35m [ReturnDoneRead] cid: 0 clk: 57930 | READ | addr: 0X67E80[0m
[1;33m[1;35m [ReturnDoneRead] cid: 1 clk: 57930 | READ | addr: 0X67EA0[0m
54280410: system.mem_ctrl: Read to address 425600 complete
54280410: system.mem_ctrl: Access for address 425600
54280410: system.mem_ctrl: Queuing response for address 425600
54288410: system.mem_ctrl: Attempting to send response
54288410: system.mem_ctrl: Have 0 read, 0 write, 0 responses outstanding
54337000: system.mem_ctrl: Enqueueing address 19200
[1;33m[1;35m [AddTransaction(RD)] cid: 0 clk: 57991 | READ | addr: 0X4B00[0m
[1;33m[1;35m [AddTransaction(RD)] cid: 1 clk: 57991 | READ | addr: 0X4B20[0m
[1;33m[1;36m [AddCommand] cid: 0 clk: 57991 | READ | (address) rank: 0 bankgroup: 2 bank: 0 row: 0 column: 37 addr: 0X4B00[0m
[1;33m[1;36m [AddCommand] cid: 1 clk: 57991 | READ | (address) rank: 0 bankgroup: 2 bank: 0 row: 0 column: 37 addr: 0X4B20[0m
[1;33m[1;36m [IssueCommand] cid: 0 clk: 57992 | ACTIVATE | (address) rank: 0 bankgroup: 2 bank: 0 row: 0 column: 37 addr: 0X4B00[0m
[1;33m[1;36m [IssueCommand] cid: 1 clk: 57992 | ACTIVATE | (address) rank: 0 bankgroup: 2 bank: 0 row: 0 column: 37 addr: 0X4B20[0m
[1;33m[1;36m [IssueCommand] cid: 0 clk: 58011 | READ | (address) rank: 0 bankgroup: 2 bank: 0 row: 0 column: 37 addr: 0X4B00[0m
[1;33m[1;36m [IssueCommand] cid: 1 clk: 58011 | READ | (address) rank: 0 bankgroup: 2 bank: 0 row: 0 column: 37 addr: 0X4B20[0m
[1;33m[1;35m [ReturnDoneRead] cid: 0 clk: 58036 | READ | addr: 0X4B00[0m
[1;33m[1;35m [ReturnDoneRead] cid: 1 clk: 58036 | READ | addr: 0X4B20[0m
54379732: system.mem_ctrl: Read to address 19200 complete
54379732: system.mem_ctrl: Access for address 19200
54379732: system.mem_ctrl: Queuing response for address 19200
54387732: system.mem_ctrl: Attempting to send response
54387732: system.mem_ctrl: Have 0 read, 0 write, 0 responses outstanding
54454000: system.mem_ctrl: Enqueueing address 18944
[1;33m[1;35m [AddTransaction(RD)] cid: 0 clk: 58116 | READ | addr: 0X4A00[0m
[1;33m[1;35m [AddTransaction(RD)] cid: 1 clk: 58116 | READ | addr: 0X4A20[0m
[1;33m[1;36m [AddCommand] cid: 0 clk: 58116 | READ | (address) rank: 0 bankgroup: 0 bank: 0 row: 0 column: 37 addr: 0X4A00[0m
[1;33m[1;36m [AddCommand] cid: 1 clk: 58116 | READ | (address) rank: 0 bankgroup: 0 bank: 0 row: 0 column: 37 addr: 0X4A20[0m
[1;33m[1;36m [IssueCommand] cid: 0 clk: 58117 | ACTIVATE | (address) rank: 0 bankgroup: 0 bank: 0 row: 0 column: 37 addr: 0X4A00[0m
[1;33m[1;36m [IssueCommand] cid: 1 clk: 58117 | ACTIVATE | (address) rank: 0 bankgroup: 0 bank: 0 row: 0 column: 37 addr: 0X4A20[0m
[1;33m[1;36m [IssueCommand] cid: 0 clk: 58136 | READ | (address) rank: 0 bankgroup: 0 bank: 0 row: 0 column: 37 addr: 0X4A00[0m
[1;33m[1;36m [IssueCommand] cid: 1 clk: 58136 | READ | (address) rank: 0 bankgroup: 0 bank: 0 row: 0 column: 37 addr: 0X4A20[0m
[1;33m[1;35m [ReturnDoneRead] cid: 0 clk: 58161 | READ | addr: 0X4A00[0m
[1;33m[1;35m [ReturnDoneRead] cid: 1 clk: 58161 | READ | addr: 0X4A20[0m
54496857: system.mem_ctrl: Read to address 18944 complete
54496857: system.mem_ctrl: Access for address 18944
54496857: system.mem_ctrl: Queuing response for address 18944
54504857: system.mem_ctrl: Attempting to send response
54504857: system.mem_ctrl: Have 0 read, 0 write, 0 responses outstanding
54565000: system.mem_ctrl: Enqueueing address 413696
[1;33m[1;35m [AddTransaction(RD)] cid: 0 clk: 58234 | READ | addr: 0X65000[0m
[1;33m[1;35m [AddTransaction(RD)] cid: 1 clk: 58234 | READ | addr: 0X65020[0m
[1;33m[1;36m [AddCommand] cid: 0 clk: 58234 | READ | (address) rank: 1 bankgroup: 0 bank: 0 row: 1 column: 40 addr: 0X65000[0m
[1;33m[1;36m [AddCommand] cid: 1 clk: 58234 | READ | (address) rank: 1 bankgroup: 0 bank: 0 row: 1 column: 40 addr: 0X65020[0m
[1;33m[1;36m [IssueCommand] cid: 0 clk: 58235 | ACTIVATE | (address) rank: 1 bankgroup: 0 bank: 0 row: 1 column: 40 addr: 0X65000[0m
[1;33m[1;36m [IssueCommand] cid: 1 clk: 58235 | ACTIVATE | (address) rank: 1 bankgroup: 0 bank: 0 row: 1 column: 40 addr: 0X65020[0m
[1;33m[1;36m [IssueCommand] cid: 0 clk: 58254 | READ | (address) rank: 1 bankgroup: 0 bank: 0 row: 1 column: 40 addr: 0X65000[0m
[1;33m[1;36m [IssueCommand] cid: 1 clk: 58254 | READ | (address) rank: 1 bankgroup: 0 bank: 0 row: 1 column: 40 addr: 0X65020[0m
[1;33m[1;35m [ReturnDoneRead] cid: 0 clk: 58279 | READ | addr: 0X65000[0m
[1;33m[1;35m [ReturnDoneRead] cid: 1 clk: 58279 | READ | addr: 0X65020[0m
54607423: system.mem_ctrl: Read to address 413696 complete
54607423: system.mem_ctrl: Access for address 413696
54607423: system.mem_ctrl: Queuing response for address 413696
54615423: system.mem_ctrl: Attempting to send response
54615423: system.mem_ctrl: Have 0 read, 0 write, 0 responses outstanding
[1;33m[1;36m [IssueCommand] cid: 0 clk: 58324 | PRECHARGE | (address) rank: 1 bankgroup: 0 bank: 0 row: -1 column: -1 addr: 0XFFFFFFFFFFFFFFFF[0m
[1;33m[1;36m [IssueCommand] cid: 1 clk: 58324 | PRECHARGE | (address) rank: 1 bankgroup: 0 bank: 0 row: -1 column: -1 addr: 0XFFFFFFFFFFFFFFFF[0m
[1;33m[1;36m [IssueCommand] cid: 2 clk: 58324 | PRECHARGE | (address) rank: 1 bankgroup: 1 bank: 2 row: -1 column: -1 addr: 0XFFFFFFFFFFFFFFFF[0m
[1;33m[1;36m [IssueCommand] cid: 3 clk: 58324 | PRECHARGE | (address) rank: 1 bankgroup: 1 bank: 2 row: -1 column: -1 addr: 0XFFFFFFFFFFFFFFFF[0m
[1;33m[1;36m [IssueCommand] cid: 0 clk: 58325 | PRECHARGE | (address) rank: 1 bankgroup: 1 bank: 0 row: -1 column: -1 addr: 0XFFFFFFFFFFFFFFFF[0m
[1;33m[1;36m [IssueCommand] cid: 1 clk: 58325 | PRECHARGE | (address) rank: 1 bankgroup: 1 bank: 0 row: -1 column: -1 addr: 0XFFFFFFFFFFFFFFFF[0m
[1;33m[1;36m [IssueCommand] cid: 2 clk: 58325 | PRECHARGE | (address) rank: 1 bankgroup: 2 bank: 1 row: -1 column: -1 addr: 0XFFFFFFFFFFFFFFFF[0m
[1;33m[1;36m [IssueCommand] cid: 3 clk: 58325 | PRECHARGE | (address) rank: 1 bankgroup: 2 bank: 1 row: -1 column: -1 addr: 0XFFFFFFFFFFFFFFFF[0m
[1;33m[1;36m [IssueCommand] cid: 0 clk: 58326 | PRECHARGE | (address) rank: 1 bankgroup: 1 bank: 2 row: -1 column: -1 addr: 0XFFFFFFFFFFFFFFFF[0m
[1;33m[1;36m [IssueCommand] cid: 1 clk: 58326 | PRECHARGE | (address) rank: 1 bankgroup: 1 bank: 2 row: -1 column: -1 addr: 0XFFFFFFFFFFFFFFFF[0m
[1;33m[1;36m [IssueCommand] cid: 2 clk: 58326 | PRECHARGE | (address) rank: 1 bankgroup: 2 bank: 2 row: -1 column: -1 addr: 0XFFFFFFFFFFFFFFFF[0m
[1;33m[1;36m [IssueCommand] cid: 3 clk: 58326 | PRECHARGE | (address) rank: 1 bankgroup: 2 bank: 2 row: -1 column: -1 addr: 0XFFFFFFFFFFFFFFFF[0m
[1;33m[1;36m [IssueCommand] cid: 0 clk: 58327 | PRECHARGE | (address) rank: 1 bankgroup: 2 bank: 1 row: -1 column: -1 addr: 0XFFFFFFFFFFFFFFFF[0m
[1;33m[1;36m [IssueCommand] cid: 1 clk: 58327 | PRECHARGE | (address) rank: 1 bankgroup: 2 bank: 1 row: -1 column: -1 addr: 0XFFFFFFFFFFFFFFFF[0m
[1;33m[1;36m [IssueCommand] cid: 2 clk: 58327 | PRECHARGE | (address) rank: 1 bankgroup: 3 bank: 2 row: -1 column: -1 addr: 0XFFFFFFFFFFFFFFFF[0m
[1;33m[1;36m [IssueCommand] cid: 3 clk: 58327 | PRECHARGE | (address) rank: 1 bankgroup: 3 bank: 2 row: -1 column: -1 addr: 0XFFFFFFFFFFFFFFFF[0m
[1;33m[1;36m [IssueCommand] cid: 0 clk: 58328 | PRECHARGE | (address) rank: 1 bankgroup: 2 bank: 2 row: -1 column: -1 addr: 0XFFFFFFFFFFFFFFFF[0m
[1;33m[1;36m [IssueCommand] cid: 1 clk: 58328 | PRECHARGE | (address) rank: 1 bankgroup: 2 bank: 2 row: -1 column: -1 addr: 0XFFFFFFFFFFFFFFFF[0m
[1;33m[1;36m [IssueCommand] cid: 0 clk: 58329 | PRECHARGE | (address) rank: 1 bankgroup: 3 bank: 0 row: -1 column: -1 addr: 0XFFFFFFFFFFFFFFFF[0m
[1;33m[1;36m [IssueCommand] cid: 1 clk: 58329 | PRECHARGE | (address) rank: 1 bankgroup: 3 bank: 0 row: -1 column: -1 addr: 0XFFFFFFFFFFFFFFFF[0m
[1;33m[1;36m [IssueCommand] cid: 2 clk: 58346 | REFRESH | (address) rank: 1 bankgroup: -1 bank: -1 row: -1 column: -1 addr: 0XFFFFFFFFFFFFFFFF[0m
[1;33m[1;36m [IssueCommand] cid: 3 clk: 58346 | REFRESH | (address) rank: 1 bankgroup: -1 bank: -1 row: -1 column: -1 addr: 0XFFFFFFFFFFFFFFFF[0m
[1;33m[1;36m [IssueCommand] cid: 0 clk: 58348 | REFRESH | (address) rank: 1 bankgroup: -1 bank: -1 row: -1 column: -1 addr: 0XFFFFFFFFFFFFFFFF[0m
[1;33m[1;36m [IssueCommand] cid: 1 clk: 58348 | REFRESH | (address) rank: 1 bankgroup: -1 bank: -1 row: -1 column: -1 addr: 0XFFFFFFFFFFFFFFFF[0m
54690000: system.mem_ctrl: Enqueueing address 19008
[1;33m[1;35m [AddTransaction(RD)] cid: 2 clk: 58368 | READ | addr: 0X4A40[0m
[1;33m[1;35m [AddTransaction(RD)] cid: 3 clk: 58368 | READ | addr: 0X4A60[0m
[1;33m[1;36m [AddCommand] cid: 2 clk: 58368 | READ | (address) rank: 0 bankgroup: 0 bank: 0 row: 0 column: 37 addr: 0X4A40[0m
[1;33m[1;36m [AddCommand] cid: 3 clk: 58368 | READ | (address) rank: 0 bankgroup: 0 bank: 0 row: 0 column: 37 addr: 0X4A60[0m
[1;33m[1;36m [IssueCommand] cid: 2 clk: 58369 | ACTIVATE | (address) rank: 0 bankgroup: 0 bank: 0 row: 0 column: 37 addr: 0X4A40[0m
[1;33m[1;36m [IssueCommand] cid: 3 clk: 58369 | ACTIVATE | (address) rank: 0 bankgroup: 0 bank: 0 row: 0 column: 37 addr: 0X4A60[0m
[1;33m[1;36m [IssueCommand] cid: 2 clk: 58388 | READ | (address) rank: 0 bankgroup: 0 bank: 0 row: 0 column: 37 addr: 0X4A40[0m
[1;33m[1;36m [IssueCommand] cid: 3 clk: 58388 | READ | (address) rank: 0 bankgroup: 0 bank: 0 row: 0 column: 37 addr: 0X4A60[0m
[1;33m[1;35m [ReturnDoneRead] cid: 2 clk: 58413 | READ | addr: 0X4A40[0m
[1;33m[1;35m [ReturnDoneRead] cid: 3 clk: 58413 | READ | addr: 0X4A60[0m
54732981: system.mem_ctrl: Read to address 19008 complete
54732981: system.mem_ctrl: Access for address 19008
54732981: system.mem_ctrl: Queuing response for address 19008
54740981: system.mem_ctrl: Attempting to send response
54740981: system.mem_ctrl: Have 0 read, 0 write, 0 responses outstanding
54801000: system.mem_ctrl: Enqueueing address 19072
[1;33m[1;35m [AddTransaction(RD)] cid: 0 clk: 58486 | READ | addr: 0X4A80[0m
[1;33m[1;35m [AddTransaction(RD)] cid: 1 clk: 58486 | READ | addr: 0X4AA0[0m
[1;33m[1;36m [AddCommand] cid: 0 clk: 58486 | READ | (address) rank: 0 bankgroup: 1 bank: 0 row: 0 column: 37 addr: 0X4A80[0m
[1;33m[1;36m [AddCommand] cid: 1 clk: 58486 | READ | (address) rank: 0 bankgroup: 1 bank: 0 row: 0 column: 37 addr: 0X4AA0[0m
[1;33m[1;36m [IssueCommand] cid: 0 clk: 58487 | ACTIVATE | (address) rank: 0 bankgroup: 1 bank: 0 row: 0 column: 37 addr: 0X4A80[0m
[1;33m[1;36m [IssueCommand] cid: 1 clk: 58487 | ACTIVATE | (address) rank: 0 bankgroup: 1 bank: 0 row: 0 column: 37 addr: 0X4AA0[0m
[1;33m[1;36m [IssueCommand] cid: 0 clk: 58506 | READ | (address) rank: 0 bankgroup: 1 bank: 0 row: 0 column: 37 addr: 0X4A80[0m
[1;33m[1;36m [IssueCommand] cid: 1 clk: 58506 | READ | (address) rank: 0 bankgroup: 1 bank: 0 row: 0 column: 37 addr: 0X4AA0[0m
[1;33m[1;35m [ReturnDoneRead] cid: 0 clk: 58531 | READ | addr: 0X4A80[0m
[1;33m[1;35m [ReturnDoneRead] cid: 1 clk: 58531 | READ | addr: 0X4AA0[0m
54843547: system.mem_ctrl: Read to address 19072 complete
54843547: system.mem_ctrl: Access for address 19072
54843547: system.mem_ctrl: Queuing response for address 19072
54851547: system.mem_ctrl: Attempting to send response
54851547: system.mem_ctrl: Have 0 read, 0 write, 0 responses outstanding
54960000: system.mem_ctrl: Enqueueing address 425664
[1;33m[1;35m [AddTransaction(RD)] cid: 2 clk: 58656 | READ | addr: 0X67EC0[0m
[1;33m[1;35m [AddTransaction(RD)] cid: 3 clk: 58656 | READ | addr: 0X67EE0[0m
[1;33m[1;36m [AddCommand] cid: 2 clk: 58656 | READ | (address) rank: 1 bankgroup: 1 bank: 0 row: 1 column: 63 addr: 0X67EC0[0m
[1;33m[1;36m [AddCommand] cid: 3 clk: 58656 | READ | (address) rank: 1 bankgroup: 1 bank: 0 row: 1 column: 63 addr: 0X67EE0[0m
[1;33m[1;36m [IssueCommand] cid: 2 clk: 58657 | ACTIVATE | (address) rank: 1 bankgroup: 1 bank: 0 row: 1 column: 63 addr: 0X67EC0[0m
[1;33m[1;36m [IssueCommand] cid: 3 clk: 58657 | ACTIVATE | (address) rank: 1 bankgroup: 1 bank: 0 row: 1 column: 63 addr: 0X67EE0[0m
[1;33m[1;36m [IssueCommand] cid: 2 clk: 58676 | READ | (address) rank: 1 bankgroup: 1 bank: 0 row: 1 column: 63 addr: 0X67EC0[0m
[1;33m[1;36m [IssueCommand] cid: 3 clk: 58676 | READ | (address) rank: 1 bankgroup: 1 bank: 0 row: 1 column: 63 addr: 0X67EE0[0m
[1;33m[1;35m [ReturnDoneRead] cid: 2 clk: 58701 | READ | addr: 0X67EC0[0m
[1;33m[1;35m [ReturnDoneRead] cid: 3 clk: 58701 | READ | addr: 0X67EE0[0m
55002837: system.mem_ctrl: Read to address 425664 complete
55002837: system.mem_ctrl: Access for address 425664
55002837: system.mem_ctrl: Queuing response for address 425664
55010837: system.mem_ctrl: Attempting to send response
55010837: system.mem_ctrl: Have 0 read, 0 write, 0 responses outstanding
55095000: system.mem_ctrl: Enqueueing address 19264
[1;33m[1;35m [AddTransaction(RD)] cid: 2 clk: 58800 | READ | addr: 0X4B40[0m
[1;33m[1;35m [AddTransaction(RD)] cid: 3 clk: 58800 | READ | addr: 0X4B60[0m
[1;33m[1;36m [AddCommand] cid: 2 clk: 58800 | READ | (address) rank: 0 bankgroup: 2 bank: 0 row: 0 column: 37 addr: 0X4B40[0m
[1;33m[1;36m [AddCommand] cid: 3 clk: 58800 | READ | (address) rank: 0 bankgroup: 2 bank: 0 row: 0 column: 37 addr: 0X4B60[0m
[1;33m[1;36m [IssueCommand] cid: 2 clk: 58801 | ACTIVATE | (address) rank: 0 bankgroup: 2 bank: 0 row: 0 column: 37 addr: 0X4B40[0m
[1;33m[1;36m [IssueCommand] cid: 3 clk: 58801 | ACTIVATE | (address) rank: 0 bankgroup: 2 bank: 0 row: 0 column: 37 addr: 0X4B60[0m
[1;33m[1;36m [IssueCommand] cid: 2 clk: 58820 | READ | (address) rank: 0 bankgroup: 2 bank: 0 row: 0 column: 37 addr: 0X4B40[0m
[1;33m[1;36m [IssueCommand] cid: 3 clk: 58820 | READ | (address) rank: 0 bankgroup: 2 bank: 0 row: 0 column: 37 addr: 0X4B60[0m
[1;33m[1;35m [ReturnDoneRead] cid: 2 clk: 58845 | READ | addr: 0X4B40[0m
[1;33m[1;35m [ReturnDoneRead] cid: 3 clk: 58845 | READ | addr: 0X4B60[0m
55137765: system.mem_ctrl: Read to address 19264 complete
55137765: system.mem_ctrl: Access for address 19264
55137765: system.mem_ctrl: Queuing response for address 19264
55145765: system.mem_ctrl: Attempting to send response
55145765: system.mem_ctrl: Have 0 read, 0 write, 0 responses outstanding
55226000: system.mem_ctrl: Enqueueing address 2432
[1;33m[1;35m [AddTransaction(RD)] cid: 0 clk: 58940 | READ | addr: 0X980[0m
[1;33m[1;35m [AddTransaction(RD)] cid: 1 clk: 58940 | READ | addr: 0X9A0[0m
[1;33m[1;36m [AddCommand] cid: 0 clk: 58940 | READ | (address) rank: 0 bankgroup: 3 bank: 0 row: 0 column: 4 addr: 0X980[0m
[1;33m[1;36m [AddCommand] cid: 1 clk: 58940 | READ | (address) rank: 0 bankgroup: 3 bank: 0 row: 0 column: 4 addr: 0X9A0[0m
[1;33m[1;36m [IssueCommand] cid: 0 clk: 58941 | READ | (address) rank: 0 bankgroup: 3 bank: 0 row: 0 column: 4 addr: 0X980[0m
[1;33m[1;36m [IssueCommand] cid: 1 clk: 58941 | READ | (address) rank: 0 bankgroup: 3 bank: 0 row: 0 column: 4 addr: 0X9A0[0m
[1;33m[1;35m [ReturnDoneRead] cid: 0 clk: 58966 | READ | addr: 0X980[0m
[1;33m[1;35m [ReturnDoneRead] cid: 1 clk: 58966 | READ | addr: 0X9A0[0m
55251142: system.mem_ctrl: Read to address 2432 complete
55251142: system.mem_ctrl: Access for address 2432
55251142: system.mem_ctrl: Queuing response for address 2432
55259142: system.mem_ctrl: Attempting to send response
55259142: system.mem_ctrl: Have 0 read, 0 write, 0 responses outstanding
55362000: system.mem_ctrl: Enqueueing address 2496
[1;33m[1;35m [AddTransaction(RD)] cid: 2 clk: 59085 | READ | addr: 0X9C0[0m
[1;33m[1;35m [AddTransaction(RD)] cid: 3 clk: 59085 | READ | addr: 0X9E0[0m
[1;33m[1;36m [AddCommand] cid: 2 clk: 59085 | READ | (address) rank: 0 bankgroup: 3 bank: 0 row: 0 column: 4 addr: 0X9C0[0m
[1;33m[1;36m [AddCommand] cid: 3 clk: 59085 | READ | (address) rank: 0 bankgroup: 3 bank: 0 row: 0 column: 4 addr: 0X9E0[0m
[1;33m[1;36m [IssueCommand] cid: 2 clk: 59086 | ACTIVATE | (address) rank: 0 bankgroup: 3 bank: 0 row: 0 column: 4 addr: 0X9C0[0m
[1;33m[1;36m [IssueCommand] cid: 3 clk: 59086 | ACTIVATE | (address) rank: 0 bankgroup: 3 bank: 0 row: 0 column: 4 addr: 0X9E0[0m
[1;33m[1;36m [IssueCommand] cid: 2 clk: 59105 | READ | (address) rank: 0 bankgroup: 3 bank: 0 row: 0 column: 4 addr: 0X9C0[0m
[1;33m[1;36m [IssueCommand] cid: 3 clk: 59105 | READ | (address) rank: 0 bankgroup: 3 bank: 0 row: 0 column: 4 addr: 0X9E0[0m
[1;33m[1;35m [ReturnDoneRead] cid: 2 clk: 59130 | READ | addr: 0X9C0[0m
[1;33m[1;35m [ReturnDoneRead] cid: 3 clk: 59130 | READ | addr: 0X9E0[0m
55404810: system.mem_ctrl: Read to address 2496 complete
55404810: system.mem_ctrl: Access for address 2496
55404810: system.mem_ctrl: Queuing response for address 2496
55412810: system.mem_ctrl: Attempting to send response
55412810: system.mem_ctrl: Have 0 read, 0 write, 0 responses outstanding
55479000: system.mem_ctrl: Enqueueing address 1664
[1;33m[1;35m [AddTransaction(RD)] cid: 0 clk: 59210 | READ | addr: 0X680[0m
[1;33m[1;35m [AddTransaction(RD)] cid: 1 clk: 59210 | READ | addr: 0X6A0[0m
[1;33m[1;36m [AddCommand] cid: 0 clk: 59210 | READ | (address) rank: 0 bankgroup: 1 bank: 0 row: 0 column: 3 addr: 0X680[0m
[1;33m[1;36m [AddCommand] cid: 1 clk: 59210 | READ | (address) rank: 0 bankgroup: 1 bank: 0 row: 0 column: 3 addr: 0X6A0[0m
[1;33m[1;36m [IssueCommand] cid: 0 clk: 59211 | READ | (address) rank: 0 bankgroup: 1 bank: 0 row: 0 column: 3 addr: 0X680[0m
[1;33m[1;36m [IssueCommand] cid: 1 clk: 59211 | READ | (address) rank: 0 bankgroup: 1 bank: 0 row: 0 column: 3 addr: 0X6A0[0m
[1;33m[1;35m [ReturnDoneRead] cid: 0 clk: 59236 | READ | addr: 0X680[0m
[1;33m[1;35m [ReturnDoneRead] cid: 1 clk: 59236 | READ | addr: 0X6A0[0m
55504132: system.mem_ctrl: Read to address 1664 complete
55504132: system.mem_ctrl: Access for address 1664
55504132: system.mem_ctrl: Queuing response for address 1664
55512132: system.mem_ctrl: Attempting to send response
55512132: system.mem_ctrl: Have 0 read, 0 write, 0 responses outstanding
55579000: system.mem_ctrl: Enqueueing address 1728
[1;33m[1;35m [AddTransaction(RD)] cid: 2 clk: 59316 | READ | addr: 0X6C0[0m
[1;33m[1;35m [AddTransaction(RD)] cid: 3 clk: 59316 | READ | addr: 0X6E0[0m
[1;33m[1;36m [AddCommand] cid: 2 clk: 59316 | READ | (address) rank: 0 bankgroup: 1 bank: 0 row: 0 column: 3 addr: 0X6C0[0m
[1;33m[1;36m [AddCommand] cid: 3 clk: 59316 | READ | (address) rank: 0 bankgroup: 1 bank: 0 row: 0 column: 3 addr: 0X6E0[0m
[1;33m[1;36m [IssueCommand] cid: 2 clk: 59317 | READ | (address) rank: 0 bankgroup: 1 bank: 0 row: 0 column: 3 addr: 0X6C0[0m
[1;33m[1;36m [IssueCommand] cid: 3 clk: 59317 | READ | (address) rank: 0 bankgroup: 1 bank: 0 row: 0 column: 3 addr: 0X6E0[0m
[1;33m[1;35m [ReturnDoneRead] cid: 2 clk: 59342 | READ | addr: 0X6C0[0m
[1;33m[1;35m [ReturnDoneRead] cid: 3 clk: 59342 | READ | addr: 0X6E0[0m
55603454: system.mem_ctrl: Read to address 1728 complete
55603454: system.mem_ctrl: Access for address 1728
55603454: system.mem_ctrl: Queuing response for address 1728
55611454: system.mem_ctrl: Attempting to send response
55611454: system.mem_ctrl: Have 0 read, 0 write, 0 responses outstanding
55666000: system.mem_ctrl: Enqueueing address 265024
[1;33m[1;35m [AddTransaction(RD)] cid: 2 clk: 59409 | READ | addr: 0X40B40[0m
[1;33m[1;35m [AddTransaction(RD)] cid: 3 clk: 59409 | READ | addr: 0X40B60[0m
[1;33m[1;36m [AddCommand] cid: 2 clk: 59409 | READ | (address) rank: 0 bankgroup: 2 bank: 0 row: 1 column: 5 addr: 0X40B40[0m
[1;33m[1;36m [AddCommand] cid: 3 clk: 59409 | READ | (address) rank: 0 bankgroup: 2 bank: 0 row: 1 column: 5 addr: 0X40B60[0m
[1;33m[1;36m [IssueCommand] cid: 2 clk: 59410 | PRECHARGE | (address) rank: 0 bankgroup: 2 bank: 0 row: 1 column: 5 addr: 0X40B40[0m
[1;33m[1;36m [IssueCommand] cid: 3 clk: 59410 | PRECHARGE | (address) rank: 0 bankgroup: 2 bank: 0 row: 1 column: 5 addr: 0X40B60[0m
[1;33m[1;36m [IssueCommand] cid: 2 clk: 59429 | ACTIVATE | (address) rank: 0 bankgroup: 2 bank: 0 row: 1 column: 5 addr: 0X40B40[0m
[1;33m[1;36m [IssueCommand] cid: 3 clk: 59429 | ACTIVATE | (address) rank: 0 bankgroup: 2 bank: 0 row: 1 column: 5 addr: 0X40B60[0m
[1;33m[1;36m [IssueCommand] cid: 2 clk: 59448 | READ | (address) rank: 0 bankgroup: 2 bank: 0 row: 1 column: 5 addr: 0X40B40[0m
[1;33m[1;36m [IssueCommand] cid: 3 clk: 59448 | READ | (address) rank: 0 bankgroup: 2 bank: 0 row: 1 column: 5 addr: 0X40B60[0m
[1;33m[1;35m [ReturnDoneRead] cid: 2 clk: 59473 | READ | addr: 0X40B40[0m
[1;33m[1;35m [ReturnDoneRead] cid: 3 clk: 59473 | READ | addr: 0X40B60[0m
55726201: system.mem_ctrl: Read to address 265024 complete
55726201: system.mem_ctrl: Access for address 265024
55726201: system.mem_ctrl: Queuing response for address 265024
55734201: system.mem_ctrl: Attempting to send response
55734201: system.mem_ctrl: Have 0 read, 0 write, 0 responses outstanding
55785000: system.mem_ctrl: Enqueueing address 382976
[1;33m[1;35m [AddTransaction(RD)] cid: 0 clk: 59536 | READ | addr: 0X5D800[0m
[1;33m[1;35m [AddTransaction(RD)] cid: 1 clk: 59536 | READ | addr: 0X5D820[0m
[1;33m[1;36m [AddCommand] cid: 0 clk: 59536 | READ | (address) rank: 0 bankgroup: 0 bank: 3 row: 1 column: 44 addr: 0X5D800[0m
[1;33m[1;36m [AddCommand] cid: 1 clk: 59536 | READ | (address) rank: 0 bankgroup: 0 bank: 3 row: 1 column: 44 addr: 0X5D820[0m
[1;33m[1;36m [IssueCommand] cid: 0 clk: 59537 | ACTIVATE | (address) rank: 0 bankgroup: 0 bank: 3 row: 1 column: 44 addr: 0X5D800[0m
[1;33m[1;36m [IssueCommand] cid: 1 clk: 59537 | ACTIVATE | (address) rank: 0 bankgroup: 0 bank: 3 row: 1 column: 44 addr: 0X5D820[0m
[1;33m[1;36m [IssueCommand] cid: 0 clk: 59556 | READ | (address) rank: 0 bankgroup: 0 bank: 3 row: 1 column: 44 addr: 0X5D800[0m
[1;33m[1;36m [IssueCommand] cid: 1 clk: 59556 | READ | (address) rank: 0 bankgroup: 0 bank: 3 row: 1 column: 44 addr: 0X5D820[0m
[1;33m[1;35m [ReturnDoneRead] cid: 0 clk: 59581 | READ | addr: 0X5D800[0m
[1;33m[1;35m [ReturnDoneRead] cid: 1 clk: 59581 | READ | addr: 0X5D820[0m
55827397: system.mem_ctrl: Read to address 382976 complete
55827397: system.mem_ctrl: Access for address 382976
55827397: system.mem_ctrl: Queuing response for address 382976
55835397: system.mem_ctrl: Attempting to send response
55835397: system.mem_ctrl: Have 0 read, 0 write, 0 responses outstanding
55892000: system.mem_ctrl: Enqueueing address 422848
[1;33m[1;35m [AddTransaction(RD)] cid: 2 clk: 59650 | READ | addr: 0X673C0[0m
[1;33m[1;35m [AddTransaction(RD)] cid: 3 clk: 59650 | READ | addr: 0X673E0[0m
[1;33m[1;36m [AddCommand] cid: 2 clk: 59650 | READ | (address) rank: 1 bankgroup: 3 bank: 0 row: 1 column: 57 addr: 0X673C0[0m
[1;33m[1;36m [AddCommand] cid: 3 clk: 59650 | READ | (address) rank: 1 bankgroup: 3 bank: 0 row: 1 column: 57 addr: 0X673E0[0m
[1;33m[1;36m [IssueCommand] cid: 2 clk: 59651 | ACTIVATE | (address) rank: 1 bankgroup: 3 bank: 0 row: 1 column: 57 addr: 0X673C0[0m
[1;33m[1;36m [IssueCommand] cid: 3 clk: 59651 | ACTIVATE | (address) rank: 1 bankgroup: 3 bank: 0 row: 1 column: 57 addr: 0X673E0[0m
[1;33m[1;36m [IssueCommand] cid: 2 clk: 59670 | READ | (address) rank: 1 bankgroup: 3 bank: 0 row: 1 column: 57 addr: 0X673C0[0m
[1;33m[1;36m [IssueCommand] cid: 3 clk: 59670 | READ | (address) rank: 1 bankgroup: 3 bank: 0 row: 1 column: 57 addr: 0X673E0[0m
[1;33m[1;35m [ReturnDoneRead] cid: 2 clk: 59695 | READ | addr: 0X673C0[0m
[1;33m[1;35m [ReturnDoneRead] cid: 3 clk: 59695 | READ | addr: 0X673E0[0m
55934215: system.mem_ctrl: Read to address 422848 complete
55934215: system.mem_ctrl: Access for address 422848
55934215: system.mem_ctrl: Queuing response for address 422848
55942215: system.mem_ctrl: Attempting to send response
55942215: system.mem_ctrl: Have 0 read, 0 write, 0 responses outstanding
56001000: system.mem_ctrl: Enqueueing address 265088
[1;33m[1;35m [AddTransaction(RD)] cid: 0 clk: 59767 | READ | addr: 0X40B80[0m
[1;33m[1;35m [AddTransaction(RD)] cid: 1 clk: 59767 | READ | addr: 0X40BA0[0m
[1;33m[1;36m [AddCommand] cid: 0 clk: 59767 | READ | (address) rank: 0 bankgroup: 3 bank: 0 row: 1 column: 5 addr: 0X40B80[0m
[1;33m[1;36m [AddCommand] cid: 1 clk: 59767 | READ | (address) rank: 0 bankgroup: 3 bank: 0 row: 1 column: 5 addr: 0X40BA0[0m
[1;33m[1;36m [IssueCommand] cid: 0 clk: 59768 | PRECHARGE | (address) rank: 0 bankgroup: 3 bank: 0 row: 1 column: 5 addr: 0X40B80[0m
[1;33m[1;36m [IssueCommand] cid: 1 clk: 59768 | PRECHARGE | (address) rank: 0 bankgroup: 3 bank: 0 row: 1 column: 5 addr: 0X40BA0[0m
[1;33m[1;36m [IssueCommand] cid: 0 clk: 59787 | ACTIVATE | (address) rank: 0 bankgroup: 3 bank: 0 row: 1 column: 5 addr: 0X40B80[0m
[1;33m[1;36m [IssueCommand] cid: 1 clk: 59787 | ACTIVATE | (address) rank: 0 bankgroup: 3 bank: 0 row: 1 column: 5 addr: 0X40BA0[0m
[1;33m[1;36m [IssueCommand] cid: 0 clk: 59806 | READ | (address) rank: 0 bankgroup: 3 bank: 0 row: 1 column: 5 addr: 0X40B80[0m
[1;33m[1;36m [IssueCommand] cid: 1 clk: 59806 | READ | (address) rank: 0 bankgroup: 3 bank: 0 row: 1 column: 5 addr: 0X40BA0[0m
[1;33m[1;35m [ReturnDoneRead] cid: 0 clk: 59831 | READ | addr: 0X40B80[0m
[1;33m[1;35m [ReturnDoneRead] cid: 1 clk: 59831 | READ | addr: 0X40BA0[0m
56061647: system.mem_ctrl: Read to address 265088 complete
56061647: system.mem_ctrl: Access for address 265088
56061647: system.mem_ctrl: Queuing response for address 265088
56069647: system.mem_ctrl: Attempting to send response
56069647: system.mem_ctrl: Have 0 read, 0 write, 0 responses outstanding
56160000: system.mem_ctrl: Enqueueing address 445056
[1;33m[1;35m [AddTransaction(RD)] cid: 0 clk: 59936 | READ | addr: 0X6CA80[0m
[1;33m[1;35m [AddTransaction(RD)] cid: 1 clk: 59936 | READ | addr: 0X6CAA0[0m
[1;33m[1;36m [AddCommand] cid: 0 clk: 59936 | READ | (address) rank: 1 bankgroup: 1 bank: 1 row: 1 column: 37 addr: 0X6CA80[0m
[1;33m[1;36m [AddCommand] cid: 1 clk: 59936 | READ | (address) rank: 1 bankgroup: 1 bank: 1 row: 1 column: 37 addr: 0X6CAA0[0m
[1;33m[1;36m [IssueCommand] cid: 0 clk: 59937 | ACTIVATE | (address) rank: 1 bankgroup: 1 bank: 1 row: 1 column: 37 addr: 0X6CA80[0m
[1;33m[1;36m [IssueCommand] cid: 1 clk: 59937 | ACTIVATE | (address) rank: 1 bankgroup: 1 bank: 1 row: 1 column: 37 addr: 0X6CAA0[0m
[1;33m[1;36m [IssueCommand] cid: 0 clk: 59956 | READ | (address) rank: 1 bankgroup: 1 bank: 1 row: 1 column: 37 addr: 0X6CA80[0m
[1;33m[1;36m [IssueCommand] cid: 1 clk: 59956 | READ | (address) rank: 1 bankgroup: 1 bank: 1 row: 1 column: 37 addr: 0X6CAA0[0m
[1;33m[1;35m [ReturnDoneRead] cid: 0 clk: 59981 | READ | addr: 0X6CA80[0m
[1;33m[1;35m [ReturnDoneRead] cid: 1 clk: 59981 | READ | addr: 0X6CAA0[0m
56202197: system.mem_ctrl: Read to address 445056 complete
56202197: system.mem_ctrl: Access for address 445056
56202197: system.mem_ctrl: Queuing response for address 445056
56210197: system.mem_ctrl: Attempting to send response
56210197: system.mem_ctrl: Have 0 read, 0 write, 0 responses outstanding
56267000: system.mem_ctrl: Enqueueing address 265152
[1;33m[1;35m [AddTransaction(RD)] cid: 2 clk: 60051 | READ | addr: 0X40BC0[0m
[1;33m[1;35m [AddTransaction(RD)] cid: 3 clk: 60051 | READ | addr: 0X40BE0[0m
[1;33m[1;36m [AddCommand] cid: 2 clk: 60051 | READ | (address) rank: 0 bankgroup: 3 bank: 0 row: 1 column: 5 addr: 0X40BC0[0m
[1;33m[1;36m [AddCommand] cid: 3 clk: 60051 | READ | (address) rank: 0 bankgroup: 3 bank: 0 row: 1 column: 5 addr: 0X40BE0[0m
[1;33m[1;36m [IssueCommand] cid: 2 clk: 60052 | PRECHARGE | (address) rank: 0 bankgroup: 3 bank: 0 row: 1 column: 5 addr: 0X40BC0[0m
[1;33m[1;36m [IssueCommand] cid: 3 clk: 60052 | PRECHARGE | (address) rank: 0 bankgroup: 3 bank: 0 row: 1 column: 5 addr: 0X40BE0[0m
[1;33m[1;36m [IssueCommand] cid: 2 clk: 60071 | ACTIVATE | (address) rank: 0 bankgroup: 3 bank: 0 row: 1 column: 5 addr: 0X40BC0[0m
[1;33m[1;36m [IssueCommand] cid: 3 clk: 60071 | ACTIVATE | (address) rank: 0 bankgroup: 3 bank: 0 row: 1 column: 5 addr: 0X40BE0[0m
[1;33m[1;36m [IssueCommand] cid: 2 clk: 60090 | READ | (address) rank: 0 bankgroup: 3 bank: 0 row: 1 column: 5 addr: 0X40BC0[0m
[1;33m[1;36m [IssueCommand] cid: 3 clk: 60090 | READ | (address) rank: 0 bankgroup: 3 bank: 0 row: 1 column: 5 addr: 0X40BE0[0m
[1;33m[1;35m [ReturnDoneRead] cid: 2 clk: 60115 | READ | addr: 0X40BC0[0m
[1;33m[1;35m [ReturnDoneRead] cid: 3 clk: 60115 | READ | addr: 0X40BE0[0m
56327755: system.mem_ctrl: Read to address 265152 complete
56327755: system.mem_ctrl: Access for address 265152
56327755: system.mem_ctrl: Queuing response for address 265152
56335755: system.mem_ctrl: Attempting to send response
56335755: system.mem_ctrl: Have 0 read, 0 write, 0 responses outstanding
56428000: system.mem_ctrl: Enqueueing address 1600
[1;33m[1;35m [AddTransaction(RD)] cid: 2 clk: 60222 | READ | addr: 0X640[0m
[1;33m[1;35m [AddTransaction(RD)] cid: 3 clk: 60222 | READ | addr: 0X660[0m
[1;33m[1;36m [AddCommand] cid: 2 clk: 60222 | READ | (address) rank: 0 bankgroup: 0 bank: 0 row: 0 column: 3 addr: 0X640[0m
[1;33m[1;36m [AddCommand] cid: 3 clk: 60222 | READ | (address) rank: 0 bankgroup: 0 bank: 0 row: 0 column: 3 addr: 0X660[0m
[1;33m[1;36m [IssueCommand] cid: 2 clk: 60223 | READ | (address) rank: 0 bankgroup: 0 bank: 0 row: 0 column: 3 addr: 0X640[0m
[1;33m[1;36m [IssueCommand] cid: 3 clk: 60223 | READ | (address) rank: 0 bankgroup: 0 bank: 0 row: 0 column: 3 addr: 0X660[0m
[1;33m[1;35m [ReturnDoneRead] cid: 2 clk: 60248 | READ | addr: 0X640[0m
[1;33m[1;35m [ReturnDoneRead] cid: 3 clk: 60248 | READ | addr: 0X660[0m
56452376: system.mem_ctrl: Read to address 1600 complete
56452376: system.mem_ctrl: Access for address 1600
56452376: system.mem_ctrl: Queuing response for address 1600
56460376: system.mem_ctrl: Attempting to send response
56460376: system.mem_ctrl: Have 0 read, 0 write, 0 responses outstanding
56541000: system.mem_ctrl: Enqueueing address 80192
[1;33m[1;35m [AddTransaction(RD)] cid: 2 clk: 60343 | READ | addr: 0X13940[0m
[1;33m[1;35m [AddTransaction(RD)] cid: 3 clk: 60343 | READ | addr: 0X13960[0m
[1;33m[1;36m [AddCommand] cid: 2 clk: 60343 | READ | (address) rank: 0 bankgroup: 2 bank: 2 row: 0 column: 28 addr: 0X13940[0m
[1;33m[1;36m [AddCommand] cid: 3 clk: 60343 | READ | (address) rank: 0 bankgroup: 2 bank: 2 row: 0 column: 28 addr: 0X13960[0m
[1;33m[1;36m [IssueCommand] cid: 2 clk: 60344 | ACTIVATE | (address) rank: 0 bankgroup: 2 bank: 2 row: 0 column: 28 addr: 0X13940[0m
[1;33m[1;36m [IssueCommand] cid: 3 clk: 60344 | ACTIVATE | (address) rank: 0 bankgroup: 2 bank: 2 row: 0 column: 28 addr: 0X13960[0m
[1;33m[1;36m [IssueCommand] cid: 2 clk: 60363 | READ | (address) rank: 0 bankgroup: 2 bank: 2 row: 0 column: 28 addr: 0X13940[0m
[1;33m[1;36m [IssueCommand] cid: 3 clk: 60363 | READ | (address) rank: 0 bankgroup: 2 bank: 2 row: 0 column: 28 addr: 0X13960[0m
[1;33m[1;35m [ReturnDoneRead] cid: 2 clk: 60388 | READ | addr: 0X13940[0m
[1;33m[1;35m [ReturnDoneRead] cid: 3 clk: 60388 | READ | addr: 0X13960[0m
56583556: system.mem_ctrl: Read to address 80192 complete
56583556: system.mem_ctrl: Access for address 80192
56583556: system.mem_ctrl: Queuing response for address 80192
56591556: system.mem_ctrl: Attempting to send response
56591556: system.mem_ctrl: Have 0 read, 0 write, 0 responses outstanding
[1;33m[1;36m [IssueCommand] cid: 0 clk: 60407 | PRECHARGE | (address) rank: 0 bankgroup: 0 bank: 0 row: -1 column: -1 addr: 0XFFFFFFFFFFFFFFFF[0m
[1;33m[1;36m [IssueCommand] cid: 1 clk: 60407 | PRECHARGE | (address) rank: 0 bankgroup: 0 bank: 0 row: -1 column: -1 addr: 0XFFFFFFFFFFFFFFFF[0m
[1;33m[1;36m [IssueCommand] cid: 2 clk: 60407 | PRECHARGE | (address) rank: 0 bankgroup: 0 bank: 0 row: -1 column: -1 addr: 0XFFFFFFFFFFFFFFFF[0m
[1;33m[1;36m [IssueCommand] cid: 3 clk: 60407 | PRECHARGE | (address) rank: 0 bankgroup: 0 bank: 0 row: -1 column: -1 addr: 0XFFFFFFFFFFFFFFFF[0m
[1;33m[1;36m [IssueCommand] cid: 0 clk: 60408 | PRECHARGE | (address) rank: 0 bankgroup: 0 bank: 3 row: -1 column: -1 addr: 0XFFFFFFFFFFFFFFFF[0m
[1;33m[1;36m [IssueCommand] cid: 1 clk: 60408 | PRECHARGE | (address) rank: 0 bankgroup: 0 bank: 3 row: -1 column: -1 addr: 0XFFFFFFFFFFFFFFFF[0m
[1;33m[1;36m [IssueCommand] cid: 2 clk: 60408 | PRECHARGE | (address) rank: 0 bankgroup: 1 bank: 0 row: -1 column: -1 addr: 0XFFFFFFFFFFFFFFFF[0m
[1;33m[1;36m [IssueCommand] cid: 3 clk: 60408 | PRECHARGE | (address) rank: 0 bankgroup: 1 bank: 0 row: -1 column: -1 addr: 0XFFFFFFFFFFFFFFFF[0m
[1;33m[1;36m [IssueCommand] cid: 0 clk: 60409 | PRECHARGE | (address) rank: 0 bankgroup: 1 bank: 0 row: -1 column: -1 addr: 0XFFFFFFFFFFFFFFFF[0m
[1;33m[1;36m [IssueCommand] cid: 1 clk: 60409 | PRECHARGE | (address) rank: 0 bankgroup: 1 bank: 0 row: -1 column: -1 addr: 0XFFFFFFFFFFFFFFFF[0m
[1;33m[1;36m [IssueCommand] cid: 2 clk: 60409 | PRECHARGE | (address) rank: 0 bankgroup: 2 bank: 0 row: -1 column: -1 addr: 0XFFFFFFFFFFFFFFFF[0m
[1;33m[1;36m [IssueCommand] cid: 3 clk: 60409 | PRECHARGE | (address) rank: 0 bankgroup: 2 bank: 0 row: -1 column: -1 addr: 0XFFFFFFFFFFFFFFFF[0m
[1;33m[1;36m [IssueCommand] cid: 0 clk: 60410 | PRECHARGE | (address) rank: 0 bankgroup: 2 bank: 0 row: -1 column: -1 addr: 0XFFFFFFFFFFFFFFFF[0m
[1;33m[1;36m [IssueCommand] cid: 1 clk: 60410 | PRECHARGE | (address) rank: 0 bankgroup: 2 bank: 0 row: -1 column: -1 addr: 0XFFFFFFFFFFFFFFFF[0m
[1;33m[1;36m [IssueCommand] cid: 2 clk: 60410 | PRECHARGE | (address) rank: 0 bankgroup: 2 bank: 1 row: -1 column: -1 addr: 0XFFFFFFFFFFFFFFFF[0m
[1;33m[1;36m [IssueCommand] cid: 3 clk: 60410 | PRECHARGE | (address) rank: 0 bankgroup: 2 bank: 1 row: -1 column: -1 addr: 0XFFFFFFFFFFFFFFFF[0m
[1;33m[1;36m [IssueCommand] cid: 0 clk: 60411 | PRECHARGE | (address) rank: 0 bankgroup: 2 bank: 1 row: -1 column: -1 addr: 0XFFFFFFFFFFFFFFFF[0m
[1;33m[1;36m [IssueCommand] cid: 1 clk: 60411 | PRECHARGE | (address) rank: 0 bankgroup: 2 bank: 1 row: -1 column: -1 addr: 0XFFFFFFFFFFFFFFFF[0m
[1;33m[1;36m [IssueCommand] cid: 2 clk: 60411 | PRECHARGE | (address) rank: 0 bankgroup: 2 bank: 2 row: -1 column: -1 addr: 0XFFFFFFFFFFFFFFFF[0m
[1;33m[1;36m [IssueCommand] cid: 3 clk: 60411 | PRECHARGE | (address) rank: 0 bankgroup: 2 bank: 2 row: -1 column: -1 addr: 0XFFFFFFFFFFFFFFFF[0m
[1;33m[1;36m [IssueCommand] cid: 0 clk: 60412 | PRECHARGE | (address) rank: 0 bankgroup: 3 bank: 0 row: -1 column: -1 addr: 0XFFFFFFFFFFFFFFFF[0m
[1;33m[1;36m [IssueCommand] cid: 1 clk: 60412 | PRECHARGE | (address) rank: 0 bankgroup: 3 bank: 0 row: -1 column: -1 addr: 0XFFFFFFFFFFFFFFFF[0m
[1;33m[1;36m [IssueCommand] cid: 2 clk: 60412 | PRECHARGE | (address) rank: 0 bankgroup: 3 bank: 0 row: -1 column: -1 addr: 0XFFFFFFFFFFFFFFFF[0m
[1;33m[1;36m [IssueCommand] cid: 3 clk: 60412 | PRECHARGE | (address) rank: 0 bankgroup: 3 bank: 0 row: -1 column: -1 addr: 0XFFFFFFFFFFFFFFFF[0m
[1;33m[1;36m [IssueCommand] cid: 0 clk: 60413 | PRECHARGE | (address) rank: 0 bankgroup: 3 bank: 1 row: -1 column: -1 addr: 0XFFFFFFFFFFFFFFFF[0m
[1;33m[1;36m [IssueCommand] cid: 1 clk: 60413 | PRECHARGE | (address) rank: 0 bankgroup: 3 bank: 1 row: -1 column: -1 addr: 0XFFFFFFFFFFFFFFFF[0m
[1;33m[1;36m [IssueCommand] cid: 2 clk: 60431 | REFRESH | (address) rank: 0 bankgroup: -1 bank: -1 row: -1 column: -1 addr: 0XFFFFFFFFFFFFFFFF[0m
[1;33m[1;36m [IssueCommand] cid: 3 clk: 60431 | REFRESH | (address) rank: 0 bankgroup: -1 bank: -1 row: -1 column: -1 addr: 0XFFFFFFFFFFFFFFFF[0m
[1;33m[1;36m [IssueCommand] cid: 0 clk: 60432 | REFRESH | (address) rank: 0 bankgroup: -1 bank: -1 row: -1 column: -1 addr: 0XFFFFFFFFFFFFFFFF[0m
[1;33m[1;36m [IssueCommand] cid: 1 clk: 60432 | REFRESH | (address) rank: 0 bankgroup: -1 bank: -1 row: -1 column: -1 addr: 0XFFFFFFFFFFFFFFFF[0m
56654000: system.mem_ctrl: Enqueueing address 80256
[1;33m[1;35m [AddTransaction(RD)] cid: 0 clk: 60464 | READ | addr: 0X13980[0m
[1;33m[1;35m [AddTransaction(RD)] cid: 1 clk: 60464 | READ | addr: 0X139A0[0m
[1;33m[1;36m [AddCommand] cid: 0 clk: 60464 | READ | (address) rank: 0 bankgroup: 3 bank: 2 row: 0 column: 28 addr: 0X13980[0m
[1;33m[1;36m [AddCommand] cid: 1 clk: 60464 | READ | (address) rank: 0 bankgroup: 3 bank: 2 row: 0 column: 28 addr: 0X139A0[0m
[1;33m[1;36m [IssueCommand] cid: 0 clk: 60731 | ACTIVATE | (address) rank: 0 bankgroup: 3 bank: 2 row: 0 column: 28 addr: 0X13980[0m
[1;33m[1;36m [IssueCommand] cid: 1 clk: 60731 | ACTIVATE | (address) rank: 0 bankgroup: 3 bank: 2 row: 0 column: 28 addr: 0X139A0[0m
[1;33m[1;36m [IssueCommand] cid: 0 clk: 60750 | READ | (address) rank: 0 bankgroup: 3 bank: 2 row: 0 column: 28 addr: 0X13980[0m
[1;33m[1;36m [IssueCommand] cid: 1 clk: 60750 | READ | (address) rank: 0 bankgroup: 3 bank: 2 row: 0 column: 28 addr: 0X139A0[0m
[1;33m[1;35m [ReturnDoneRead] cid: 0 clk: 60775 | READ | addr: 0X13980[0m
[1;33m[1;35m [ReturnDoneRead] cid: 1 clk: 60775 | READ | addr: 0X139A0[0m
56946175: system.mem_ctrl: Read to address 80256 complete
56946175: system.mem_ctrl: Access for address 80256
56946175: system.mem_ctrl: Queuing response for address 80256
56954175: system.mem_ctrl: Attempting to send response
56954175: system.mem_ctrl: Have 0 read, 0 write, 0 responses outstanding
57113000: system.mem_ctrl: Enqueueing address 1792
[1;33m[1;35m [AddTransaction(RD)] cid: 0 clk: 60954 | READ | addr: 0X700[0m
[1;33m[1;35m [AddTransaction(RD)] cid: 1 clk: 60954 | READ | addr: 0X720[0m
[1;33m[1;36m [AddCommand] cid: 0 clk: 60954 | READ | (address) rank: 0 bankgroup: 2 bank: 0 row: 0 column: 3 addr: 0X700[0m
[1;33m[1;36m [AddCommand] cid: 1 clk: 60954 | READ | (address) rank: 0 bankgroup: 2 bank: 0 row: 0 column: 3 addr: 0X720[0m
[1;33m[1;36m [IssueCommand] cid: 0 clk: 60955 | ACTIVATE | (address) rank: 0 bankgroup: 2 bank: 0 row: 0 column: 3 addr: 0X700[0m
[1;33m[1;36m [IssueCommand] cid: 1 clk: 60955 | ACTIVATE | (address) rank: 0 bankgroup: 2 bank: 0 row: 0 column: 3 addr: 0X720[0m
[1;33m[1;36m [IssueCommand] cid: 0 clk: 60974 | READ | (address) rank: 0 bankgroup: 2 bank: 0 row: 0 column: 3 addr: 0X700[0m
[1;33m[1;36m [IssueCommand] cid: 1 clk: 60974 | READ | (address) rank: 0 bankgroup: 2 bank: 0 row: 0 column: 3 addr: 0X720[0m
[1;33m[1;35m [ReturnDoneRead] cid: 0 clk: 60999 | READ | addr: 0X700[0m
[1;33m[1;35m [ReturnDoneRead] cid: 1 clk: 60999 | READ | addr: 0X720[0m
57156063: system.mem_ctrl: Read to address 1792 complete
57156063: system.mem_ctrl: Access for address 1792
57156063: system.mem_ctrl: Queuing response for address 1792
57164063: system.mem_ctrl: Attempting to send response
57164063: system.mem_ctrl: Have 0 read, 0 write, 0 responses outstanding
57235000: system.mem_ctrl: Enqueueing address 16896
[1;33m[1;35m [AddTransaction(RD)] cid: 0 clk: 61084 | READ | addr: 0X4200[0m
[1;33m[1;35m [AddTransaction(RD)] cid: 1 clk: 61084 | READ | addr: 0X4220[0m
[1;33m[1;36m [AddCommand] cid: 0 clk: 61084 | READ | (address) rank: 0 bankgroup: 0 bank: 0 row: 0 column: 33 addr: 0X4200[0m
[1;33m[1;36m [AddCommand] cid: 1 clk: 61084 | READ | (address) rank: 0 bankgroup: 0 bank: 0 row: 0 column: 33 addr: 0X4220[0m
[1;33m[1;36m [IssueCommand] cid: 0 clk: 61085 | ACTIVATE | (address) rank: 0 bankgroup: 0 bank: 0 row: 0 column: 33 addr: 0X4200[0m
[1;33m[1;36m [IssueCommand] cid: 1 clk: 61085 | ACTIVATE | (address) rank: 0 bankgroup: 0 bank: 0 row: 0 column: 33 addr: 0X4220[0m
[1;33m[1;36m [IssueCommand] cid: 0 clk: 61104 | READ | (address) rank: 0 bankgroup: 0 bank: 0 row: 0 column: 33 addr: 0X4200[0m
[1;33m[1;36m [IssueCommand] cid: 1 clk: 61104 | READ | (address) rank: 0 bankgroup: 0 bank: 0 row: 0 column: 33 addr: 0X4220[0m
[1;33m[1;35m [ReturnDoneRead] cid: 0 clk: 61129 | READ | addr: 0X4200[0m
[1;33m[1;35m [ReturnDoneRead] cid: 1 clk: 61129 | READ | addr: 0X4220[0m
57277873: system.mem_ctrl: Read to address 16896 complete
57277873: system.mem_ctrl: Access for address 16896
57277873: system.mem_ctrl: Queuing response for address 16896
57285873: system.mem_ctrl: Attempting to send response
57285873: system.mem_ctrl: Have 0 read, 0 write, 0 responses outstanding
57360000: system.mem_ctrl: Enqueueing address 16960
[1;33m[1;35m [AddTransaction(RD)] cid: 2 clk: 61217 | READ | addr: 0X4240[0m
[1;33m[1;35m [AddTransaction(RD)] cid: 3 clk: 61217 | READ | addr: 0X4260[0m
[1;33m[1;36m [AddCommand] cid: 2 clk: 61217 | READ | (address) rank: 0 bankgroup: 0 bank: 0 row: 0 column: 33 addr: 0X4240[0m
[1;33m[1;36m [AddCommand] cid: 3 clk: 61217 | READ | (address) rank: 0 bankgroup: 0 bank: 0 row: 0 column: 33 addr: 0X4260[0m
[1;33m[1;36m [IssueCommand] cid: 2 clk: 61218 | ACTIVATE | (address) rank: 0 bankgroup: 0 bank: 0 row: 0 column: 33 addr: 0X4240[0m
[1;33m[1;36m [IssueCommand] cid: 3 clk: 61218 | ACTIVATE | (address) rank: 0 bankgroup: 0 bank: 0 row: 0 column: 33 addr: 0X4260[0m
[1;33m[1;36m [IssueCommand] cid: 2 clk: 61237 | READ | (address) rank: 0 bankgroup: 0 bank: 0 row: 0 column: 33 addr: 0X4240[0m
[1;33m[1;36m [IssueCommand] cid: 3 clk: 61237 | READ | (address) rank: 0 bankgroup: 0 bank: 0 row: 0 column: 33 addr: 0X4260[0m
[1;33m[1;35m [ReturnDoneRead] cid: 2 clk: 61262 | READ | addr: 0X4240[0m
[1;33m[1;35m [ReturnDoneRead] cid: 3 clk: 61262 | READ | addr: 0X4260[0m
57402494: system.mem_ctrl: Read to address 16960 complete
57402494: system.mem_ctrl: Access for address 16960
57402494: system.mem_ctrl: Queuing response for address 16960
57410494: system.mem_ctrl: Attempting to send response
57410494: system.mem_ctrl: Have 0 read, 0 write, 0 responses outstanding
57525000: system.mem_ctrl: Enqueueing address 17024
[1;33m[1;35m [AddTransaction(RD)] cid: 0 clk: 61393 | READ | addr: 0X4280[0m
[1;33m[1;35m [AddTransaction(RD)] cid: 1 clk: 61393 | READ | addr: 0X42A0[0m
[1;33m[1;36m [AddCommand] cid: 0 clk: 61393 | READ | (address) rank: 0 bankgroup: 1 bank: 0 row: 0 column: 33 addr: 0X4280[0m
[1;33m[1;36m [AddCommand] cid: 1 clk: 61393 | READ | (address) rank: 0 bankgroup: 1 bank: 0 row: 0 column: 33 addr: 0X42A0[0m
[1;33m[1;36m [IssueCommand] cid: 0 clk: 61394 | ACTIVATE | (address) rank: 0 bankgroup: 1 bank: 0 row: 0 column: 33 addr: 0X4280[0m
[1;33m[1;36m [IssueCommand] cid: 1 clk: 61394 | ACTIVATE | (address) rank: 0 bankgroup: 1 bank: 0 row: 0 column: 33 addr: 0X42A0[0m
[1;33m[1;36m [IssueCommand] cid: 0 clk: 61413 | READ | (address) rank: 0 bankgroup: 1 bank: 0 row: 0 column: 33 addr: 0X4280[0m
[1;33m[1;36m [IssueCommand] cid: 1 clk: 61413 | READ | (address) rank: 0 bankgroup: 1 bank: 0 row: 0 column: 33 addr: 0X42A0[0m
[1;33m[1;35m [ReturnDoneRead] cid: 0 clk: 61438 | READ | addr: 0X4280[0m
[1;33m[1;35m [ReturnDoneRead] cid: 1 clk: 61438 | READ | addr: 0X42A0[0m
57567406: system.mem_ctrl: Read to address 17024 complete
57567406: system.mem_ctrl: Access for address 17024
57567406: system.mem_ctrl: Queuing response for address 17024
57575406: system.mem_ctrl: Attempting to send response
57575406: system.mem_ctrl: Have 0 read, 0 write, 0 responses outstanding
57674000: system.mem_ctrl: Enqueueing address 450816
[1;33m[1;35m [AddTransaction(RD)] cid: 0 clk: 61552 | READ | addr: 0X6E100[0m
[1;33m[1;35m [AddTransaction(RD)] cid: 1 clk: 61552 | READ | addr: 0X6E120[0m
[1;33m[1;36m [AddCommand] cid: 0 clk: 61552 | READ | (address) rank: 1 bankgroup: 2 bank: 1 row: 1 column: 48 addr: 0X6E100[0m
[1;33m[1;36m [AddCommand] cid: 1 clk: 61552 | READ | (address) rank: 1 bankgroup: 2 bank: 1 row: 1 column: 48 addr: 0X6E120[0m
[1;33m[1;36m [IssueCommand] cid: 0 clk: 61553 | ACTIVATE | (address) rank: 1 bankgroup: 2 bank: 1 row: 1 column: 48 addr: 0X6E100[0m
[1;33m[1;36m [IssueCommand] cid: 1 clk: 61553 | ACTIVATE | (address) rank: 1 bankgroup: 2 bank: 1 row: 1 column: 48 addr: 0X6E120[0m
[1;33m[1;36m [IssueCommand] cid: 0 clk: 61572 | READ | (address) rank: 1 bankgroup: 2 bank: 1 row: 1 column: 48 addr: 0X6E100[0m
[1;33m[1;36m [IssueCommand] cid: 1 clk: 61572 | READ | (address) rank: 1 bankgroup: 2 bank: 1 row: 1 column: 48 addr: 0X6E120[0m
[1;33m[1;35m [ReturnDoneRead] cid: 0 clk: 61597 | READ | addr: 0X6E100[0m
[1;33m[1;35m [ReturnDoneRead] cid: 1 clk: 61597 | READ | addr: 0X6E120[0m
57716389: system.mem_ctrl: Read to address 450816 complete
57716389: system.mem_ctrl: Access for address 450816
57716389: system.mem_ctrl: Queuing response for address 450816
57724389: system.mem_ctrl: Attempting to send response
57724389: system.mem_ctrl: Have 0 read, 0 write, 0 responses outstanding
57819000: system.mem_ctrl: Enqueueing address 1344
[1;33m[1;35m [AddTransaction(RD)] cid: 2 clk: 61707 | READ | addr: 0X540[0m
[1;33m[1;35m [AddTransaction(RD)] cid: 3 clk: 61707 | READ | addr: 0X560[0m
[1;33m[1;36m [AddCommand] cid: 2 clk: 61707 | READ | (address) rank: 0 bankgroup: 2 bank: 0 row: 0 column: 2 addr: 0X540[0m
[1;33m[1;36m [AddCommand] cid: 3 clk: 61707 | READ | (address) rank: 0 bankgroup: 2 bank: 0 row: 0 column: 2 addr: 0X560[0m
[1;33m[1;36m [IssueCommand] cid: 2 clk: 61708 | ACTIVATE | (address) rank: 0 bankgroup: 2 bank: 0 row: 0 column: 2 addr: 0X540[0m
[1;33m[1;36m [IssueCommand] cid: 3 clk: 61708 | ACTIVATE | (address) rank: 0 bankgroup: 2 bank: 0 row: 0 column: 2 addr: 0X560[0m
[1;33m[1;36m [IssueCommand] cid: 2 clk: 61727 | READ | (address) rank: 0 bankgroup: 2 bank: 0 row: 0 column: 2 addr: 0X540[0m
[1;33m[1;36m [IssueCommand] cid: 3 clk: 61727 | READ | (address) rank: 0 bankgroup: 2 bank: 0 row: 0 column: 2 addr: 0X560[0m
[1;33m[1;35m [ReturnDoneRead] cid: 2 clk: 61752 | READ | addr: 0X540[0m
[1;33m[1;35m [ReturnDoneRead] cid: 3 clk: 61752 | READ | addr: 0X560[0m
57861624: system.mem_ctrl: Read to address 1344 complete
57861624: system.mem_ctrl: Access for address 1344
57861624: system.mem_ctrl: Queuing response for address 1344
57869624: system.mem_ctrl: Attempting to send response
57869624: system.mem_ctrl: Have 0 read, 0 write, 0 responses outstanding
57944000: system.mem_ctrl: PIM dispatch addr=422912 size=64 token=0
[1;33m[1;35m [AddTransaction(PIM)] cid: 0 clk: 61840 | MAC | addr: 0X67400[0m
[1;33m[1;36m [AddCommand] cid: 0 clk: 61840 | MAC | (address) rank: 1 bankgroup: 0 bank: -1 row: 1 column: 58 addr: 0X67400[0m
[1;33m[1;36m [IssueCommand] cid: 0 clk: 61841 | ACTIVATE | (address) rank: 1 bankgroup: 0 bank: 0 row: 1 column: -1 addr: 0X67400[0m
[1;33m[1;36m [IssueCommand] cid: 0 clk: 61845 | ACTIVATE | (address) rank: 1 bankgroup: 0 bank: 1 row: 1 column: -1 addr: 0X67400[0m
[1;33m[1;36m [IssueCommand] cid: 0 clk: 61849 | ACTIVATE | (address) rank: 1 bankgroup: 0 bank: 2 row: 1 column: -1 addr: 0X67400[0m
57953000: system.mem_ctrl: Attempting to send response
57953000: system.mem_ctrl: Have 0 read, 0 write, 0 responses outstanding
[1;33m[1;36m [IssueCommand] cid: 0 clk: 61853 | ACTIVATE | (address) rank: 1 bankgroup: 0 bank: 3 row: 1 column: -1 addr: 0X67400[0m
[1;33m[1;36m [IssueCommand] cid: 0 clk: 61872 | MAC | (address) rank: 1 bankgroup: 0 bank: -1 row: 1 column: 58 addr: 0X67400[0m
[1;33m[1;36m [AddCommand] cid: 0 clk: 61872 | MACINTR | (address) rank: 1 bankgroup: 0 bank: -1 row: 1 column: 58 addr: 0X67400[0m
58009000: system.mem_ctrl: PIM dispatch addr=422976 size=64 token=1
[1;33m[1;35m [AddTransaction(PIM)] cid: 2 clk: 61910 | MAC | addr: 0X67440[0m
[1;33m[1;36m [AddCommand] cid: 2 clk: 61910 | MAC | (address) rank: 1 bankgroup: 0 bank: -1 row: 1 column: 58 addr: 0X67440[0m
[1;33m[1;36m [IssueCommand] cid: 2 clk: 61911 | ACTIVATE | (address) rank: 1 bankgroup: 0 bank: 0 row: 1 column: -1 addr: 0X67440[0m
[1;33m[1;36m [IssueCommand] cid: 2 clk: 61915 | ACTIVATE | (address) rank: 1 bankgroup: 0 bank: 1 row: 1 column: -1 addr: 0X67440[0m
58018000: system.mem_ctrl: Attempting to send response
58018000: system.mem_ctrl: Have 0 read, 0 write, 0 responses outstanding
[1;33m[1;36m [IssueCommand] cid: 2 clk: 61919 | ACTIVATE | (address) rank: 1 bankgroup: 0 bank: 2 row: 1 column: -1 addr: 0X67440[0m
[1;33m[1;36m [IssueCommand] cid: 2 clk: 61923 | ACTIVATE | (address) rank: 1 bankgroup: 0 bank: 3 row: 1 column: -1 addr: 0X67440[0m
[1;33m[1;36m [IssueCommand] cid: 2 clk: 61942 | MAC | (address) rank: 1 bankgroup: 0 bank: -1 row: 1 column: 58 addr: 0X67440[0m
[1;33m[1;36m [AddCommand] cid: 2 clk: 61942 | MACINTR | (address) rank: 1 bankgroup: 0 bank: -1 row: 1 column: 58 addr: 0X67440[0m
58074000: system.mem_ctrl: PIM dispatch addr=423040 size=64 token=2
[1;33m[1;35m [AddTransaction(PIM)] cid: 0 clk: 61979 | MAC | addr: 0X67480[0m
[1;33m[1;36m [AddCommand] cid: 0 clk: 61979 | MAC | (address) rank: 1 bankgroup: 1 bank: -1 row: 1 column: 58 addr: 0X67480[0m
[1;33m[1;36m [IssueCommand] cid: 0 clk: 61980 | ACTIVATE | (address) rank: 1 bankgroup: 1 bank: 0 row: 1 column: -1 addr: 0X67480[0m
[1;33m[1;36m [IssueCommand] cid: 0 clk: 61981 | PRECHARGE | (address) rank: 1 bankgroup: 1 bank: 1 row: 1 column: -1 addr: 0X67480[0m
[1;33m[1;36m [IssueCommand] cid: 0 clk: 61984 | ACTIVATE | (address) rank: 1 bankgroup: 1 bank: 2 row: 1 column: -1 addr: 0X67480[0m
[1;33m[1;36m [IssueCommand] cid: 0 clk: 61988 | ACTIVATE | (address) rank: 1 bankgroup: 1 bank: 3 row: 1 column: -1 addr: 0X67480[0m
58083000: system.mem_ctrl: Attempting to send response
58083000: system.mem_ctrl: Have 0 read, 0 write, 0 responses outstanding
[1;33m[1;36m [IssueCommand] cid: 0 clk: 62000 | ACTIVATE | (address) rank: 1 bankgroup: 1 bank: 1 row: 1 column: -1 addr: 0X67480[0m
[1;33m[1;36m [IssueCommand] cid: 0 clk: 62019 | MAC | (address) rank: 1 bankgroup: 1 bank: -1 row: 1 column: 58 addr: 0X67480[0m
[1;33m[1;36m [AddCommand] cid: 0 clk: 62019 | MACINTR | (address) rank: 1 bankgroup: 1 bank: -1 row: 1 column: 58 addr: 0X67480[0m
58137000: system.mem_ctrl: Enqueueing address 1408
[1;33m[1;35m [AddTransaction(RD)] cid: 0 clk: 62046 | READ | addr: 0X580[0m
[1;33m[1;35m [AddTransaction(RD)] cid: 1 clk: 62046 | READ | addr: 0X5A0[0m
[1;33m[1;36m [AddCommand] cid: 0 clk: 62046 | READ | (address) rank: 0 bankgroup: 3 bank: 0 row: 0 column: 2 addr: 0X580[0m
[1;33m[1;36m [AddCommand] cid: 1 clk: 62046 | READ | (address) rank: 0 bankgroup: 3 bank: 0 row: 0 column: 2 addr: 0X5A0[0m
[1;33m[1;36m [IssueCommand] cid: 0 clk: 62047 | ACTIVATE | (address) rank: 0 bankgroup: 3 bank: 0 row: 0 column: 2 addr: 0X580[0m
[1;33m[1;36m [IssueCommand] cid: 1 clk: 62047 | ACTIVATE | (address) rank: 0 bankgroup: 3 bank: 0 row: 0 column: 2 addr: 0X5A0[0m
[1;33m[1;36m [IssueCommand] cid: 0 clk: 62066 | READ | (address) rank: 0 bankgroup: 3 bank: 0 row: 0 column: 2 addr: 0X580[0m
[1;33m[1;36m [IssueCommand] cid: 1 clk: 62066 | READ | (address) rank: 0 bankgroup: 3 bank: 0 row: 0 column: 2 addr: 0X5A0[0m
[1;33m[1;35m [ReturnDoneRead] cid: 0 clk: 62091 | READ | addr: 0X580[0m
[1;33m[1;35m [ReturnDoneRead] cid: 1 clk: 62091 | READ | addr: 0X5A0[0m
58179267: system.mem_ctrl: Read to address 1408 complete
58179267: system.mem_ctrl: Access for address 1408
58179267: system.mem_ctrl: Queuing response for address 1408
58187267: system.mem_ctrl: Attempting to send response
58187267: system.mem_ctrl: Have 0 read, 0 write, 0 responses outstanding
[1;33m[1;36m [IssueCommand] cid: 0 clk: 62128 | MACINTR | (address) rank: 1 bankgroup_mask  00010000 bank: -1 row: 1 column: 58 addr: 0X0[0m
58232676: system.mem_ctrl: PIM token 0 complete
58252000: system.mem_ctrl: Enqueueing address 80000
[1;33m[1;35m [AddTransaction(RD)] cid: 0 clk: 62169 | READ | addr: 0X13880[0m
[1;33m[1;35m [AddTransaction(RD)] cid: 1 clk: 62169 | READ | addr: 0X138A0[0m
[1;33m[1;36m [AddCommand] cid: 0 clk: 62169 | READ | (address) rank: 0 bankgroup: 1 bank: 2 row: 0 column: 28 addr: 0X13880[0m
[1;33m[1;36m [AddCommand] cid: 1 clk: 62169 | READ | (address) rank: 0 bankgroup: 1 bank: 2 row: 0 column: 28 addr: 0X138A0[0m
[1;33m[1;36m [IssueCommand] cid: 0 clk: 62170 | ACTIVATE | (address) rank: 0 bankgroup: 1 bank: 2 row: 0 column: 28 addr: 0X13880[0m
[1;33m[1;36m [IssueCommand] cid: 1 clk: 62170 | ACTIVATE | (address) rank: 0 bankgroup: 1 bank: 2 row: 0 column: 28 addr: 0X138A0[0m
[1;33m[1;36m [IssueCommand] cid: 0 clk: 62189 | READ | (address) rank: 0 bankgroup: 1 bank: 2 row: 0 column: 28 addr: 0X13880[0m
[1;33m[1;36m [IssueCommand] cid: 1 clk: 62189 | READ | (address) rank: 0 bankgroup: 1 bank: 2 row: 0 column: 28 addr: 0X138A0[0m
[1;33m[1;36m [IssueCommand] cid: 2 clk: 62198 | MACINTR | (address) rank: 1 bankgroup_mask  00010000 bank: -1 row: 1 column: 58 addr: 0X0[0m
[1;33m[1;35m [ReturnDoneRead] cid: 0 clk: 62214 | READ | addr: 0X13880[0m
[1;33m[1;35m [ReturnDoneRead] cid: 1 clk: 62214 | READ | addr: 0X138A0[0m
58294518: system.mem_ctrl: Read to address 80000 complete
58294518: system.mem_ctrl: Access for address 80000
58294518: system.mem_ctrl: Queuing response for address 80000
58298266: system.mem_ctrl: PIM token 1 complete
58302518: system.mem_ctrl: Attempting to send response
58302518: system.mem_ctrl: Have 0 read, 0 write, 0 responses outstanding
[1;33m[1;36m [IssueCommand] cid: 0 clk: 62275 | MACINTR | (address) rank: 1 bankgroup_mask  00100000 bank: -1 row: 1 column: 58 addr: 0X0[0m
58370415: system.mem_ctrl: PIM token 2 complete
58391000: system.mem_ctrl: Enqueueing address 80064
[1;33m[1;35m [AddTransaction(RD)] cid: 2 clk: 62317 | READ | addr: 0X138C0[0m
[1;33m[1;35m [AddTransaction(RD)] cid: 3 clk: 62317 | READ | addr: 0X138E0[0m
[1;33m[1;36m [AddCommand] cid: 2 clk: 62317 | READ | (address) rank: 0 bankgroup: 1 bank: 2 row: 0 column: 28 addr: 0X138C0[0m
[1;33m[1;36m [AddCommand] cid: 3 clk: 62317 | READ | (address) rank: 0 bankgroup: 1 bank: 2 row: 0 column: 28 addr: 0X138E0[0m
[1;33m[1;36m [IssueCommand] cid: 2 clk: 62318 | ACTIVATE | (address) rank: 0 bankgroup: 1 bank: 2 row: 0 column: 28 addr: 0X138C0[0m
[1;33m[1;36m [IssueCommand] cid: 3 clk: 62318 | ACTIVATE | (address) rank: 0 bankgroup: 1 bank: 2 row: 0 column: 28 addr: 0X138E0[0m
[1;33m[1;36m [IssueCommand] cid: 2 clk: 62337 | READ | (address) rank: 0 bankgroup: 1 bank: 2 row: 0 column: 28 addr: 0X138C0[0m
[1;33m[1;36m [IssueCommand] cid: 3 clk: 62337 | READ | (address) rank: 0 bankgroup: 1 bank: 2 row: 0 column: 28 addr: 0X138E0[0m
[1;33m[1;35m [ReturnDoneRead] cid: 2 clk: 62362 | READ | addr: 0X138C0[0m
[1;33m[1;35m [ReturnDoneRead] cid: 3 clk: 62362 | READ | addr: 0X138E0[0m
58433194: system.mem_ctrl: Read to address 80064 complete
58433194: system.mem_ctrl: Access for address 80064
58433194: system.mem_ctrl: Queuing response for address 80064
58441194: system.mem_ctrl: Attempting to send response
58441194: system.mem_ctrl: Have 0 read, 0 write, 0 responses outstanding
58530000: system.mem_ctrl: Enqueueing address 138880
[1;33m[1;35m [AddTransaction(RD)] cid: 0 clk: 62466 | READ | addr: 0X21E80[0m
[1;33m[1;35m [AddTransaction(RD)] cid: 1 clk: 62466 | READ | addr: 0X21EA0[0m
[1;33m[1;36m [AddCommand] cid: 0 clk: 62466 | READ | (address) rank: 1 bankgroup: 1 bank: 0 row: 0 column: 15 addr: 0X21E80[0m
[1;33m[1;36m [AddCommand] cid: 1 clk: 62466 | READ | (address) rank: 1 bankgroup: 1 bank: 0 row: 0 column: 15 addr: 0X21EA0[0m
[1;33m[1;36m [IssueCommand] cid: 0 clk: 62467 | PRECHARGE | (address) rank: 1 bankgroup: 1 bank: 0 row: 0 column: 15 addr: 0X21E80[0m
[1;33m[1;36m [IssueCommand] cid: 1 clk: 62467 | ACTIVATE | (address) rank: 1 bankgroup: 1 bank: 0 row: 0 column: 15 addr: 0X21EA0[0m
[1;33m[1;36m [IssueCommand] cid: 0 clk: 62468 | ACTIVATE | (address) rank: 1 bankgroup: 1 bank: 0 row: 0 column: 15 addr: 0X21E80[0m
[1;33m[1;36m [IssueCommand] cid: 1 clk: 62486 | READ | (address) rank: 1 bankgroup: 1 bank: 0 row: 0 column: 15 addr: 0X21EA0[0m
[1;33m[1;36m [IssueCommand] cid: 0 clk: 62487 | READ | (address) rank: 1 bankgroup: 1 bank: 0 row: 0 column: 15 addr: 0X21E80[0m
[1;33m[1;36m [IssueCommand] cid: 0 clk: 62490 | PRECHARGE | (address) rank: 1 bankgroup: 0 bank: 0 row: -1 column: -1 addr: 0XFFFFFFFFFFFFFFFF[0m
[1;33m[1;36m [IssueCommand] cid: 1 clk: 62490 | PRECHARGE | (address) rank: 1 bankgroup: 1 bank: 0 row: -1 column: -1 addr: 0XFFFFFFFFFFFFFFFF[0m
[1;33m[1;36m [IssueCommand] cid: 2 clk: 62490 | PRECHARGE | (address) rank: 1 bankgroup: 0 bank: 0 row: -1 column: -1 addr: 0XFFFFFFFFFFFFFFFF[0m
[1;33m[1;36m [IssueCommand] cid: 3 clk: 62490 | PRECHARGE | (address) rank: 1 bankgroup: 1 bank: 0 row: -1 column: -1 addr: 0XFFFFFFFFFFFFFFFF[0m
[1;33m[1;36m [IssueCommand] cid: 0 clk: 62491 | PRECHARGE | (address) rank: 1 bankgroup: 0 bank: 1 row: -1 column: -1 addr: 0XFFFFFFFFFFFFFFFF[0m
[1;33m[1;36m [IssueCommand] cid: 1 clk: 62491 | PRECHARGE | (address) rank: 1 bankgroup: 1 bank: 1 row: -1 column: -1 addr: 0XFFFFFFFFFFFFFFFF[0m
[1;33m[1;36m [IssueCommand] cid: 2 clk: 62491 | PRECHARGE | (address) rank: 1 bankgroup: 0 bank: 1 row: -1 column: -1 addr: 0XFFFFFFFFFFFFFFFF[0m
[1;33m[1;36m [IssueCommand] cid: 3 clk: 62491 | PRECHARGE | (address) rank: 1 bankgroup: 3 bank: 0 row: -1 column: -1 addr: 0XFFFFFFFFFFFFFFFF[0m
[1;33m[1;36m [IssueCommand] cid: 0 clk: 62492 | PRECHARGE | (address) rank: 1 bankgroup: 0 bank: 2 row: -1 column: -1 addr: 0XFFFFFFFFFFFFFFFF[0m
[1;33m[1;36m [IssueCommand] cid: 1 clk: 62492 | PRECHARGE | (address) rank: 1 bankgroup: 2 bank: 1 row: -1 column: -1 addr: 0XFFFFFFFFFFFFFFFF[0m
[1;33m[1;36m [IssueCommand] cid: 2 clk: 62492 | PRECHARGE | (address) rank: 1 bankgroup: 0 bank: 2 row: -1 column: -1 addr: 0XFFFFFFFFFFFFFFFF[0m
[1;33m[1;36m [IssueCommand] cid: 0 clk: 62493 | PRECHARGE | (address) rank: 1 bankgroup: 0 bank: 3 row: -1 column: -1 addr: 0XFFFFFFFFFFFFFFFF[0m
[1;33m[1;36m [IssueCommand] cid: 2 clk: 62493 | PRECHARGE | (address) rank: 1 bankgroup: 0 bank: 3 row: -1 column: -1 addr: 0XFFFFFFFFFFFFFFFF[0m
[1;33m[1;36m [IssueCommand] cid: 0 clk: 62494 | PRECHARGE | (address) rank: 1 bankgroup: 1 bank: 0 row: -1 column: -1 addr: 0XFFFFFFFFFFFFFFFF[0m
[1;33m[1;36m [IssueCommand] cid: 2 clk: 62494 | PRECHARGE | (address) rank: 1 bankgroup: 1 bank: 0 row: -1 column: -1 addr: 0XFFFFFFFFFFFFFFFF[0m
[1;33m[1;36m [IssueCommand] cid: 0 clk: 62495 | PRECHARGE | (address) rank: 1 bankgroup: 1 bank: 1 row: -1 column: -1 addr: 0XFFFFFFFFFFFFFFFF[0m
[1;33m[1;36m [IssueCommand] cid: 2 clk: 62495 | PRECHARGE | (address) rank: 1 bankgroup: 3 bank: 0 row: -1 column: -1 addr: 0XFFFFFFFFFFFFFFFF[0m
[1;33m[1;36m [IssueCommand] cid: 0 clk: 62496 | PRECHARGE | (address) rank: 1 bankgroup: 1 bank: 2 row: -1 column: -1 addr: 0XFFFFFFFFFFFFFFFF[0m
[1;33m[1;36m [IssueCommand] cid: 0 clk: 62497 | PRECHARGE | (address) rank: 1 bankgroup: 1 bank: 3 row: -1 column: -1 addr: 0XFFFFFFFFFFFFFFFF[0m
[1;33m[1;36m [IssueCommand] cid: 0 clk: 62498 | PRECHARGE | (address) rank: 1 bankgroup: 2 bank: 1 row: -1 column: -1 addr: 0XFFFFFFFFFFFFFFFF[0m
[1;33m[1;36m [IssueCommand] cid: 3 clk: 62510 | REFRESH | (address) rank: 1 bankgroup: -1 bank: -1 row: -1 column: -1 addr: 0XFFFFFFFFFFFFFFFF[0m
[1;33m[1;35m [ReturnDoneRead] cid: 1 clk: 62511 | READ | addr: 0X21EA0[0m
[1;33m[1;36m [IssueCommand] cid: 1 clk: 62511 | REFRESH | (address) rank: 1 bankgroup: -1 bank: -1 row: -1 column: -1 addr: 0XFFFFFFFFFFFFFFFF[0m
[1;33m[1;35m [ReturnDoneRead] cid: 0 clk: 62512 | READ | addr: 0X21E80[0m
58573744: system.mem_ctrl: Read to address 138880 complete
58573744: system.mem_ctrl: Access for address 138880
58573744: system.mem_ctrl: Queuing response for address 138880
[1;33m[1;36m [IssueCommand] cid: 2 clk: 62514 | REFRESH | (address) rank: 1 bankgroup: -1 bank: -1 row: -1 column: -1 addr: 0XFFFFFFFFFFFFFFFF[0m
[1;33m[1;36m [IssueCommand] cid: 0 clk: 62517 | REFRESH | (address) rank: 1 bankgroup: -1 bank: -1 row: -1 column: -1 addr: 0XFFFFFFFFFFFFFFFF[0m
58581744: system.mem_ctrl: Attempting to send response
58581744: system.mem_ctrl: Have 0 read, 0 write, 0 responses outstanding
58646000: system.mem_ctrl: Enqueueing address 414336
[1;33m[1;35m [AddTransaction(RD)] cid: 0 clk: 62590 | READ | addr: 0X65280[0m
[1;33m[1;35m [AddTransaction(RD)] cid: 1 clk: 62590 | READ | addr: 0X652A0[0m
[1;33m[1;36m [AddCommand] cid: 0 clk: 62590 | READ | (address) rank: 1 bankgroup: 1 bank: 0 row: 1 column: 41 addr: 0X65280[0m
[1;33m[1;36m [AddCommand] cid: 1 clk: 62590 | READ | (address) rank: 1 bankgroup: 1 bank: 0 row: 1 column: 41 addr: 0X652A0[0m
[1;33m[1;36m [IssueCommand] cid: 1 clk: 62810 | ACTIVATE | (address) rank: 1 bankgroup: 1 bank: 0 row: 1 column: 41 addr: 0X652A0[0m
[1;33m[1;36m [IssueCommand] cid: 0 clk: 62816 | ACTIVATE | (address) rank: 1 bankgroup: 1 bank: 0 row: 1 column: 41 addr: 0X65280[0m
[1;33m[1;36m [IssueCommand] cid: 1 clk: 62829 | READ | (address) rank: 1 bankgroup: 1 bank: 0 row: 1 column: 41 addr: 0X652A0[0m
[1;33m[1;36m [IssueCommand] cid: 0 clk: 62835 | READ | (address) rank: 1 bankgroup: 1 bank: 0 row: 1 column: 41 addr: 0X65280[0m
[1;33m[1;35m [ReturnDoneRead] cid: 1 clk: 62854 | READ | addr: 0X652A0[0m
[1;33m[1;35m [ReturnDoneRead] cid: 0 clk: 62860 | READ | addr: 0X65280[0m
58899820: system.mem_ctrl: Read to address 414336 complete
58899820: system.mem_ctrl: Access for address 414336
58899820: system.mem_ctrl: Queuing response for address 414336
58907820: system.mem_ctrl: Attempting to send response
58907820: system.mem_ctrl: Have 0 read, 0 write, 0 responses outstanding
58958000: system.mem_ctrl: Enqueueing address 448384
[1;33m[1;35m [AddTransaction(RD)] cid: 0 clk: 62923 | READ | addr: 0X6D780[0m
[1;33m[1;35m [AddTransaction(RD)] cid: 1 clk: 62923 | READ | addr: 0X6D7A0[0m
[1;33m[1;36m [AddCommand] cid: 0 clk: 62923 | READ | (address) rank: 1 bankgroup: 3 bank: 1 row: 1 column: 43 addr: 0X6D780[0m
[1;33m[1;36m [AddCommand] cid: 1 clk: 62923 | READ | (address) rank: 1 bankgroup: 3 bank: 1 row: 1 column: 43 addr: 0X6D7A0[0m
[1;33m[1;36m [IssueCommand] cid: 0 clk: 62924 | ACTIVATE | (address) rank: 1 bankgroup: 3 bank: 1 row: 1 column: 43 addr: 0X6D780[0m
[1;33m[1;36m [IssueCommand] cid: 1 clk: 62924 | ACTIVATE | (address) rank: 1 bankgroup: 3 bank: 1 row: 1 column: 43 addr: 0X6D7A0[0m
[1;33m[1;36m [IssueCommand] cid: 0 clk: 62943 | READ | (address) rank: 1 bankgroup: 3 bank: 1 row: 1 column: 43 addr: 0X6D780[0m
[1;33m[1;36m [IssueCommand] cid: 1 clk: 62943 | READ | (address) rank: 1 bankgroup: 3 bank: 1 row: 1 column: 43 addr: 0X6D7A0[0m
[1;33m[1;35m [ReturnDoneRead] cid: 0 clk: 62968 | READ | addr: 0X6D780[0m
[1;33m[1;35m [ReturnDoneRead] cid: 1 clk: 62968 | READ | addr: 0X6D7A0[0m
59001016: system.mem_ctrl: Read to address 448384 complete
59001016: system.mem_ctrl: Access for address 448384
59001016: system.mem_ctrl: Queuing response for address 448384
59009016: system.mem_ctrl: Attempting to send response
59009016: system.mem_ctrl: Have 0 read, 0 write, 0 responses outstanding
59074000: system.mem_ctrl: Enqueueing address 138944
[1;33m[1;35m [AddTransaction(RD)] cid: 2 clk: 63046 | READ | addr: 0X21EC0[0m
[1;33m[1;35m [AddTransaction(RD)] cid: 3 clk: 63046 | READ | addr: 0X21EE0[0m
[1;33m[1;36m [AddCommand] cid: 2 clk: 63046 | READ | (address) rank: 1 bankgroup: 1 bank: 0 row: 0 column: 15 addr: 0X21EC0[0m
[1;33m[1;36m [AddCommand] cid: 3 clk: 63046 | READ | (address) rank: 1 bankgroup: 1 bank: 0 row: 0 column: 15 addr: 0X21EE0[0m
[1;33m[1;36m [IssueCommand] cid: 2 clk: 63047 | ACTIVATE | (address) rank: 1 bankgroup: 1 bank: 0 row: 0 column: 15 addr: 0X21EC0[0m
[1;33m[1;36m [IssueCommand] cid: 3 clk: 63047 | ACTIVATE | (address) rank: 1 bankgroup: 1 bank: 0 row: 0 column: 15 addr: 0X21EE0[0m
[1;33m[1;36m [IssueCommand] cid: 2 clk: 63066 | READ | (address) rank: 1 bankgroup: 1 bank: 0 row: 0 column: 15 addr: 0X21EC0[0m
[1;33m[1;36m [IssueCommand] cid: 3 clk: 63066 | READ | (address) rank: 1 bankgroup: 1 bank: 0 row: 0 column: 15 addr: 0X21EE0[0m
[1;33m[1;35m [ReturnDoneRead] cid: 2 clk: 63091 | READ | addr: 0X21EC0[0m
[1;33m[1;35m [ReturnDoneRead] cid: 3 clk: 63091 | READ | addr: 0X21EE0[0m
59116267: system.mem_ctrl: Read to address 138944 complete
59116267: system.mem_ctrl: Access for address 138944
59116267: system.mem_ctrl: Queuing response for address 138944
59124267: system.mem_ctrl: Attempting to send response
59124267: system.mem_ctrl: Have 0 read, 0 write, 0 responses outstanding
59259000: system.mem_ctrl: Enqueueing address 139008
[1;33m[1;35m [AddTransaction(RD)] cid: 0 clk: 63244 | READ | addr: 0X21F00[0m
[1;33m[1;35m [AddTransaction(RD)] cid: 1 clk: 63244 | READ | addr: 0X21F20[0m
[1;33m[1;36m [AddCommand] cid: 0 clk: 63244 | READ | (address) rank: 1 bankgroup: 2 bank: 0 row: 0 column: 15 addr: 0X21F00[0m
[1;33m[1;36m [AddCommand] cid: 1 clk: 63244 | READ | (address) rank: 1 bankgroup: 2 bank: 0 row: 0 column: 15 addr: 0X21F20[0m
[1;33m[1;36m [IssueCommand] cid: 0 clk: 63245 | ACTIVATE | (address) rank: 1 bankgroup: 2 bank: 0 row: 0 column: 15 addr: 0X21F00[0m
[1;33m[1;36m [IssueCommand] cid: 1 clk: 63245 | ACTIVATE | (address) rank: 1 bankgroup: 2 bank: 0 row: 0 column: 15 addr: 0X21F20[0m
[1;33m[1;36m [IssueCommand] cid: 0 clk: 63264 | READ | (address) rank: 1 bankgroup: 2 bank: 0 row: 0 column: 15 addr: 0X21F00[0m
[1;33m[1;36m [IssueCommand] cid: 1 clk: 63264 | READ | (address) rank: 1 bankgroup: 2 bank: 0 row: 0 column: 15 addr: 0X21F20[0m
[1;33m[1;35m [ReturnDoneRead] cid: 0 clk: 63289 | READ | addr: 0X21F00[0m
[1;33m[1;35m [ReturnDoneRead] cid: 1 clk: 63289 | READ | addr: 0X21F20[0m
59301793: system.mem_ctrl: Read to address 139008 complete
59301793: system.mem_ctrl: Access for address 139008
59301793: system.mem_ctrl: Queuing response for address 139008
59309793: system.mem_ctrl: Attempting to send response
59309793: system.mem_ctrl: Have 0 read, 0 write, 0 responses outstanding
59374000: system.mem_ctrl: Enqueueing address 414144
[1;33m[1;35m [AddTransaction(RD)] cid: 2 clk: 63367 | READ | addr: 0X651C0[0m
[1;33m[1;35m [AddTransaction(RD)] cid: 3 clk: 63367 | READ | addr: 0X651E0[0m
[1;33m[1;36m [AddCommand] cid: 2 clk: 63367 | READ | (address) rank: 1 bankgroup: 3 bank: 0 row: 1 column: 40 addr: 0X651C0[0m
[1;33m[1;36m [AddCommand] cid: 3 clk: 63367 | READ | (address) rank: 1 bankgroup: 3 bank: 0 row: 1 column: 40 addr: 0X651E0[0m
[1;33m[1;36m [IssueCommand] cid: 2 clk: 63368 | ACTIVATE | (address) rank: 1 bankgroup: 3 bank: 0 row: 1 column: 40 addr: 0X651C0[0m
[1;33m[1;36m [IssueCommand] cid: 3 clk: 63368 | ACTIVATE | (address) rank: 1 bankgroup: 3 bank: 0 row: 1 column: 40 addr: 0X651E0[0m
[1;33m[1;36m [IssueCommand] cid: 2 clk: 63387 | READ | (address) rank: 1 bankgroup: 3 bank: 0 row: 1 column: 40 addr: 0X651C0[0m
[1;33m[1;36m [IssueCommand] cid: 3 clk: 63387 | READ | (address) rank: 1 bankgroup: 3 bank: 0 row: 1 column: 40 addr: 0X651E0[0m
[1;33m[1;35m [ReturnDoneRead] cid: 2 clk: 63412 | READ | addr: 0X651C0[0m
[1;33m[1;35m [ReturnDoneRead] cid: 3 clk: 63412 | READ | addr: 0X651E0[0m
59417044: system.mem_ctrl: Read to address 414144 complete
59417044: system.mem_ctrl: Access for address 414144
59417044: system.mem_ctrl: Queuing response for address 414144
59425044: system.mem_ctrl: Attempting to send response
59425044: system.mem_ctrl: Have 0 read, 0 write, 0 responses outstanding
59500000: system.mem_ctrl: Enqueueing address 448512
[1;33m[1;35m [AddTransaction(RD)] cid: 0 clk: 63501 | READ | addr: 0X6D800[0m
[1;33m[1;35m [AddTransaction(RD)] cid: 1 clk: 63501 | READ | addr: 0X6D820[0m
[1;33m[1;36m [AddCommand] cid: 0 clk: 63501 | READ | (address) rank: 1 bankgroup: 0 bank: 1 row: 1 column: 44 addr: 0X6D800[0m
[1;33m[1;36m [AddCommand] cid: 1 clk: 63501 | READ | (address) rank: 1 bankgroup: 0 bank: 1 row: 1 column: 44 addr: 0X6D820[0m
[1;33m[1;36m [IssueCommand] cid: 0 clk: 63502 | ACTIVATE | (address) rank: 1 bankgroup: 0 bank: 1 row: 1 column: 44 addr: 0X6D800[0m
[1;33m[1;36m [IssueCommand] cid: 1 clk: 63502 | ACTIVATE | (address) rank: 1 bankgroup: 0 bank: 1 row: 1 column: 44 addr: 0X6D820[0m
[1;33m[1;36m [IssueCommand] cid: 0 clk: 63521 | READ | (address) rank: 1 bankgroup: 0 bank: 1 row: 1 column: 44 addr: 0X6D800[0m
[1;33m[1;36m [IssueCommand] cid: 1 clk: 63521 | READ | (address) rank: 1 bankgroup: 0 bank: 1 row: 1 column: 44 addr: 0X6D820[0m
[1;33m[1;35m [ReturnDoneRead] cid: 0 clk: 63546 | READ | addr: 0X6D800[0m
[1;33m[1;35m [ReturnDoneRead] cid: 1 clk: 63546 | READ | addr: 0X6D820[0m
59542602: system.mem_ctrl: Read to address 448512 complete
59542602: system.mem_ctrl: Access for address 448512
59542602: system.mem_ctrl: Queuing response for address 448512
59550602: system.mem_ctrl: Attempting to send response
59550602: system.mem_ctrl: Have 0 read, 0 write, 0 responses outstanding
59603000: system.mem_ctrl: Enqueueing address 69056
[1;33m[1;35m [AddTransaction(RD)] cid: 2 clk: 63611 | READ | addr: 0X10DC0[0m
[1;33m[1;35m [AddTransaction(RD)] cid: 3 clk: 63611 | READ | addr: 0X10DE0[0m
[1;33m[1;36m [AddCommand] cid: 2 clk: 63611 | READ | (address) rank: 0 bankgroup: 3 bank: 2 row: 0 column: 6 addr: 0X10DC0[0m
[1;33m[1;36m [AddCommand] cid: 3 clk: 63611 | READ | (address) rank: 0 bankgroup: 3 bank: 2 row: 0 column: 6 addr: 0X10DE0[0m
[1;33m[1;36m [IssueCommand] cid: 2 clk: 63612 | ACTIVATE | (address) rank: 0 bankgroup: 3 bank: 2 row: 0 column: 6 addr: 0X10DC0[0m
[1;33m[1;36m [IssueCommand] cid: 3 clk: 63612 | ACTIVATE | (address) rank: 0 bankgroup: 3 bank: 2 row: 0 column: 6 addr: 0X10DE0[0m
[1;33m[1;36m [IssueCommand] cid: 2 clk: 63631 | READ | (address) rank: 0 bankgroup: 3 bank: 2 row: 0 column: 6 addr: 0X10DC0[0m
[1;33m[1;36m [IssueCommand] cid: 3 clk: 63631 | READ | (address) rank: 0 bankgroup: 3 bank: 2 row: 0 column: 6 addr: 0X10DE0[0m
[1;33m[1;35m [ReturnDoneRead] cid: 2 clk: 63656 | READ | addr: 0X10DC0[0m
[1;33m[1;35m [ReturnDoneRead] cid: 3 clk: 63656 | READ | addr: 0X10DE0[0m
59645672: system.mem_ctrl: Read to address 69056 complete
59645672: system.mem_ctrl: Access for address 69056
59645672: system.mem_ctrl: Queuing response for address 69056
59653672: system.mem_ctrl: Attempting to send response
59653672: system.mem_ctrl: Have 0 read, 0 write, 0 responses outstanding
59728000: system.mem_ctrl: Enqueueing address 69120
[1;33m[1;35m [AddTransaction(RD)] cid: 0 clk: 63744 | READ | addr: 0X10E00[0m
[1;33m[1;35m [AddTransaction(RD)] cid: 1 clk: 63744 | READ | addr: 0X10E20[0m
[1;33m[1;36m [AddCommand] cid: 0 clk: 63744 | READ | (address) rank: 0 bankgroup: 0 bank: 2 row: 0 column: 7 addr: 0X10E00[0m
[1;33m[1;36m [AddCommand] cid: 1 clk: 63744 | READ | (address) rank: 0 bankgroup: 0 bank: 2 row: 0 column: 7 addr: 0X10E20[0m
[1;33m[1;36m [IssueCommand] cid: 0 clk: 63745 | ACTIVATE | (address) rank: 0 bankgroup: 0 bank: 2 row: 0 column: 7 addr: 0X10E00[0m
[1;33m[1;36m [IssueCommand] cid: 1 clk: 63745 | ACTIVATE | (address) rank: 0 bankgroup: 0 bank: 2 row: 0 column: 7 addr: 0X10E20[0m
[1;33m[1;36m [IssueCommand] cid: 0 clk: 63764 | READ | (address) rank: 0 bankgroup: 0 bank: 2 row: 0 column: 7 addr: 0X10E00[0m
[1;33m[1;36m [IssueCommand] cid: 1 clk: 63764 | READ | (address) rank: 0 bankgroup: 0 bank: 2 row: 0 column: 7 addr: 0X10E20[0m
[1;33m[1;35m [ReturnDoneRead] cid: 0 clk: 63789 | READ | addr: 0X10E00[0m
[1;33m[1;35m [ReturnDoneRead] cid: 1 clk: 63789 | READ | addr: 0X10E20[0m
59770293: system.mem_ctrl: Read to address 69120 complete
59770293: system.mem_ctrl: Access for address 69120
59770293: system.mem_ctrl: Queuing response for address 69120
59778293: system.mem_ctrl: Attempting to send response
59778293: system.mem_ctrl: Have 0 read, 0 write, 0 responses outstanding
59845000: system.mem_ctrl: Enqueueing address 269632
[1;33m[1;35m [AddTransaction(RD)] cid: 2 clk: 63869 | READ | addr: 0X41D40[0m
[1;33m[1;35m [AddTransaction(RD)] cid: 3 clk: 63869 | READ | addr: 0X41D60[0m
[1;33m[1;36m [AddCommand] cid: 2 clk: 63869 | READ | (address) rank: 0 bankgroup: 2 bank: 0 row: 1 column: 14 addr: 0X41D40[0m
[1;33m[1;36m [AddCommand] cid: 3 clk: 63869 | READ | (address) rank: 0 bankgroup: 2 bank: 0 row: 1 column: 14 addr: 0X41D60[0m
[1;33m[1;36m [IssueCommand] cid: 2 clk: 63870 | PRECHARGE | (address) rank: 0 bankgroup: 2 bank: 0 row: 1 column: 14 addr: 0X41D40[0m
[1;33m[1;36m [IssueCommand] cid: 3 clk: 63870 | PRECHARGE | (address) rank: 0 bankgroup: 2 bank: 0 row: 1 column: 14 addr: 0X41D60[0m
[1;33m[1;36m [IssueCommand] cid: 2 clk: 63889 | ACTIVATE | (address) rank: 0 bankgroup: 2 bank: 0 row: 1 column: 14 addr: 0X41D40[0m
[1;33m[1;36m [IssueCommand] cid: 3 clk: 63889 | ACTIVATE | (address) rank: 0 bankgroup: 2 bank: 0 row: 1 column: 14 addr: 0X41D60[0m
[1;33m[1;36m [IssueCommand] cid: 2 clk: 63908 | READ | (address) rank: 0 bankgroup: 2 bank: 0 row: 1 column: 14 addr: 0X41D40[0m
[1;33m[1;36m [IssueCommand] cid: 3 clk: 63908 | READ | (address) rank: 0 bankgroup: 2 bank: 0 row: 1 column: 14 addr: 0X41D60[0m
[1;33m[1;35m [ReturnDoneRead] cid: 2 clk: 63933 | READ | addr: 0X41D40[0m
[1;33m[1;35m [ReturnDoneRead] cid: 3 clk: 63933 | READ | addr: 0X41D60[0m
59905221: system.mem_ctrl: Read to address 269632 complete
59905221: system.mem_ctrl: Access for address 269632
59905221: system.mem_ctrl: Queuing response for address 269632
59913221: system.mem_ctrl: Attempting to send response
59913221: system.mem_ctrl: Have 0 read, 0 write, 0 responses outstanding
60064000: system.mem_ctrl: Enqueueing address 69184
[1;33m[1;35m [AddTransaction(RD)] cid: 2 clk: 64103 | READ | addr: 0X10E40[0m
[1;33m[1;35m [AddTransaction(RD)] cid: 3 clk: 64103 | READ | addr: 0X10E60[0m
[1;33m[1;36m [AddCommand] cid: 2 clk: 64103 | READ | (address) rank: 0 bankgroup: 0 bank: 2 row: 0 column: 7 addr: 0X10E40[0m
[1;33m[1;36m [AddCommand] cid: 3 clk: 64103 | READ | (address) rank: 0 bankgroup: 0 bank: 2 row: 0 column: 7 addr: 0X10E60[0m
[1;33m[1;36m [IssueCommand] cid: 2 clk: 64104 | ACTIVATE | (address) rank: 0 bankgroup: 0 bank: 2 row: 0 column: 7 addr: 0X10E40[0m
[1;33m[1;36m [IssueCommand] cid: 3 clk: 64104 | ACTIVATE | (address) rank: 0 bankgroup: 0 bank: 2 row: 0 column: 7 addr: 0X10E60[0m
[1;33m[1;36m [IssueCommand] cid: 2 clk: 64123 | READ | (address) rank: 0 bankgroup: 0 bank: 2 row: 0 column: 7 addr: 0X10E40[0m
[1;33m[1;36m [IssueCommand] cid: 3 clk: 64123 | READ | (address) rank: 0 bankgroup: 0 bank: 2 row: 0 column: 7 addr: 0X10E60[0m
[1;33m[1;35m [ReturnDoneRead] cid: 2 clk: 64148 | READ | addr: 0X10E40[0m
[1;33m[1;35m [ReturnDoneRead] cid: 3 clk: 64148 | READ | addr: 0X10E60[0m
60106676: system.mem_ctrl: Read to address 69184 complete
60106676: system.mem_ctrl: Access for address 69184
60106676: system.mem_ctrl: Queuing response for address 69184
60114676: system.mem_ctrl: Attempting to send response
60114676: system.mem_ctrl: Have 0 read, 0 write, 0 responses outstanding
60177000: system.mem_ctrl: Enqueueing address 69248
[1;33m[1;35m [AddTransaction(RD)] cid: 0 clk: 64224 | READ | addr: 0X10E80[0m
[1;33m[1;35m [AddTransaction(RD)] cid: 1 clk: 64224 | READ | addr: 0X10EA0[0m
[1;33m[1;36m [AddCommand] cid: 0 clk: 64224 | READ | (address) rank: 0 bankgroup: 1 bank: 2 row: 0 column: 7 addr: 0X10E80[0m
[1;33m[1;36m [AddCommand] cid: 1 clk: 64224 | READ | (address) rank: 0 bankgroup: 1 bank: 2 row: 0 column: 7 addr: 0X10EA0[0m
[1;33m[1;36m [IssueCommand] cid: 0 clk: 64225 | READ | (address) rank: 0 bankgroup: 1 bank: 2 row: 0 column: 7 addr: 0X10E80[0m
[1;33m[1;36m [IssueCommand] cid: 1 clk: 64225 | READ | (address) rank: 0 bankgroup: 1 bank: 2 row: 0 column: 7 addr: 0X10EA0[0m
[1;33m[1;35m [ReturnDoneRead] cid: 0 clk: 64250 | READ | addr: 0X10E80[0m
[1;33m[1;35m [ReturnDoneRead] cid: 1 clk: 64250 | READ | addr: 0X10EA0[0m
60202250: system.mem_ctrl: Read to address 69248 complete
60202250: system.mem_ctrl: Access for address 69248
60202250: system.mem_ctrl: Queuing response for address 69248
60210250: system.mem_ctrl: Attempting to send response
60210250: system.mem_ctrl: Have 0 read, 0 write, 0 responses outstanding
60267000: system.mem_ctrl: Enqueueing address 448576
[1;33m[1;35m [AddTransaction(RD)] cid: 2 clk: 64320 | READ | addr: 0X6D840[0m
[1;33m[1;35m [AddTransaction(RD)] cid: 3 clk: 64320 | READ | addr: 0X6D860[0m
[1;33m[1;36m [AddCommand] cid: 2 clk: 64320 | READ | (address) rank: 1 bankgroup: 0 bank: 1 row: 1 column: 44 addr: 0X6D840[0m
[1;33m[1;36m [AddCommand] cid: 3 clk: 64320 | READ | (address) rank: 1 bankgroup: 0 bank: 1 row: 1 column: 44 addr: 0X6D860[0m
[1;33m[1;36m [IssueCommand] cid: 2 clk: 64321 | ACTIVATE | (address) rank: 1 bankgroup: 0 bank: 1 row: 1 column: 44 addr: 0X6D840[0m
[1;33m[1;36m [IssueCommand] cid: 3 clk: 64321 | ACTIVATE | (address) rank: 1 bankgroup: 0 bank: 1 row: 1 column: 44 addr: 0X6D860[0m
[1;33m[1;36m [IssueCommand] cid: 2 clk: 64340 | READ | (address) rank: 1 bankgroup: 0 bank: 1 row: 1 column: 44 addr: 0X6D840[0m
[1;33m[1;36m [IssueCommand] cid: 3 clk: 64340 | READ | (address) rank: 1 bankgroup: 0 bank: 1 row: 1 column: 44 addr: 0X6D860[0m
[1;33m[1;35m [ReturnDoneRead] cid: 2 clk: 64365 | READ | addr: 0X6D840[0m
[1;33m[1;35m [ReturnDoneRead] cid: 3 clk: 64365 | READ | addr: 0X6D860[0m
60310005: system.mem_ctrl: Read to address 448576 complete
60310005: system.mem_ctrl: Access for address 448576
60310005: system.mem_ctrl: Queuing response for address 448576
60318005: system.mem_ctrl: Attempting to send response
60318005: system.mem_ctrl: Have 0 read, 0 write, 0 responses outstanding
60367000: system.mem_ctrl: Enqueueing address 139072
[1;33m[1;35m [AddTransaction(RD)] cid: 2 clk: 64426 | READ | addr: 0X21F40[0m
[1;33m[1;35m [AddTransaction(RD)] cid: 3 clk: 64426 | READ | addr: 0X21F60[0m
[1;33m[1;36m [AddCommand] cid: 2 clk: 64426 | READ | (address) rank: 1 bankgroup: 2 bank: 0 row: 0 column: 15 addr: 0X21F40[0m
[1;33m[1;36m [AddCommand] cid: 3 clk: 64426 | READ | (address) rank: 1 bankgroup: 2 bank: 0 row: 0 column: 15 addr: 0X21F60[0m
[1;33m[1;36m [IssueCommand] cid: 2 clk: 64427 | ACTIVATE | (address) rank: 1 bankgroup: 2 bank: 0 row: 0 column: 15 addr: 0X21F40[0m
[1;33m[1;36m [IssueCommand] cid: 3 clk: 64427 | ACTIVATE | (address) rank: 1 bankgroup: 2 bank: 0 row: 0 column: 15 addr: 0X21F60[0m
[1;33m[1;36m [IssueCommand] cid: 2 clk: 64446 | READ | (address) rank: 1 bankgroup: 2 bank: 0 row: 0 column: 15 addr: 0X21F40[0m
[1;33m[1;36m [IssueCommand] cid: 3 clk: 64446 | READ | (address) rank: 1 bankgroup: 2 bank: 0 row: 0 column: 15 addr: 0X21F60[0m
[1;33m[1;35m [ReturnDoneRead] cid: 2 clk: 64471 | READ | addr: 0X21F40[0m
[1;33m[1;35m [ReturnDoneRead] cid: 3 clk: 64471 | READ | addr: 0X21F60[0m
60409327: system.mem_ctrl: Read to address 139072 complete
60409327: system.mem_ctrl: Access for address 139072
60409327: system.mem_ctrl: Queuing response for address 139072
60417327: system.mem_ctrl: Attempting to send response
60417327: system.mem_ctrl: Have 0 read, 0 write, 0 responses outstanding
60468000: system.mem_ctrl: Enqueueing address 448320
[1;33m[1;35m [AddTransaction(RD)] cid: 2 clk: 64534 | READ | addr: 0X6D740[0m
[1;33m[1;35m [AddTransaction(RD)] cid: 3 clk: 64534 | READ | addr: 0X6D760[0m
[1;33m[1;36m [AddCommand] cid: 2 clk: 64534 | READ | (address) rank: 1 bankgroup: 2 bank: 1 row: 1 column: 43 addr: 0X6D740[0m
[1;33m[1;36m [AddCommand] cid: 3 clk: 64534 | READ | (address) rank: 1 bankgroup: 2 bank: 1 row: 1 column: 43 addr: 0X6D760[0m
[1;33m[1;36m [IssueCommand] cid: 2 clk: 64535 | ACTIVATE | (address) rank: 1 bankgroup: 2 bank: 1 row: 1 column: 43 addr: 0X6D740[0m
[1;33m[1;36m [IssueCommand] cid: 3 clk: 64535 | ACTIVATE | (address) rank: 1 bankgroup: 2 bank: 1 row: 1 column: 43 addr: 0X6D760[0m
[1;33m[1;36m [IssueCommand] cid: 2 clk: 64554 | READ | (address) rank: 1 bankgroup: 2 bank: 1 row: 1 column: 43 addr: 0X6D740[0m
[1;33m[1;36m [IssueCommand] cid: 3 clk: 64554 | READ | (address) rank: 1 bankgroup: 2 bank: 1 row: 1 column: 43 addr: 0X6D760[0m
[1;33m[1;36m [IssueCommand] cid: 0 clk: 64573 | PRECHARGE | (address) rank: 0 bankgroup: 0 bank: 0 row: -1 column: -1 addr: 0XFFFFFFFFFFFFFFFF[0m
[1;33m[1;36m [IssueCommand] cid: 1 clk: 64573 | PRECHARGE | (address) rank: 0 bankgroup: 0 bank: 0 row: -1 column: -1 addr: 0XFFFFFFFFFFFFFFFF[0m
[1;33m[1;36m [IssueCommand] cid: 2 clk: 64573 | PRECHARGE | (address) rank: 0 bankgroup: 0 bank: 0 row: -1 column: -1 addr: 0XFFFFFFFFFFFFFFFF[0m
[1;33m[1;36m [IssueCommand] cid: 3 clk: 64573 | PRECHARGE | (address) rank: 0 bankgroup: 0 bank: 0 row: -1 column: -1 addr: 0XFFFFFFFFFFFFFFFF[0m
[1;33m[1;36m [IssueCommand] cid: 0 clk: 64574 | PRECHARGE | (address) rank: 0 bankgroup: 0 bank: 2 row: -1 column: -1 addr: 0XFFFFFFFFFFFFFFFF[0m
[1;33m[1;36m [IssueCommand] cid: 1 clk: 64574 | PRECHARGE | (address) rank: 0 bankgroup: 0 bank: 2 row: -1 column: -1 addr: 0XFFFFFFFFFFFFFFFF[0m
[1;33m[1;36m [IssueCommand] cid: 2 clk: 64574 | PRECHARGE | (address) rank: 0 bankgroup: 0 bank: 2 row: -1 column: -1 addr: 0XFFFFFFFFFFFFFFFF[0m
[1;33m[1;36m [IssueCommand] cid: 3 clk: 64574 | PRECHARGE | (address) rank: 0 bankgroup: 0 bank: 2 row: -1 column: -1 addr: 0XFFFFFFFFFFFFFFFF[0m
[1;33m[1;36m [IssueCommand] cid: 0 clk: 64575 | PRECHARGE | (address) rank: 0 bankgroup: 1 bank: 0 row: -1 column: -1 addr: 0XFFFFFFFFFFFFFFFF[0m
[1;33m[1;36m [IssueCommand] cid: 1 clk: 64575 | PRECHARGE | (address) rank: 0 bankgroup: 1 bank: 0 row: -1 column: -1 addr: 0XFFFFFFFFFFFFFFFF[0m
[1;33m[1;36m [IssueCommand] cid: 2 clk: 64575 | PRECHARGE | (address) rank: 0 bankgroup: 1 bank: 2 row: -1 column: -1 addr: 0XFFFFFFFFFFFFFFFF[0m
[1;33m[1;36m [IssueCommand] cid: 3 clk: 64575 | PRECHARGE | (address) rank: 0 bankgroup: 1 bank: 2 row: -1 column: -1 addr: 0XFFFFFFFFFFFFFFFF[0m
[1;33m[1;36m [IssueCommand] cid: 0 clk: 64576 | PRECHARGE | (address) rank: 0 bankgroup: 1 bank: 2 row: -1 column: -1 addr: 0XFFFFFFFFFFFFFFFF[0m
[1;33m[1;36m [IssueCommand] cid: 1 clk: 64576 | PRECHARGE | (address) rank: 0 bankgroup: 1 bank: 2 row: -1 column: -1 addr: 0XFFFFFFFFFFFFFFFF[0m
[1;33m[1;36m [IssueCommand] cid: 2 clk: 64576 | PRECHARGE | (address) rank: 0 bankgroup: 2 bank: 0 row: -1 column: -1 addr: 0XFFFFFFFFFFFFFFFF[0m
[1;33m[1;36m [IssueCommand] cid: 3 clk: 64576 | PRECHARGE | (address) rank: 0 bankgroup: 2 bank: 0 row: -1 column: -1 addr: 0XFFFFFFFFFFFFFFFF[0m
[1;33m[1;36m [IssueCommand] cid: 0 clk: 64577 | PRECHARGE | (address) rank: 0 bankgroup: 2 bank: 0 row: -1 column: -1 addr: 0XFFFFFFFFFFFFFFFF[0m
[1;33m[1;36m [IssueCommand] cid: 1 clk: 64577 | PRECHARGE | (address) rank: 0 bankgroup: 2 bank: 0 row: -1 column: -1 addr: 0XFFFFFFFFFFFFFFFF[0m
[1;33m[1;36m [IssueCommand] cid: 2 clk: 64577 | PRECHARGE | (address) rank: 0 bankgroup: 3 bank: 2 row: -1 column: -1 addr: 0XFFFFFFFFFFFFFFFF[0m
[1;33m[1;36m [IssueCommand] cid: 3 clk: 64577 | PRECHARGE | (address) rank: 0 bankgroup: 3 bank: 2 row: -1 column: -1 addr: 0XFFFFFFFFFFFFFFFF[0m
[1;33m[1;36m [IssueCommand] cid: 0 clk: 64578 | PRECHARGE | (address) rank: 0 bankgroup: 3 bank: 0 row: -1 column: -1 addr: 0XFFFFFFFFFFFFFFFF[0m
[1;33m[1;36m [IssueCommand] cid: 1 clk: 64578 | PRECHARGE | (address) rank: 0 bankgroup: 3 bank: 0 row: -1 column: -1 addr: 0XFFFFFFFFFFFFFFFF[0m
[1;33m[1;35m [ReturnDoneRead] cid: 2 clk: 64579 | READ | addr: 0X6D740[0m
[1;33m[1;35m [ReturnDoneRead] cid: 3 clk: 64579 | READ | addr: 0X6D760[0m
[1;33m[1;36m [IssueCommand] cid: 0 clk: 64579 | PRECHARGE | (address) rank: 0 bankgroup: 3 bank: 2 row: -1 column: -1 addr: 0XFFFFFFFFFFFFFFFF[0m
[1;33m[1;36m [IssueCommand] cid: 1 clk: 64579 | PRECHARGE | (address) rank: 0 bankgroup: 3 bank: 2 row: -1 column: -1 addr: 0XFFFFFFFFFFFFFFFF[0m
60510523: system.mem_ctrl: Read to address 448320 complete
60510523: system.mem_ctrl: Access for address 448320
60510523: system.mem_ctrl: Queuing response for address 448320
60518523: system.mem_ctrl: Attempting to send response
60518523: system.mem_ctrl: Have 0 read, 0 write, 0 responses outstanding
[1;33m[1;36m [IssueCommand] cid: 2 clk: 64596 | REFRESH | (address) rank: 0 bankgroup: -1 bank: -1 row: -1 column: -1 addr: 0XFFFFFFFFFFFFFFFF[0m
[1;33m[1;36m [IssueCommand] cid: 3 clk: 64596 | REFRESH | (address) rank: 0 bankgroup: -1 bank: -1 row: -1 column: -1 addr: 0XFFFFFFFFFFFFFFFF[0m
[1;33m[1;36m [IssueCommand] cid: 0 clk: 64598 | REFRESH | (address) rank: 0 bankgroup: -1 bank: -1 row: -1 column: -1 addr: 0XFFFFFFFFFFFFFFFF[0m
[1;33m[1;36m [IssueCommand] cid: 1 clk: 64598 | REFRESH | (address) rank: 0 bankgroup: -1 bank: -1 row: -1 column: -1 addr: 0XFFFFFFFFFFFFFFFF[0m
60573000: system.mem_ctrl: Enqueueing address 139776
[1;33m[1;35m [AddTransaction(RD)] cid: 0 clk: 64646 | READ | addr: 0X22200[0m
[1;33m[1;35m [AddTransaction(RD)] cid: 1 clk: 64646 | READ | addr: 0X22220[0m
[1;33m[1;36m [AddCommand] cid: 0 clk: 64646 | READ | (address) rank: 1 bankgroup: 0 bank: 0 row: 0 column: 17 addr: 0X22200[0m
[1;33m[1;36m [AddCommand] cid: 1 clk: 64646 | READ | (address) rank: 1 bankgroup: 0 bank: 0 row: 0 column: 17 addr: 0X22220[0m
[1;33m[1;36m [IssueCommand] cid: 0 clk: 64647 | ACTIVATE | (address) rank: 1 bankgroup: 0 bank: 0 row: 0 column: 17 addr: 0X22200[0m
[1;33m[1;36m [IssueCommand] cid: 1 clk: 64647 | ACTIVATE | (address) rank: 1 bankgroup: 0 bank: 0 row: 0 column: 17 addr: 0X22220[0m
[1;33m[1;36m [IssueCommand] cid: 0 clk: 64666 | READ | (address) rank: 1 bankgroup: 0 bank: 0 row: 0 column: 17 addr: 0X22200[0m
[1;33m[1;36m [IssueCommand] cid: 1 clk: 64666 | READ | (address) rank: 1 bankgroup: 0 bank: 0 row: 0 column: 17 addr: 0X22220[0m
[1;33m[1;35m [ReturnDoneRead] cid: 0 clk: 64691 | READ | addr: 0X22200[0m
[1;33m[1;35m [ReturnDoneRead] cid: 1 clk: 64691 | READ | addr: 0X22220[0m
60615467: system.mem_ctrl: Read to address 139776 complete
60615467: system.mem_ctrl: Access for address 139776
60615467: system.mem_ctrl: Queuing response for address 139776
60623467: system.mem_ctrl: Attempting to send response
60623467: system.mem_ctrl: Have 0 read, 0 write, 0 responses outstanding
60682000: system.mem_ctrl: Enqueueing address 139840
[1;33m[1;35m [AddTransaction(RD)] cid: 2 clk: 64763 | READ | addr: 0X22240[0m
[1;33m[1;35m [AddTransaction(RD)] cid: 3 clk: 64763 | READ | addr: 0X22260[0m
[1;33m[1;36m [AddCommand] cid: 2 clk: 64763 | READ | (address) rank: 1 bankgroup: 0 bank: 0 row: 0 column: 17 addr: 0X22240[0m
[1;33m[1;36m [AddCommand] cid: 3 clk: 64763 | READ | (address) rank: 1 bankgroup: 0 bank: 0 row: 0 column: 17 addr: 0X22260[0m
[1;33m[1;36m [IssueCommand] cid: 2 clk: 64764 | ACTIVATE | (address) rank: 1 bankgroup: 0 bank: 0 row: 0 column: 17 addr: 0X22240[0m
[1;33m[1;36m [IssueCommand] cid: 3 clk: 64764 | ACTIVATE | (address) rank: 1 bankgroup: 0 bank: 0 row: 0 column: 17 addr: 0X22260[0m
[1;33m[1;36m [IssueCommand] cid: 2 clk: 64783 | READ | (address) rank: 1 bankgroup: 0 bank: 0 row: 0 column: 17 addr: 0X22240[0m
[1;33m[1;36m [IssueCommand] cid: 3 clk: 64783 | READ | (address) rank: 1 bankgroup: 0 bank: 0 row: 0 column: 17 addr: 0X22260[0m
[1;33m[1;35m [ReturnDoneRead] cid: 2 clk: 64808 | READ | addr: 0X22240[0m
[1;33m[1;35m [ReturnDoneRead] cid: 3 clk: 64808 | READ | addr: 0X22260[0m
60725096: system.mem_ctrl: Read to address 139840 complete
60725096: system.mem_ctrl: Access for address 139840
60725096: system.mem_ctrl: Queuing response for address 139840
60733096: system.mem_ctrl: Attempting to send response
60733096: system.mem_ctrl: Have 0 read, 0 write, 0 responses outstanding
60788000: system.mem_ctrl: Enqueueing address 43008
[1;33m[1;35m [AddTransaction(RD)] cid: 0 clk: 64876 | READ | addr: 0XA800[0m
[1;33m[1;35m [AddTransaction(RD)] cid: 1 clk: 64876 | READ | addr: 0XA820[0m
[1;33m[1;36m [AddCommand] cid: 0 clk: 64876 | READ | (address) rank: 0 bankgroup: 0 bank: 1 row: 0 column: 20 addr: 0XA800[0m
[1;33m[1;36m [AddCommand] cid: 1 clk: 64876 | READ | (address) rank: 0 bankgroup: 0 bank: 1 row: 0 column: 20 addr: 0XA820[0m
[1;33m[1;36m [IssueCommand] cid: 0 clk: 64897 | ACTIVATE | (address) rank: 0 bankgroup: 0 bank: 1 row: 0 column: 20 addr: 0XA800[0m
[1;33m[1;36m [IssueCommand] cid: 1 clk: 64897 | ACTIVATE | (address) rank: 0 bankgroup: 0 bank: 1 row: 0 column: 20 addr: 0XA820[0m
[1;33m[1;36m [IssueCommand] cid: 0 clk: 64916 | READ | (address) rank: 0 bankgroup: 0 bank: 1 row: 0 column: 20 addr: 0XA800[0m
[1;33m[1;36m [IssueCommand] cid: 1 clk: 64916 | READ | (address) rank: 0 bankgroup: 0 bank: 1 row: 0 column: 20 addr: 0XA820[0m
[1;33m[1;35m [ReturnDoneRead] cid: 0 clk: 64941 | READ | addr: 0XA800[0m
[1;33m[1;35m [ReturnDoneRead] cid: 1 clk: 64941 | READ | addr: 0XA820[0m
60849717: system.mem_ctrl: Read to address 43008 complete
60849717: system.mem_ctrl: Access for address 43008
60849717: system.mem_ctrl: Queuing response for address 43008
60857717: system.mem_ctrl: Attempting to send response
60857717: system.mem_ctrl: Have 0 read, 0 write, 0 responses outstanding
60912000: system.mem_ctrl: Enqueueing address 448640
[1;33m[1;35m [AddTransaction(RD)] cid: 0 clk: 65008 | READ | addr: 0X6D880[0m
[1;33m[1;35m [AddTransaction(RD)] cid: 1 clk: 65008 | READ | addr: 0X6D8A0[0m
[1;33m[1;36m [AddCommand] cid: 0 clk: 65008 | READ | (address) rank: 1 bankgroup: 1 bank: 1 row: 1 column: 44 addr: 0X6D880[0m
[1;33m[1;36m [AddCommand] cid: 1 clk: 65008 | READ | (address) rank: 1 bankgroup: 1 bank: 1 row: 1 column: 44 addr: 0X6D8A0[0m
[1;33m[1;36m [IssueCommand] cid: 0 clk: 65009 | ACTIVATE | (address) rank: 1 bankgroup: 1 bank: 1 row: 1 column: 44 addr: 0X6D880[0m
[1;33m[1;36m [IssueCommand] cid: 1 clk: 65009 | ACTIVATE | (address) rank: 1 bankgroup: 1 bank: 1 row: 1 column: 44 addr: 0X6D8A0[0m
[1;33m[1;36m [IssueCommand] cid: 0 clk: 65028 | READ | (address) rank: 1 bankgroup: 1 bank: 1 row: 1 column: 44 addr: 0X6D880[0m
[1;33m[1;36m [IssueCommand] cid: 1 clk: 65028 | READ | (address) rank: 1 bankgroup: 1 bank: 1 row: 1 column: 44 addr: 0X6D8A0[0m
[1;33m[1;35m [ReturnDoneRead] cid: 0 clk: 65053 | READ | addr: 0X6D880[0m
[1;33m[1;35m [ReturnDoneRead] cid: 1 clk: 65053 | READ | addr: 0X6D8A0[0m
60954661: system.mem_ctrl: Read to address 448640 complete
60954661: system.mem_ctrl: Access for address 448640
60954661: system.mem_ctrl: Queuing response for address 448640
60962661: system.mem_ctrl: Attempting to send response
60962661: system.mem_ctrl: Have 0 read, 0 write, 0 responses outstanding
61027000: system.mem_ctrl: Enqueueing address 43072
[1;33m[1;35m [AddTransaction(RD)] cid: 2 clk: 65131 | READ | addr: 0XA840[0m
[1;33m[1;35m [AddTransaction(RD)] cid: 3 clk: 65131 | READ | addr: 0XA860[0m
[1;33m[1;36m [AddCommand] cid: 2 clk: 65131 | READ | (address) rank: 0 bankgroup: 0 bank: 1 row: 0 column: 20 addr: 0XA840[0m
[1;33m[1;36m [AddCommand] cid: 3 clk: 65131 | READ | (address) rank: 0 bankgroup: 0 bank: 1 row: 0 column: 20 addr: 0XA860[0m
[1;33m[1;36m [IssueCommand] cid: 2 clk: 65132 | ACTIVATE | (address) rank: 0 bankgroup: 0 bank: 1 row: 0 column: 20 addr: 0XA840[0m
[1;33m[1;36m [IssueCommand] cid: 3 clk: 65132 | ACTIVATE | (address) rank: 0 bankgroup: 0 bank: 1 row: 0 column: 20 addr: 0XA860[0m
[1;33m[1;36m [IssueCommand] cid: 2 clk: 65151 | READ | (address) rank: 0 bankgroup: 0 bank: 1 row: 0 column: 20 addr: 0XA840[0m
[1;33m[1;36m [IssueCommand] cid: 3 clk: 65151 | READ | (address) rank: 0 bankgroup: 0 bank: 1 row: 0 column: 20 addr: 0XA860[0m
[1;33m[1;35m [ReturnDoneRead] cid: 2 clk: 65176 | READ | addr: 0XA840[0m
[1;33m[1;35m [ReturnDoneRead] cid: 3 clk: 65176 | READ | addr: 0XA860[0m
61069912: system.mem_ctrl: Read to address 43072 complete
61069912: system.mem_ctrl: Access for address 43072
61069912: system.mem_ctrl: Queuing response for address 43072
61077912: system.mem_ctrl: Attempting to send response
61077912: system.mem_ctrl: Have 0 read, 0 write, 0 responses outstanding
61148000: system.mem_ctrl: Enqueueing address 414272
[1;33m[1;35m [AddTransaction(RD)] cid: 2 clk: 65260 | READ | addr: 0X65240[0m
[1;33m[1;35m [AddTransaction(RD)] cid: 3 clk: 65260 | READ | addr: 0X65260[0m
[1;33m[1;36m [AddCommand] cid: 2 clk: 65260 | READ | (address) rank: 1 bankgroup: 0 bank: 0 row: 1 column: 41 addr: 0X65240[0m
[1;33m[1;36m [AddCommand] cid: 3 clk: 65260 | READ | (address) rank: 1 bankgroup: 0 bank: 0 row: 1 column: 41 addr: 0X65260[0m
[1;33m[1;36m [IssueCommand] cid: 2 clk: 65261 | PRECHARGE | (address) rank: 1 bankgroup: 0 bank: 0 row: 1 column: 41 addr: 0X65240[0m
[1;33m[1;36m [IssueCommand] cid: 3 clk: 65261 | PRECHARGE | (address) rank: 1 bankgroup: 0 bank: 0 row: 1 column: 41 addr: 0X65260[0m
[1;33m[1;36m [IssueCommand] cid: 2 clk: 65280 | ACTIVATE | (address) rank: 1 bankgroup: 0 bank: 0 row: 1 column: 41 addr: 0X65240[0m
[1;33m[1;36m [IssueCommand] cid: 3 clk: 65280 | ACTIVATE | (address) rank: 1 bankgroup: 0 bank: 0 row: 1 column: 41 addr: 0X65260[0m
[1;33m[1;36m [IssueCommand] cid: 2 clk: 65299 | READ | (address) rank: 1 bankgroup: 0 bank: 0 row: 1 column: 41 addr: 0X65240[0m
[1;33m[1;36m [IssueCommand] cid: 3 clk: 65299 | READ | (address) rank: 1 bankgroup: 0 bank: 0 row: 1 column: 41 addr: 0X65260[0m
[1;33m[1;35m [ReturnDoneRead] cid: 2 clk: 65324 | READ | addr: 0X65240[0m
[1;33m[1;35m [ReturnDoneRead] cid: 3 clk: 65324 | READ | addr: 0X65260[0m
61208588: system.mem_ctrl: Read to address 414272 complete
61208588: system.mem_ctrl: Access for address 414272
61208588: system.mem_ctrl: Queuing response for address 414272
61216588: system.mem_ctrl: Attempting to send response
61216588: system.mem_ctrl: Have 0 read, 0 write, 0 responses outstanding
61271000: system.mem_ctrl: Enqueueing address 426688
[1;33m[1;35m [AddTransaction(RD)] cid: 2 clk: 65391 | READ | addr: 0X682C0[0m
[1;33m[1;35m [AddTransaction(RD)] cid: 3 clk: 65391 | READ | addr: 0X682E0[0m
[1;33m[1;36m [AddCommand] cid: 2 clk: 65391 | READ | (address) rank: 1 bankgroup: 1 bank: 1 row: 1 column: 1 addr: 0X682C0[0m
[1;33m[1;36m [AddCommand] cid: 3 clk: 65391 | READ | (address) rank: 1 bankgroup: 1 bank: 1 row: 1 column: 1 addr: 0X682E0[0m
[1;33m[1;36m [IssueCommand] cid: 2 clk: 65392 | ACTIVATE | (address) rank: 1 bankgroup: 1 bank: 1 row: 1 column: 1 addr: 0X682C0[0m
[1;33m[1;36m [IssueCommand] cid: 3 clk: 65392 | ACTIVATE | (address) rank: 1 bankgroup: 1 bank: 1 row: 1 column: 1 addr: 0X682E0[0m
[1;33m[1;36m [IssueCommand] cid: 2 clk: 65411 | READ | (address) rank: 1 bankgroup: 1 bank: 1 row: 1 column: 1 addr: 0X682C0[0m
[1;33m[1;36m [IssueCommand] cid: 3 clk: 65411 | READ | (address) rank: 1 bankgroup: 1 bank: 1 row: 1 column: 1 addr: 0X682E0[0m
[1;33m[1;35m [ReturnDoneRead] cid: 2 clk: 65436 | READ | addr: 0X682C0[0m
[1;33m[1;35m [ReturnDoneRead] cid: 3 clk: 65436 | READ | addr: 0X682E0[0m
61313532: system.mem_ctrl: Read to address 426688 complete
61313532: system.mem_ctrl: Access for address 426688
61313532: system.mem_ctrl: Queuing response for address 426688
61321532: system.mem_ctrl: Attempting to send response
61321532: system.mem_ctrl: Have 0 read, 0 write, 0 responses outstanding
61400000: system.mem_ctrl: Enqueueing address 139904
[1;33m[1;35m [AddTransaction(RD)] cid: 0 clk: 65529 | READ | addr: 0X22280[0m
[1;33m[1;35m [AddTransaction(RD)] cid: 1 clk: 65529 | READ | addr: 0X222A0[0m
[1;33m[1;36m [AddCommand] cid: 0 clk: 65529 | READ | (address) rank: 1 bankgroup: 1 bank: 0 row: 0 column: 17 addr: 0X22280[0m
[1;33m[1;36m [AddCommand] cid: 1 clk: 65529 | READ | (address) rank: 1 bankgroup: 1 bank: 0 row: 0 column: 17 addr: 0X222A0[0m
[1;33m[1;36m [IssueCommand] cid: 0 clk: 65530 | PRECHARGE | (address) rank: 1 bankgroup: 1 bank: 0 row: 0 column: 17 addr: 0X22280[0m
[1;33m[1;36m [IssueCommand] cid: 1 clk: 65530 | PRECHARGE | (address) rank: 1 bankgroup: 1 bank: 0 row: 0 column: 17 addr: 0X222A0[0m
[1;33m[1;36m [IssueCommand] cid: 0 clk: 65549 | ACTIVATE | (address) rank: 1 bankgroup: 1 bank: 0 row: 0 column: 17 addr: 0X22280[0m
[1;33m[1;36m [IssueCommand] cid: 1 clk: 65549 | ACTIVATE | (address) rank: 1 bankgroup: 1 bank: 0 row: 0 column: 17 addr: 0X222A0[0m
[1;33m[1;36m [IssueCommand] cid: 0 clk: 65568 | READ | (address) rank: 1 bankgroup: 1 bank: 0 row: 0 column: 17 addr: 0X22280[0m
[1;33m[1;36m [IssueCommand] cid: 1 clk: 65568 | READ | (address) rank: 1 bankgroup: 1 bank: 0 row: 0 column: 17 addr: 0X222A0[0m
[1;33m[1;35m [ReturnDoneRead] cid: 0 clk: 65593 | READ | addr: 0X22280[0m
[1;33m[1;35m [ReturnDoneRead] cid: 1 clk: 65593 | READ | addr: 0X222A0[0m
61460641: system.mem_ctrl: Read to address 139904 complete
61460641: system.mem_ctrl: Access for address 139904
61460641: system.mem_ctrl: Queuing response for address 139904
61468641: system.mem_ctrl: Attempting to send response
61468641: system.mem_ctrl: Have 0 read, 0 write, 0 responses outstanding
61537000: system.mem_ctrl: Enqueueing address 414400
[1;33m[1;35m [AddTransaction(RD)] cid: 2 clk: 65675 | READ | addr: 0X652C0[0m
[1;33m[1;35m [AddTransaction(RD)] cid: 3 clk: 65675 | READ | addr: 0X652E0[0m
[1;33m[1;36m [AddCommand] cid: 2 clk: 65675 | READ | (address) rank: 1 bankgroup: 1 bank: 0 row: 1 column: 41 addr: 0X652C0[0m
[1;33m[1;36m [AddCommand] cid: 3 clk: 65675 | READ | (address) rank: 1 bankgroup: 1 bank: 0 row: 1 column: 41 addr: 0X652E0[0m
[1;33m[1;36m [IssueCommand] cid: 2 clk: 65676 | PRECHARGE | (address) rank: 1 bankgroup: 1 bank: 0 row: 1 column: 41 addr: 0X652C0[0m
[1;33m[1;36m [IssueCommand] cid: 3 clk: 65676 | PRECHARGE | (address) rank: 1 bankgroup: 1 bank: 0 row: 1 column: 41 addr: 0X652E0[0m
[1;33m[1;36m [IssueCommand] cid: 2 clk: 65695 | ACTIVATE | (address) rank: 1 bankgroup: 1 bank: 0 row: 1 column: 41 addr: 0X652C0[0m
[1;33m[1;36m [IssueCommand] cid: 3 clk: 65695 | ACTIVATE | (address) rank: 1 bankgroup: 1 bank: 0 row: 1 column: 41 addr: 0X652E0[0m
[1;33m[1;36m [IssueCommand] cid: 2 clk: 65714 | READ | (address) rank: 1 bankgroup: 1 bank: 0 row: 1 column: 41 addr: 0X652C0[0m
[1;33m[1;36m [IssueCommand] cid: 3 clk: 65714 | READ | (address) rank: 1 bankgroup: 1 bank: 0 row: 1 column: 41 addr: 0X652E0[0m
[1;33m[1;35m [ReturnDoneRead] cid: 2 clk: 65739 | READ | addr: 0X652C0[0m
[1;33m[1;35m [ReturnDoneRead] cid: 3 clk: 65739 | READ | addr: 0X652E0[0m
61597443: system.mem_ctrl: Read to address 414400 complete
61597443: system.mem_ctrl: Access for address 414400
61597443: system.mem_ctrl: Queuing response for address 414400
61605443: system.mem_ctrl: Attempting to send response
61605443: system.mem_ctrl: Have 0 read, 0 write, 0 responses outstanding
61694000: system.mem_ctrl: Enqueueing address 420544
[1;33m[1;35m [AddTransaction(RD)] cid: 2 clk: 65843 | READ | addr: 0X66AC0[0m
[1;33m[1;35m [AddTransaction(RD)] cid: 3 clk: 65843 | READ | addr: 0X66AE0[0m
[1;33m[1;36m [AddCommand] cid: 2 clk: 65843 | READ | (address) rank: 1 bankgroup: 1 bank: 0 row: 1 column: 53 addr: 0X66AC0[0m
[1;33m[1;36m [AddCommand] cid: 3 clk: 65843 | READ | (address) rank: 1 bankgroup: 1 bank: 0 row: 1 column: 53 addr: 0X66AE0[0m
[1;33m[1;36m [IssueCommand] cid: 2 clk: 65844 | READ | (address) rank: 1 bankgroup: 1 bank: 0 row: 1 column: 53 addr: 0X66AC0[0m
[1;33m[1;36m [IssueCommand] cid: 3 clk: 65844 | READ | (address) rank: 1 bankgroup: 1 bank: 0 row: 1 column: 53 addr: 0X66AE0[0m
[1;33m[1;35m [ReturnDoneRead] cid: 2 clk: 65869 | READ | addr: 0X66AC0[0m
[1;33m[1;35m [ReturnDoneRead] cid: 3 clk: 65869 | READ | addr: 0X66AE0[0m
61719253: system.mem_ctrl: Read to address 420544 complete
61719253: system.mem_ctrl: Access for address 420544
61719253: system.mem_ctrl: Queuing response for address 420544
61727253: system.mem_ctrl: Attempting to send response
61727253: system.mem_ctrl: Have 0 read, 0 write, 0 responses outstanding
61784000: system.mem_ctrl: Enqueueing address 32576
[1;33m[1;35m [AddTransaction(RD)] cid: 2 clk: 65939 | READ | addr: 0X7F40[0m
[1;33m[1;35m [AddTransaction(RD)] cid: 3 clk: 65939 | READ | addr: 0X7F60[0m
[1;33m[1;36m [AddCommand] cid: 2 clk: 65939 | READ | (address) rank: 0 bankgroup: 2 bank: 0 row: 0 column: 63 addr: 0X7F40[0m
[1;33m[1;36m [AddCommand] cid: 3 clk: 65939 | READ | (address) rank: 0 bankgroup: 2 bank: 0 row: 0 column: 63 addr: 0X7F60[0m
[1;33m[1;36m [IssueCommand] cid: 2 clk: 65940 | ACTIVATE | (address) rank: 0 bankgroup: 2 bank: 0 row: 0 column: 63 addr: 0X7F40[0m
[1;33m[1;36m [IssueCommand] cid: 3 clk: 65940 | ACTIVATE | (address) rank: 0 bankgroup: 2 bank: 0 row: 0 column: 63 addr: 0X7F60[0m
[1;33m[1;36m [IssueCommand] cid: 2 clk: 65959 | READ | (address) rank: 0 bankgroup: 2 bank: 0 row: 0 column: 63 addr: 0X7F40[0m
[1;33m[1;36m [IssueCommand] cid: 3 clk: 65959 | READ | (address) rank: 0 bankgroup: 2 bank: 0 row: 0 column: 63 addr: 0X7F60[0m
[1;33m[1;35m [ReturnDoneRead] cid: 2 clk: 65984 | READ | addr: 0X7F40[0m
[1;33m[1;35m [ReturnDoneRead] cid: 3 clk: 65984 | READ | addr: 0X7F60[0m
61827008: system.mem_ctrl: Read to address 32576 complete
61827008: system.mem_ctrl: Access for address 32576
61827008: system.mem_ctrl: Queuing response for address 32576
61835008: system.mem_ctrl: Attempting to send response
61835008: system.mem_ctrl: Have 0 read, 0 write, 0 responses outstanding
61886000: system.mem_ctrl: Enqueueing address 448256
[1;33m[1;35m [AddTransaction(RD)] cid: 0 clk: 66047 | READ | addr: 0X6D700[0m
[1;33m[1;35m [AddTransaction(RD)] cid: 1 clk: 66047 | READ | addr: 0X6D720[0m
[1;33m[1;36m [AddCommand] cid: 0 clk: 66047 | READ | (address) rank: 1 bankgroup: 2 bank: 1 row: 1 column: 43 addr: 0X6D700[0m
[1;33m[1;36m [AddCommand] cid: 1 clk: 66047 | READ | (address) rank: 1 bankgroup: 2 bank: 1 row: 1 column: 43 addr: 0X6D720[0m
[1;33m[1;36m [IssueCommand] cid: 0 clk: 66048 | ACTIVATE | (address) rank: 1 bankgroup: 2 bank: 1 row: 1 column: 43 addr: 0X6D700[0m
[1;33m[1;36m [IssueCommand] cid: 1 clk: 66048 | ACTIVATE | (address) rank: 1 bankgroup: 2 bank: 1 row: 1 column: 43 addr: 0X6D720[0m
[1;33m[1;36m [IssueCommand] cid: 0 clk: 66067 | READ | (address) rank: 1 bankgroup: 2 bank: 1 row: 1 column: 43 addr: 0X6D700[0m
[1;33m[1;36m [IssueCommand] cid: 1 clk: 66067 | READ | (address) rank: 1 bankgroup: 2 bank: 1 row: 1 column: 43 addr: 0X6D720[0m
[1;33m[1;35m [ReturnDoneRead] cid: 0 clk: 66092 | READ | addr: 0X6D700[0m
[1;33m[1;35m [ReturnDoneRead] cid: 1 clk: 66092 | READ | addr: 0X6D720[0m
61928204: system.mem_ctrl: Read to address 448256 complete
61928204: system.mem_ctrl: Access for address 448256
61928204: system.mem_ctrl: Queuing response for address 448256
61936204: system.mem_ctrl: Attempting to send response
61936204: system.mem_ctrl: Have 0 read, 0 write, 0 responses outstanding
62005000: system.mem_ctrl: Enqueueing address 32640
[1;33m[1;35m [AddTransaction(RD)] cid: 0 clk: 66174 | READ | addr: 0X7F80[0m
[1;33m[1;35m [AddTransaction(RD)] cid: 1 clk: 66174 | READ | addr: 0X7FA0[0m
[1;33m[1;36m [AddCommand] cid: 0 clk: 66174 | READ | (address) rank: 0 bankgroup: 3 bank: 0 row: 0 column: 63 addr: 0X7F80[0m
[1;33m[1;36m [AddCommand] cid: 1 clk: 66174 | READ | (address) rank: 0 bankgroup: 3 bank: 0 row: 0 column: 63 addr: 0X7FA0[0m
[1;33m[1;36m [IssueCommand] cid: 0 clk: 66175 | ACTIVATE | (address) rank: 0 bankgroup: 3 bank: 0 row: 0 column: 63 addr: 0X7F80[0m
[1;33m[1;36m [IssueCommand] cid: 1 clk: 66175 | ACTIVATE | (address) rank: 0 bankgroup: 3 bank: 0 row: 0 column: 63 addr: 0X7FA0[0m
[1;33m[1;36m [IssueCommand] cid: 0 clk: 66194 | READ | (address) rank: 0 bankgroup: 3 bank: 0 row: 0 column: 63 addr: 0X7F80[0m
[1;33m[1;36m [IssueCommand] cid: 1 clk: 66194 | READ | (address) rank: 0 bankgroup: 3 bank: 0 row: 0 column: 63 addr: 0X7FA0[0m
[1;33m[1;35m [ReturnDoneRead] cid: 0 clk: 66219 | READ | addr: 0X7F80[0m
[1;33m[1;35m [ReturnDoneRead] cid: 1 clk: 66219 | READ | addr: 0X7FA0[0m
62047203: system.mem_ctrl: Read to address 32640 complete
62047203: system.mem_ctrl: Access for address 32640
62047203: system.mem_ctrl: Queuing response for address 32640
62055203: system.mem_ctrl: Attempting to send response
62055203: system.mem_ctrl: Have 0 read, 0 write, 0 responses outstanding
62104000: system.mem_ctrl: Enqueueing address 448192
[1;33m[1;35m [AddTransaction(RD)] cid: 2 clk: 66280 | READ | addr: 0X6D6C0[0m
[1;33m[1;35m [AddTransaction(RD)] cid: 3 clk: 66280 | READ | addr: 0X6D6E0[0m
[1;33m[1;36m [AddCommand] cid: 2 clk: 66280 | READ | (address) rank: 1 bankgroup: 1 bank: 1 row: 1 column: 43 addr: 0X6D6C0[0m
[1;33m[1;36m [AddCommand] cid: 3 clk: 66280 | READ | (address) rank: 1 bankgroup: 1 bank: 1 row: 1 column: 43 addr: 0X6D6E0[0m
[1;33m[1;36m [IssueCommand] cid: 2 clk: 66281 | READ | (address) rank: 1 bankgroup: 1 bank: 1 row: 1 column: 43 addr: 0X6D6C0[0m
[1;33m[1;36m [IssueCommand] cid: 3 clk: 66281 | READ | (address) rank: 1 bankgroup: 1 bank: 1 row: 1 column: 43 addr: 0X6D6E0[0m
[1;33m[1;35m [ReturnDoneRead] cid: 2 clk: 66306 | READ | addr: 0X6D6C0[0m
[1;33m[1;35m [ReturnDoneRead] cid: 3 clk: 66306 | READ | addr: 0X6D6E0[0m
62128722: system.mem_ctrl: Read to address 448192 complete
62128722: system.mem_ctrl: Access for address 448192
62128722: system.mem_ctrl: Queuing response for address 448192
62136722: system.mem_ctrl: Attempting to send response
62136722: system.mem_ctrl: Have 0 read, 0 write, 0 responses outstanding
62207000: system.mem_ctrl: Enqueueing address 414208
[1;33m[1;35m [AddTransaction(RD)] cid: 0 clk: 66390 | READ | addr: 0X65200[0m
[1;33m[1;35m [AddTransaction(RD)] cid: 1 clk: 66390 | READ | addr: 0X65220[0m
[1;33m[1;36m [AddCommand] cid: 0 clk: 66390 | READ | (address) rank: 1 bankgroup: 0 bank: 0 row: 1 column: 41 addr: 0X65200[0m
[1;33m[1;36m [AddCommand] cid: 1 clk: 66390 | READ | (address) rank: 1 bankgroup: 0 bank: 0 row: 1 column: 41 addr: 0X65220[0m
[1;33m[1;36m [IssueCommand] cid: 0 clk: 66391 | PRECHARGE | (address) rank: 1 bankgroup: 0 bank: 0 row: 1 column: 41 addr: 0X65200[0m
[1;33m[1;36m [IssueCommand] cid: 1 clk: 66391 | PRECHARGE | (address) rank: 1 bankgroup: 0 bank: 0 row: 1 column: 41 addr: 0X65220[0m
[1;33m[1;36m [IssueCommand] cid: 0 clk: 66410 | ACTIVATE | (address) rank: 1 bankgroup: 0 bank: 0 row: 1 column: 41 addr: 0X65200[0m
[1;33m[1;36m [IssueCommand] cid: 1 clk: 66410 | ACTIVATE | (address) rank: 1 bankgroup: 0 bank: 0 row: 1 column: 41 addr: 0X65220[0m
[1;33m[1;36m [IssueCommand] cid: 0 clk: 66429 | READ | (address) rank: 1 bankgroup: 0 bank: 0 row: 1 column: 41 addr: 0X65200[0m
[1;33m[1;36m [IssueCommand] cid: 1 clk: 66429 | READ | (address) rank: 1 bankgroup: 0 bank: 0 row: 1 column: 41 addr: 0X65220[0m
[1;33m[1;35m [ReturnDoneRead] cid: 0 clk: 66454 | READ | addr: 0X65200[0m
[1;33m[1;35m [ReturnDoneRead] cid: 1 clk: 66454 | READ | addr: 0X65220[0m
62267398: system.mem_ctrl: Read to address 414208 complete
62267398: system.mem_ctrl: Access for address 414208
62267398: system.mem_ctrl: Queuing response for address 414208
62275398: system.mem_ctrl: Attempting to send response
62275398: system.mem_ctrl: Have 0 read, 0 write, 0 responses outstanding
62336000: system.mem_ctrl: Enqueueing address 32768
[1;33m[1;35m [AddTransaction(RD)] cid: 0 clk: 66528 | READ | addr: 0X8000[0m
[1;33m[1;35m [AddTransaction(RD)] cid: 1 clk: 66528 | READ | addr: 0X8020[0m
[1;33m[1;36m [AddCommand] cid: 0 clk: 66528 | READ | (address) rank: 0 bankgroup: 0 bank: 1 row: 0 column: 0 addr: 0X8000[0m
[1;33m[1;36m [AddCommand] cid: 1 clk: 66528 | READ | (address) rank: 0 bankgroup: 0 bank: 1 row: 0 column: 0 addr: 0X8020[0m
[1;33m[1;36m [IssueCommand] cid: 0 clk: 66529 | READ | (address) rank: 0 bankgroup: 0 bank: 1 row: 0 column: 0 addr: 0X8000[0m
[1;33m[1;36m [IssueCommand] cid: 1 clk: 66529 | READ | (address) rank: 0 bankgroup: 0 bank: 1 row: 0 column: 0 addr: 0X8020[0m
[1;33m[1;35m [ReturnDoneRead] cid: 0 clk: 66554 | READ | addr: 0X8000[0m
[1;33m[1;35m [ReturnDoneRead] cid: 1 clk: 66554 | READ | addr: 0X8020[0m
62361098: system.mem_ctrl: Read to address 32768 complete
62361098: system.mem_ctrl: Access for address 32768
62361098: system.mem_ctrl: Queuing response for address 32768
62369098: system.mem_ctrl: Attempting to send response
62369098: system.mem_ctrl: Have 0 read, 0 write, 0 responses outstanding
[1;33m[1;36m [IssueCommand] cid: 0 clk: 66656 | PRECHARGE | (address) rank: 1 bankgroup: 0 bank: 0 row: -1 column: -1 addr: 0XFFFFFFFFFFFFFFFF[0m
[1;33m[1;36m [IssueCommand] cid: 1 clk: 66656 | PRECHARGE | (address) rank: 1 bankgroup: 0 bank: 0 row: -1 column: -1 addr: 0XFFFFFFFFFFFFFFFF[0m
[1;33m[1;36m [IssueCommand] cid: 2 clk: 66656 | PRECHARGE | (address) rank: 1 bankgroup: 0 bank: 0 row: -1 column: -1 addr: 0XFFFFFFFFFFFFFFFF[0m
[1;33m[1;36m [IssueCommand] cid: 3 clk: 66656 | PRECHARGE | (address) rank: 1 bankgroup: 0 bank: 0 row: -1 column: -1 addr: 0XFFFFFFFFFFFFFFFF[0m
[1;33m[1;36m [IssueCommand] cid: 0 clk: 66657 | PRECHARGE | (address) rank: 1 bankgroup: 0 bank: 1 row: -1 column: -1 addr: 0XFFFFFFFFFFFFFFFF[0m
[1;33m[1;36m [IssueCommand] cid: 1 clk: 66657 | PRECHARGE | (address) rank: 1 bankgroup: 0 bank: 1 row: -1 column: -1 addr: 0XFFFFFFFFFFFFFFFF[0m
[1;33m[1;36m [IssueCommand] cid: 2 clk: 66657 | PRECHARGE | (address) rank: 1 bankgroup: 0 bank: 1 row: -1 column: -1 addr: 0XFFFFFFFFFFFFFFFF[0m
[1;33m[1;36m [IssueCommand] cid: 3 clk: 66657 | PRECHARGE | (address) rank: 1 bankgroup: 0 bank: 1 row: -1 column: -1 addr: 0XFFFFFFFFFFFFFFFF[0m
[1;33m[1;36m [IssueCommand] cid: 0 clk: 66658 | PRECHARGE | (address) rank: 1 bankgroup: 1 bank: 0 row: -1 column: -1 addr: 0XFFFFFFFFFFFFFFFF[0m
[1;33m[1;36m [IssueCommand] cid: 1 clk: 66658 | PRECHARGE | (address) rank: 1 bankgroup: 1 bank: 0 row: -1 column: -1 addr: 0XFFFFFFFFFFFFFFFF[0m
[1;33m[1;36m [IssueCommand] cid: 2 clk: 66658 | PRECHARGE | (address) rank: 1 bankgroup: 1 bank: 0 row: -1 column: -1 addr: 0XFFFFFFFFFFFFFFFF[0m
[1;33m[1;36m [IssueCommand] cid: 3 clk: 66658 | PRECHARGE | (address) rank: 1 bankgroup: 1 bank: 0 row: -1 column: -1 addr: 0XFFFFFFFFFFFFFFFF[0m
[1;33m[1;36m [IssueCommand] cid: 0 clk: 66659 | PRECHARGE | (address) rank: 1 bankgroup: 1 bank: 1 row: -1 column: -1 addr: 0XFFFFFFFFFFFFFFFF[0m
[1;33m[1;36m [IssueCommand] cid: 1 clk: 66659 | PRECHARGE | (address) rank: 1 bankgroup: 1 bank: 1 row: -1 column: -1 addr: 0XFFFFFFFFFFFFFFFF[0m
[1;33m[1;36m [IssueCommand] cid: 2 clk: 66659 | PRECHARGE | (address) rank: 1 bankgroup: 1 bank: 1 row: -1 column: -1 addr: 0XFFFFFFFFFFFFFFFF[0m
[1;33m[1;36m [IssueCommand] cid: 3 clk: 66659 | PRECHARGE | (address) rank: 1 bankgroup: 1 bank: 1 row: -1 column: -1 addr: 0XFFFFFFFFFFFFFFFF[0m
62460000: system.mem_ctrl: Enqueueing address 34752
[1;33m[1;35m [AddTransaction(RD)] cid: 2 clk: 66660 | READ | addr: 0X87C0[0m
[1;33m[1;35m [AddTransaction(RD)] cid: 3 clk: 66660 | READ | addr: 0X87E0[0m
[1;33m[1;36m [IssueCommand] cid: 0 clk: 66660 | PRECHARGE | (address) rank: 1 bankgroup: 2 bank: 0 row: -1 column: -1 addr: 0XFFFFFFFFFFFFFFFF[0m
[1;33m[1;36m [IssueCommand] cid: 1 clk: 66660 | PRECHARGE | (address) rank: 1 bankgroup: 2 bank: 0 row: -1 column: -1 addr: 0XFFFFFFFFFFFFFFFF[0m
[1;33m[1;36m [IssueCommand] cid: 2 clk: 66660 | PRECHARGE | (address) rank: 1 bankgroup: 2 bank: 0 row: -1 column: -1 addr: 0XFFFFFFFFFFFFFFFF[0m
[1;33m[1;36m [AddCommand] cid: 2 clk: 66660 | READ | (address) rank: 0 bankgroup: 3 bank: 1 row: 0 column: 3 addr: 0X87C0[0m
[1;33m[1;36m [IssueCommand] cid: 3 clk: 66660 | PRECHARGE | (address) rank: 1 bankgroup: 2 bank: 0 row: -1 column: -1 addr: 0XFFFFFFFFFFFFFFFF[0m
[1;33m[1;36m [AddCommand] cid: 3 clk: 66660 | READ | (address) rank: 0 bankgroup: 3 bank: 1 row: 0 column: 3 addr: 0X87E0[0m
[1;33m[1;36m [IssueCommand] cid: 0 clk: 66661 | PRECHARGE | (address) rank: 1 bankgroup: 2 bank: 1 row: -1 column: -1 addr: 0XFFFFFFFFFFFFFFFF[0m
[1;33m[1;36m [IssueCommand] cid: 1 clk: 66661 | PRECHARGE | (address) rank: 1 bankgroup: 2 bank: 1 row: -1 column: -1 addr: 0XFFFFFFFFFFFFFFFF[0m
[1;33m[1;36m [IssueCommand] cid: 2 clk: 66661 | PRECHARGE | (address) rank: 1 bankgroup: 2 bank: 1 row: -1 column: -1 addr: 0XFFFFFFFFFFFFFFFF[0m
[1;33m[1;36m [IssueCommand] cid: 3 clk: 66661 | PRECHARGE | (address) rank: 1 bankgroup: 2 bank: 1 row: -1 column: -1 addr: 0XFFFFFFFFFFFFFFFF[0m
[1;33m[1;36m [IssueCommand] cid: 0 clk: 66662 | PRECHARGE | (address) rank: 1 bankgroup: 3 bank: 1 row: -1 column: -1 addr: 0XFFFFFFFFFFFFFFFF[0m
[1;33m[1;36m [IssueCommand] cid: 1 clk: 66662 | PRECHARGE | (address) rank: 1 bankgroup: 3 bank: 1 row: -1 column: -1 addr: 0XFFFFFFFFFFFFFFFF[0m
[1;33m[1;36m [IssueCommand] cid: 2 clk: 66662 | PRECHARGE | (address) rank: 1 bankgroup: 3 bank: 0 row: -1 column: -1 addr: 0XFFFFFFFFFFFFFFFF[0m
[1;33m[1;36m [IssueCommand] cid: 3 clk: 66662 | PRECHARGE | (address) rank: 1 bankgroup: 3 bank: 0 row: -1 column: -1 addr: 0XFFFFFFFFFFFFFFFF[0m
[1;33m[1;36m [IssueCommand] cid: 0 clk: 66681 | REFRESH | (address) rank: 1 bankgroup: -1 bank: -1 row: -1 column: -1 addr: 0XFFFFFFFFFFFFFFFF[0m
[1;33m[1;36m [IssueCommand] cid: 1 clk: 66681 | REFRESH | (address) rank: 1 bankgroup: -1 bank: -1 row: -1 column: -1 addr: 0XFFFFFFFFFFFFFFFF[0m
[1;33m[1;36m [IssueCommand] cid: 2 clk: 66681 | REFRESH | (address) rank: 1 bankgroup: -1 bank: -1 row: -1 column: -1 addr: 0XFFFFFFFFFFFFFFFF[0m
[1;33m[1;36m [IssueCommand] cid: 3 clk: 66681 | REFRESH | (address) rank: 1 bankgroup: -1 bank: -1 row: -1 column: -1 addr: 0XFFFFFFFFFFFFFFFF[0m
[1;33m[1;36m [IssueCommand] cid: 2 clk: 66682 | ACTIVATE | (address) rank: 0 bankgroup: 3 bank: 1 row: 0 column: 3 addr: 0X87C0[0m
[1;33m[1;36m [IssueCommand] cid: 3 clk: 66682 | ACTIVATE | (address) rank: 0 bankgroup: 3 bank: 1 row: 0 column: 3 addr: 0X87E0[0m
[1;33m[1;36m [IssueCommand] cid: 2 clk: 66701 | READ | (address) rank: 0 bankgroup: 3 bank: 1 row: 0 column: 3 addr: 0X87C0[0m
[1;33m[1;36m [IssueCommand] cid: 3 clk: 66701 | READ | (address) rank: 0 bankgroup: 3 bank: 1 row: 0 column: 3 addr: 0X87E0[0m
[1;33m[1;35m [ReturnDoneRead] cid: 2 clk: 66726 | READ | addr: 0X87C0[0m
[1;33m[1;35m [ReturnDoneRead] cid: 3 clk: 66726 | READ | addr: 0X87E0[0m
62522262: system.mem_ctrl: Read to address 34752 complete
62522262: system.mem_ctrl: Access for address 34752
62522262: system.mem_ctrl: Queuing response for address 34752
62530262: system.mem_ctrl: Attempting to send response
62530262: system.mem_ctrl: Have 0 read, 0 write, 0 responses outstanding
62609000: system.mem_ctrl: Enqueueing address 34816
[1;33m[1;35m [AddTransaction(RD)] cid: 0 clk: 66819 | READ | addr: 0X8800[0m
[1;33m[1;35m [AddTransaction(RD)] cid: 1 clk: 66819 | READ | addr: 0X8820[0m
[1;33m[1;36m [AddCommand] cid: 0 clk: 66819 | READ | (address) rank: 0 bankgroup: 0 bank: 1 row: 0 column: 4 addr: 0X8800[0m
[1;33m[1;36m [AddCommand] cid: 1 clk: 66819 | READ | (address) rank: 0 bankgroup: 0 bank: 1 row: 0 column: 4 addr: 0X8820[0m
[1;33m[1;36m [IssueCommand] cid: 0 clk: 66820 | READ | (address) rank: 0 bankgroup: 0 bank: 1 row: 0 column: 4 addr: 0X8800[0m
[1;33m[1;36m [IssueCommand] cid: 1 clk: 66820 | READ | (address) rank: 0 bankgroup: 0 bank: 1 row: 0 column: 4 addr: 0X8820[0m
[1;33m[1;35m [ReturnDoneRead] cid: 0 clk: 66845 | READ | addr: 0X8800[0m
[1;33m[1;35m [ReturnDoneRead] cid: 1 clk: 66845 | READ | addr: 0X8820[0m
62633765: system.mem_ctrl: Read to address 34816 complete
62633765: system.mem_ctrl: Access for address 34816
62633765: system.mem_ctrl: Queuing response for address 34816
62641765: system.mem_ctrl: Attempting to send response
62641765: system.mem_ctrl: Have 0 read, 0 write, 0 responses outstanding
62700000: system.mem_ctrl: Enqueueing address 34880
[1;33m[1;35m [AddTransaction(RD)] cid: 2 clk: 66916 | READ | addr: 0X8840[0m
[1;33m[1;35m [AddTransaction(RD)] cid: 3 clk: 66916 | READ | addr: 0X8860[0m
[1;33m[1;36m [AddCommand] cid: 2 clk: 66916 | READ | (address) rank: 0 bankgroup: 0 bank: 1 row: 0 column: 4 addr: 0X8840[0m
[1;33m[1;36m [AddCommand] cid: 3 clk: 66916 | READ | (address) rank: 0 bankgroup: 0 bank: 1 row: 0 column: 4 addr: 0X8860[0m
[1;33m[1;36m [IssueCommand] cid: 2 clk: 66917 | READ | (address) rank: 0 bankgroup: 0 bank: 1 row: 0 column: 4 addr: 0X8840[0m
[1;33m[1;36m [IssueCommand] cid: 3 clk: 66917 | READ | (address) rank: 0 bankgroup: 0 bank: 1 row: 0 column: 4 addr: 0X8860[0m
[1;33m[1;35m [ReturnDoneRead] cid: 2 clk: 66942 | READ | addr: 0X8840[0m
[1;33m[1;35m [ReturnDoneRead] cid: 3 clk: 66942 | READ | addr: 0X8860[0m
62724654: system.mem_ctrl: Read to address 34880 complete
62724654: system.mem_ctrl: Access for address 34880
62724654: system.mem_ctrl: Queuing response for address 34880
62732654: system.mem_ctrl: Attempting to send response
62732654: system.mem_ctrl: Have 0 read, 0 write, 0 responses outstanding
62781000: system.mem_ctrl: Enqueueing address 35008
[1;33m[1;35m [AddTransaction(RD)] cid: 2 clk: 67003 | READ | addr: 0X88C0[0m
[1;33m[1;35m [AddTransaction(RD)] cid: 3 clk: 67003 | READ | addr: 0X88E0[0m
[1;33m[1;36m [AddCommand] cid: 2 clk: 67003 | READ | (address) rank: 0 bankgroup: 1 bank: 1 row: 0 column: 4 addr: 0X88C0[0m
[1;33m[1;36m [AddCommand] cid: 3 clk: 67003 | READ | (address) rank: 0 bankgroup: 1 bank: 1 row: 0 column: 4 addr: 0X88E0[0m
[1;33m[1;36m [IssueCommand] cid: 2 clk: 67004 | ACTIVATE | (address) rank: 0 bankgroup: 1 bank: 1 row: 0 column: 4 addr: 0X88C0[0m
[1;33m[1;36m [IssueCommand] cid: 3 clk: 67004 | ACTIVATE | (address) rank: 0 bankgroup: 1 bank: 1 row: 0 column: 4 addr: 0X88E0[0m
[1;33m[1;36m [IssueCommand] cid: 2 clk: 67023 | READ | (address) rank: 0 bankgroup: 1 bank: 1 row: 0 column: 4 addr: 0X88C0[0m
[1;33m[1;36m [IssueCommand] cid: 3 clk: 67023 | READ | (address) rank: 0 bankgroup: 1 bank: 1 row: 0 column: 4 addr: 0X88E0[0m
[1;33m[1;35m [ReturnDoneRead] cid: 2 clk: 67048 | READ | addr: 0X88C0[0m
[1;33m[1;35m [ReturnDoneRead] cid: 3 clk: 67048 | READ | addr: 0X88E0[0m
62823976: system.mem_ctrl: Read to address 35008 complete
62823976: system.mem_ctrl: Access for address 35008
62823976: system.mem_ctrl: Queuing response for address 35008
62831976: system.mem_ctrl: Attempting to send response
62831976: system.mem_ctrl: Have 0 read, 0 write, 0 responses outstanding
62882000: system.mem_ctrl: Enqueueing address 37376
[1;33m[1;35m [AddTransaction(RD)] cid: 0 clk: 67110 | READ | addr: 0X9200[0m
[1;33m[1;35m [AddTransaction(RD)] cid: 1 clk: 67110 | READ | addr: 0X9220[0m
[1;33m[1;36m [AddCommand] cid: 0 clk: 67110 | READ | (address) rank: 0 bankgroup: 0 bank: 1 row: 0 column: 9 addr: 0X9200[0m
[1;33m[1;36m [AddCommand] cid: 1 clk: 67110 | READ | (address) rank: 0 bankgroup: 0 bank: 1 row: 0 column: 9 addr: 0X9220[0m
[1;33m[1;36m [IssueCommand] cid: 0 clk: 67111 | READ | (address) rank: 0 bankgroup: 0 bank: 1 row: 0 column: 9 addr: 0X9200[0m
[1;33m[1;36m [IssueCommand] cid: 1 clk: 67111 | READ | (address) rank: 0 bankgroup: 0 bank: 1 row: 0 column: 9 addr: 0X9220[0m
[1;33m[1;35m [ReturnDoneRead] cid: 0 clk: 67136 | READ | addr: 0X9200[0m
[1;33m[1;35m [ReturnDoneRead] cid: 1 clk: 67136 | READ | addr: 0X9220[0m
62906432: system.mem_ctrl: Read to address 37376 complete
62906432: system.mem_ctrl: Access for address 37376
62906432: system.mem_ctrl: Queuing response for address 37376
62914432: system.mem_ctrl: Attempting to send response
62914432: system.mem_ctrl: Have 0 read, 0 write, 0 responses outstanding
62967000: system.mem_ctrl: Enqueueing address 37440
[1;33m[1;35m [AddTransaction(RD)] cid: 2 clk: 67201 | READ | addr: 0X9240[0m
[1;33m[1;35m [AddTransaction(RD)] cid: 3 clk: 67201 | READ | addr: 0X9260[0m
[1;33m[1;36m [AddCommand] cid: 2 clk: 67201 | READ | (address) rank: 0 bankgroup: 0 bank: 1 row: 0 column: 9 addr: 0X9240[0m
[1;33m[1;36m [AddCommand] cid: 3 clk: 67201 | READ | (address) rank: 0 bankgroup: 0 bank: 1 row: 0 column: 9 addr: 0X9260[0m
[1;33m[1;36m [IssueCommand] cid: 2 clk: 67202 | READ | (address) rank: 0 bankgroup: 0 bank: 1 row: 0 column: 9 addr: 0X9240[0m
[1;33m[1;36m [IssueCommand] cid: 3 clk: 67202 | READ | (address) rank: 0 bankgroup: 0 bank: 1 row: 0 column: 9 addr: 0X9260[0m
[1;33m[1;35m [ReturnDoneRead] cid: 2 clk: 67227 | READ | addr: 0X9240[0m
[1;33m[1;35m [ReturnDoneRead] cid: 3 clk: 67227 | READ | addr: 0X9260[0m
62991699: system.mem_ctrl: Read to address 37440 complete
62991699: system.mem_ctrl: Access for address 37440
62991699: system.mem_ctrl: Queuing response for address 37440
62999699: system.mem_ctrl: Attempting to send response
62999699: system.mem_ctrl: Have 0 read, 0 write, 0 responses outstanding
63062000: system.mem_ctrl: Enqueueing address 448128
[1;33m[1;35m [AddTransaction(RD)] cid: 0 clk: 67303 | READ | addr: 0X6D680[0m
[1;33m[1;35m [AddTransaction(RD)] cid: 1 clk: 67303 | READ | addr: 0X6D6A0[0m
[1;33m[1;36m [AddCommand] cid: 0 clk: 67303 | READ | (address) rank: 1 bankgroup: 1 bank: 1 row: 1 column: 43 addr: 0X6D680[0m
[1;33m[1;36m [AddCommand] cid: 1 clk: 67303 | READ | (address) rank: 1 bankgroup: 1 bank: 1 row: 1 column: 43 addr: 0X6D6A0[0m
[1;33m[1;36m [IssueCommand] cid: 0 clk: 67304 | ACTIVATE | (address) rank: 1 bankgroup: 1 bank: 1 row: 1 column: 43 addr: 0X6D680[0m
[1;33m[1;36m [IssueCommand] cid: 1 clk: 67304 | ACTIVATE | (address) rank: 1 bankgroup: 1 bank: 1 row: 1 column: 43 addr: 0X6D6A0[0m
[1;33m[1;36m [IssueCommand] cid: 0 clk: 67323 | READ | (address) rank: 1 bankgroup: 1 bank: 1 row: 1 column: 43 addr: 0X6D680[0m
[1;33m[1;36m [IssueCommand] cid: 1 clk: 67323 | READ | (address) rank: 1 bankgroup: 1 bank: 1 row: 1 column: 43 addr: 0X6D6A0[0m
[1;33m[1;35m [ReturnDoneRead] cid: 0 clk: 67348 | READ | addr: 0X6D680[0m
[1;33m[1;35m [ReturnDoneRead] cid: 1 clk: 67348 | READ | addr: 0X6D6A0[0m
63105076: system.mem_ctrl: Read to address 448128 complete
63105076: system.mem_ctrl: Access for address 448128
63105076: system.mem_ctrl: Queuing response for address 448128
63113076: system.mem_ctrl: Attempting to send response
63113076: system.mem_ctrl: Have 0 read, 0 write, 0 responses outstanding
63204000: system.mem_ctrl: Enqueueing address 420608
[1;33m[1;35m [AddTransaction(RD)] cid: 0 clk: 67454 | READ | addr: 0X66B00[0m
[1;33m[1;35m [AddTransaction(RD)] cid: 1 clk: 67454 | READ | addr: 0X66B20[0m
[1;33m[1;36m [AddCommand] cid: 0 clk: 67454 | READ | (address) rank: 1 bankgroup: 2 bank: 0 row: 1 column: 53 addr: 0X66B00[0m
[1;33m[1;36m [AddCommand] cid: 1 clk: 67454 | READ | (address) rank: 1 bankgroup: 2 bank: 0 row: 1 column: 53 addr: 0X66B20[0m
[1;33m[1;36m [IssueCommand] cid: 0 clk: 67455 | ACTIVATE | (address) rank: 1 bankgroup: 2 bank: 0 row: 1 column: 53 addr: 0X66B00[0m
[1;33m[1;36m [IssueCommand] cid: 1 clk: 67455 | ACTIVATE | (address) rank: 1 bankgroup: 2 bank: 0 row: 1 column: 53 addr: 0X66B20[0m
[1;33m[1;36m [IssueCommand] cid: 0 clk: 67474 | READ | (address) rank: 1 bankgroup: 2 bank: 0 row: 1 column: 53 addr: 0X66B00[0m
[1;33m[1;36m [IssueCommand] cid: 1 clk: 67474 | READ | (address) rank: 1 bankgroup: 2 bank: 0 row: 1 column: 53 addr: 0X66B20[0m
[1;33m[1;35m [ReturnDoneRead] cid: 0 clk: 67499 | READ | addr: 0X66B00[0m
[1;33m[1;35m [ReturnDoneRead] cid: 1 clk: 67499 | READ | addr: 0X66B20[0m
63246563: system.mem_ctrl: Read to address 420608 complete
63246563: system.mem_ctrl: Access for address 420608
63246563: system.mem_ctrl: Queuing response for address 420608
63254563: system.mem_ctrl: Attempting to send response
63254563: system.mem_ctrl: Have 0 read, 0 write, 0 responses outstanding
63307000: system.mem_ctrl: Enqueueing address 163456
[1;33m[1;35m [AddTransaction(RD)] cid: 0 clk: 67564 | READ | addr: 0X27E80[0m
[1;33m[1;35m [AddTransaction(RD)] cid: 1 clk: 67564 | READ | addr: 0X27EA0[0m
[1;33m[1;36m [AddCommand] cid: 0 clk: 67564 | READ | (address) rank: 1 bankgroup: 1 bank: 0 row: 0 column: 63 addr: 0X27E80[0m
[1;33m[1;36m [AddCommand] cid: 1 clk: 67564 | READ | (address) rank: 1 bankgroup: 1 bank: 0 row: 0 column: 63 addr: 0X27EA0[0m
[1;33m[1;36m [IssueCommand] cid: 0 clk: 67565 | ACTIVATE | (address) rank: 1 bankgroup: 1 bank: 0 row: 0 column: 63 addr: 0X27E80[0m
[1;33m[1;36m [IssueCommand] cid: 1 clk: 67565 | ACTIVATE | (address) rank: 1 bankgroup: 1 bank: 0 row: 0 column: 63 addr: 0X27EA0[0m
[1;33m[1;36m [IssueCommand] cid: 0 clk: 67584 | READ | (address) rank: 1 bankgroup: 1 bank: 0 row: 0 column: 63 addr: 0X27E80[0m
[1;33m[1;36m [IssueCommand] cid: 1 clk: 67584 | READ | (address) rank: 1 bankgroup: 1 bank: 0 row: 0 column: 63 addr: 0X27EA0[0m
[1;33m[1;35m [ReturnDoneRead] cid: 0 clk: 67609 | READ | addr: 0X27E80[0m
[1;33m[1;35m [ReturnDoneRead] cid: 1 clk: 67609 | READ | addr: 0X27EA0[0m
63349633: system.mem_ctrl: Read to address 163456 complete
63349633: system.mem_ctrl: Access for address 163456
63349633: system.mem_ctrl: Queuing response for address 163456
63357633: system.mem_ctrl: Attempting to send response
63357633: system.mem_ctrl: Have 0 read, 0 write, 0 responses outstanding
63448000: system.mem_ctrl: Enqueueing address 448064
[1;33m[1;35m [AddTransaction(RD)] cid: 2 clk: 67714 | READ | addr: 0X6D640[0m
[1;33m[1;35m [AddTransaction(RD)] cid: 3 clk: 67714 | READ | addr: 0X6D660[0m
[1;33m[1;36m [AddCommand] cid: 2 clk: 67714 | READ | (address) rank: 1 bankgroup: 0 bank: 1 row: 1 column: 43 addr: 0X6D640[0m
[1;33m[1;36m [AddCommand] cid: 3 clk: 67714 | READ | (address) rank: 1 bankgroup: 0 bank: 1 row: 1 column: 43 addr: 0X6D660[0m
[1;33m[1;36m [IssueCommand] cid: 2 clk: 67715 | ACTIVATE | (address) rank: 1 bankgroup: 0 bank: 1 row: 1 column: 43 addr: 0X6D640[0m
[1;33m[1;36m [IssueCommand] cid: 3 clk: 67715 | ACTIVATE | (address) rank: 1 bankgroup: 0 bank: 1 row: 1 column: 43 addr: 0X6D660[0m
[1;33m[1;36m [IssueCommand] cid: 2 clk: 67734 | READ | (address) rank: 1 bankgroup: 0 bank: 1 row: 1 column: 43 addr: 0X6D640[0m
[1;33m[1;36m [IssueCommand] cid: 3 clk: 67734 | READ | (address) rank: 1 bankgroup: 0 bank: 1 row: 1 column: 43 addr: 0X6D660[0m
[1;33m[1;35m [ReturnDoneRead] cid: 2 clk: 67759 | READ | addr: 0X6D640[0m
[1;33m[1;35m [ReturnDoneRead] cid: 3 clk: 67759 | READ | addr: 0X6D660[0m
63490183: system.mem_ctrl: Read to address 448064 complete
63490183: system.mem_ctrl: Access for address 448064
63490183: system.mem_ctrl: Queuing response for address 448064
63498183: system.mem_ctrl: Attempting to send response
63498183: system.mem_ctrl: Have 0 read, 0 write, 0 responses outstanding
63573000: system.mem_ctrl: Enqueueing address 163520
[1;33m[1;35m [AddTransaction(RD)] cid: 2 clk: 67848 | READ | addr: 0X27EC0[0m
[1;33m[1;35m [AddTransaction(RD)] cid: 3 clk: 67848 | READ | addr: 0X27EE0[0m
[1;33m[1;36m [AddCommand] cid: 2 clk: 67848 | READ | (address) rank: 1 bankgroup: 1 bank: 0 row: 0 column: 63 addr: 0X27EC0[0m
[1;33m[1;36m [AddCommand] cid: 3 clk: 67848 | READ | (address) rank: 1 bankgroup: 1 bank: 0 row: 0 column: 63 addr: 0X27EE0[0m
[1;33m[1;36m [IssueCommand] cid: 2 clk: 67849 | ACTIVATE | (address) rank: 1 bankgroup: 1 bank: 0 row: 0 column: 63 addr: 0X27EC0[0m
[1;33m[1;36m [IssueCommand] cid: 3 clk: 67849 | ACTIVATE | (address) rank: 1 bankgroup: 1 bank: 0 row: 0 column: 63 addr: 0X27EE0[0m
[1;33m[1;36m [IssueCommand] cid: 2 clk: 67868 | READ | (address) rank: 1 bankgroup: 1 bank: 0 row: 0 column: 63 addr: 0X27EC0[0m
[1;33m[1;36m [IssueCommand] cid: 3 clk: 67868 | READ | (address) rank: 1 bankgroup: 1 bank: 0 row: 0 column: 63 addr: 0X27EE0[0m
[1;33m[1;35m [ReturnDoneRead] cid: 2 clk: 67893 | READ | addr: 0X27EC0[0m
[1;33m[1;35m [ReturnDoneRead] cid: 3 clk: 67893 | READ | addr: 0X27EE0[0m
63615741: system.mem_ctrl: Read to address 163520 complete
63615741: system.mem_ctrl: Access for address 163520
63615741: system.mem_ctrl: Queuing response for address 163520
63623741: system.mem_ctrl: Attempting to send response
63623741: system.mem_ctrl: Have 0 read, 0 write, 0 responses outstanding
63682000: system.mem_ctrl: Enqueueing address 420672
[1;33m[1;35m [AddTransaction(RD)] cid: 2 clk: 67964 | READ | addr: 0X66B40[0m
[1;33m[1;35m [AddTransaction(RD)] cid: 3 clk: 67964 | READ | addr: 0X66B60[0m
[1;33m[1;36m [AddCommand] cid: 2 clk: 67964 | READ | (address) rank: 1 bankgroup: 2 bank: 0 row: 1 column: 53 addr: 0X66B40[0m
[1;33m[1;36m [AddCommand] cid: 3 clk: 67964 | READ | (address) rank: 1 bankgroup: 2 bank: 0 row: 1 column: 53 addr: 0X66B60[0m
[1;33m[1;36m [IssueCommand] cid: 2 clk: 67965 | ACTIVATE | (address) rank: 1 bankgroup: 2 bank: 0 row: 1 column: 53 addr: 0X66B40[0m
[1;33m[1;36m [IssueCommand] cid: 3 clk: 67965 | ACTIVATE | (address) rank: 1 bankgroup: 2 bank: 0 row: 1 column: 53 addr: 0X66B60[0m
[1;33m[1;36m [IssueCommand] cid: 2 clk: 67984 | READ | (address) rank: 1 bankgroup: 2 bank: 0 row: 1 column: 53 addr: 0X66B40[0m
[1;33m[1;36m [IssueCommand] cid: 3 clk: 67984 | READ | (address) rank: 1 bankgroup: 2 bank: 0 row: 1 column: 53 addr: 0X66B60[0m
[1;33m[1;35m [ReturnDoneRead] cid: 2 clk: 68009 | READ | addr: 0X66B40[0m
[1;33m[1;35m [ReturnDoneRead] cid: 3 clk: 68009 | READ | addr: 0X66B60[0m
63724433: system.mem_ctrl: Read to address 420672 complete
63724433: system.mem_ctrl: Access for address 420672
63724433: system.mem_ctrl: Queuing response for address 420672
63732433: system.mem_ctrl: Attempting to send response
63732433: system.mem_ctrl: Have 0 read, 0 write, 0 responses outstanding
63787000: system.mem_ctrl: Enqueueing address 31552
[1;33m[1;35m [AddTransaction(RD)] cid: 2 clk: 68076 | READ | addr: 0X7B40[0m
[1;33m[1;35m [AddTransaction(RD)] cid: 3 clk: 68076 | READ | addr: 0X7B60[0m
[1;33m[1;36m [AddCommand] cid: 2 clk: 68076 | READ | (address) rank: 0 bankgroup: 2 bank: 0 row: 0 column: 61 addr: 0X7B40[0m
[1;33m[1;36m [AddCommand] cid: 3 clk: 68076 | READ | (address) rank: 0 bankgroup: 2 bank: 0 row: 0 column: 61 addr: 0X7B60[0m
[1;33m[1;36m [IssueCommand] cid: 2 clk: 68077 | READ | (address) rank: 0 bankgroup: 2 bank: 0 row: 0 column: 61 addr: 0X7B40[0m
[1;33m[1;36m [IssueCommand] cid: 3 clk: 68077 | READ | (address) rank: 0 bankgroup: 2 bank: 0 row: 0 column: 61 addr: 0X7B60[0m
[1;33m[1;35m [ReturnDoneRead] cid: 2 clk: 68102 | READ | addr: 0X7B40[0m
[1;33m[1;35m [ReturnDoneRead] cid: 3 clk: 68102 | READ | addr: 0X7B60[0m
63811574: system.mem_ctrl: Read to address 31552 complete
63811574: system.mem_ctrl: Access for address 31552
63811574: system.mem_ctrl: Queuing response for address 31552
63819574: system.mem_ctrl: Attempting to send response
63819574: system.mem_ctrl: Have 0 read, 0 write, 0 responses outstanding
63872000: system.mem_ctrl: Enqueueing address 72576
[1;33m[1;35m [AddTransaction(RD)] cid: 0 clk: 68167 | READ | addr: 0X11B80[0m
[1;33m[1;35m [AddTransaction(RD)] cid: 1 clk: 68167 | READ | addr: 0X11BA0[0m
[1;33m[1;36m [AddCommand] cid: 0 clk: 68167 | READ | (address) rank: 0 bankgroup: 3 bank: 2 row: 0 column: 13 addr: 0X11B80[0m
[1;33m[1;36m [AddCommand] cid: 1 clk: 68167 | READ | (address) rank: 0 bankgroup: 3 bank: 2 row: 0 column: 13 addr: 0X11BA0[0m
[1;33m[1;36m [IssueCommand] cid: 0 clk: 68168 | ACTIVATE | (address) rank: 0 bankgroup: 3 bank: 2 row: 0 column: 13 addr: 0X11B80[0m
[1;33m[1;36m [IssueCommand] cid: 1 clk: 68168 | ACTIVATE | (address) rank: 0 bankgroup: 3 bank: 2 row: 0 column: 13 addr: 0X11BA0[0m
[1;33m[1;36m [IssueCommand] cid: 0 clk: 68187 | READ | (address) rank: 0 bankgroup: 3 bank: 2 row: 0 column: 13 addr: 0X11B80[0m
[1;33m[1;36m [IssueCommand] cid: 1 clk: 68187 | READ | (address) rank: 0 bankgroup: 3 bank: 2 row: 0 column: 13 addr: 0X11BA0[0m
[1;33m[1;35m [ReturnDoneRead] cid: 0 clk: 68212 | READ | addr: 0X11B80[0m
[1;33m[1;35m [ReturnDoneRead] cid: 1 clk: 68212 | READ | addr: 0X11BA0[0m
63914644: system.mem_ctrl: Read to address 72576 complete
63914644: system.mem_ctrl: Access for address 72576
63914644: system.mem_ctrl: Queuing response for address 72576
63922644: system.mem_ctrl: Attempting to send response
63922644: system.mem_ctrl: Have 0 read, 0 write, 0 responses outstanding
63983000: system.mem_ctrl: Enqueueing address 72640
[1;33m[1;35m [AddTransaction(RD)] cid: 2 clk: 68285 | READ | addr: 0X11BC0[0m
[1;33m[1;35m [AddTransaction(RD)] cid: 3 clk: 68285 | READ | addr: 0X11BE0[0m
[1;33m[1;36m [AddCommand] cid: 2 clk: 68285 | READ | (address) rank: 0 bankgroup: 3 bank: 2 row: 0 column: 13 addr: 0X11BC0[0m
[1;33m[1;36m [AddCommand] cid: 3 clk: 68285 | READ | (address) rank: 0 bankgroup: 3 bank: 2 row: 0 column: 13 addr: 0X11BE0[0m
[1;33m[1;36m [IssueCommand] cid: 2 clk: 68286 | ACTIVATE | (address) rank: 0 bankgroup: 3 bank: 2 row: 0 column: 13 addr: 0X11BC0[0m
[1;33m[1;36m [IssueCommand] cid: 3 clk: 68286 | ACTIVATE | (address) rank: 0 bankgroup: 3 bank: 2 row: 0 column: 13 addr: 0X11BE0[0m
[1;33m[1;36m [IssueCommand] cid: 2 clk: 68305 | READ | (address) rank: 0 bankgroup: 3 bank: 2 row: 0 column: 13 addr: 0X11BC0[0m
[1;33m[1;36m [IssueCommand] cid: 3 clk: 68305 | READ | (address) rank: 0 bankgroup: 3 bank: 2 row: 0 column: 13 addr: 0X11BE0[0m
[1;33m[1;35m [ReturnDoneRead] cid: 2 clk: 68330 | READ | addr: 0X11BC0[0m
[1;33m[1;35m [ReturnDoneRead] cid: 3 clk: 68330 | READ | addr: 0X11BE0[0m
64025210: system.mem_ctrl: Read to address 72640 complete
64025210: system.mem_ctrl: Access for address 72640
64025210: system.mem_ctrl: Queuing response for address 72640
64033210: system.mem_ctrl: Attempting to send response
64033210: system.mem_ctrl: Have 0 read, 0 write, 0 responses outstanding
64120000: system.mem_ctrl: Enqueueing address 163584
[1;33m[1;35m [AddTransaction(RD)] cid: 0 clk: 68432 | READ | addr: 0X27F00[0m
[1;33m[1;35m [AddTransaction(RD)] cid: 1 clk: 68432 | READ | addr: 0X27F20[0m
[1;33m[1;36m [AddCommand] cid: 0 clk: 68432 | READ | (address) rank: 1 bankgroup: 2 bank: 0 row: 0 column: 63 addr: 0X27F00[0m
[1;33m[1;36m [AddCommand] cid: 1 clk: 68432 | READ | (address) rank: 1 bankgroup: 2 bank: 0 row: 0 column: 63 addr: 0X27F20[0m
[1;33m[1;36m [IssueCommand] cid: 0 clk: 68433 | PRECHARGE | (address) rank: 1 bankgroup: 2 bank: 0 row: 0 column: 63 addr: 0X27F00[0m
[1;33m[1;36m [IssueCommand] cid: 1 clk: 68433 | PRECHARGE | (address) rank: 1 bankgroup: 2 bank: 0 row: 0 column: 63 addr: 0X27F20[0m
[1;33m[1;36m [IssueCommand] cid: 0 clk: 68452 | ACTIVATE | (address) rank: 1 bankgroup: 2 bank: 0 row: 0 column: 63 addr: 0X27F00[0m
[1;33m[1;36m [IssueCommand] cid: 1 clk: 68452 | ACTIVATE | (address) rank: 1 bankgroup: 2 bank: 0 row: 0 column: 63 addr: 0X27F20[0m
[1;33m[1;36m [IssueCommand] cid: 0 clk: 68471 | READ | (address) rank: 1 bankgroup: 2 bank: 0 row: 0 column: 63 addr: 0X27F00[0m
[1;33m[1;36m [IssueCommand] cid: 1 clk: 68471 | READ | (address) rank: 1 bankgroup: 2 bank: 0 row: 0 column: 63 addr: 0X27F20[0m
[1;33m[1;35m [ReturnDoneRead] cid: 0 clk: 68496 | READ | addr: 0X27F00[0m
[1;33m[1;35m [ReturnDoneRead] cid: 1 clk: 68496 | READ | addr: 0X27F20[0m
64180752: system.mem_ctrl: Read to address 163584 complete
64180752: system.mem_ctrl: Access for address 163584
64180752: system.mem_ctrl: Queuing response for address 163584
64188752: system.mem_ctrl: Attempting to send response
64188752: system.mem_ctrl: Have 0 read, 0 write, 0 responses outstanding
64269000: system.mem_ctrl: Enqueueing address 447936
[1;33m[1;35m [AddTransaction(RD)] cid: 2 clk: 68591 | READ | addr: 0X6D5C0[0m
[1;33m[1;35m [AddTransaction(RD)] cid: 3 clk: 68591 | READ | addr: 0X6D5E0[0m
[1;33m[1;36m [AddCommand] cid: 2 clk: 68591 | READ | (address) rank: 1 bankgroup: 3 bank: 1 row: 1 column: 42 addr: 0X6D5C0[0m
[1;33m[1;36m [AddCommand] cid: 3 clk: 68591 | READ | (address) rank: 1 bankgroup: 3 bank: 1 row: 1 column: 42 addr: 0X6D5E0[0m
[1;33m[1;36m [IssueCommand] cid: 2 clk: 68592 | ACTIVATE | (address) rank: 1 bankgroup: 3 bank: 1 row: 1 column: 42 addr: 0X6D5C0[0m
[1;33m[1;36m [IssueCommand] cid: 3 clk: 68592 | ACTIVATE | (address) rank: 1 bankgroup: 3 bank: 1 row: 1 column: 42 addr: 0X6D5E0[0m
[1;33m[1;36m [IssueCommand] cid: 2 clk: 68611 | READ | (address) rank: 1 bankgroup: 3 bank: 1 row: 1 column: 42 addr: 0X6D5C0[0m
[1;33m[1;36m [IssueCommand] cid: 3 clk: 68611 | READ | (address) rank: 1 bankgroup: 3 bank: 1 row: 1 column: 42 addr: 0X6D5E0[0m
[1;33m[1;35m [ReturnDoneRead] cid: 2 clk: 68636 | READ | addr: 0X6D5C0[0m
[1;33m[1;35m [ReturnDoneRead] cid: 3 clk: 68636 | READ | addr: 0X6D5E0[0m
64311932: system.mem_ctrl: Read to address 447936 complete
64311932: system.mem_ctrl: Access for address 447936
64311932: system.mem_ctrl: Queuing response for address 447936
64319932: system.mem_ctrl: Attempting to send response
64319932: system.mem_ctrl: Have 0 read, 0 write, 0 responses outstanding
[1;33m[1;36m [IssueCommand] cid: 0 clk: 68739 | PRECHARGE | (address) rank: 0 bankgroup: 0 bank: 1 row: -1 column: -1 addr: 0XFFFFFFFFFFFFFFFF[0m
[1;33m[1;36m [IssueCommand] cid: 1 clk: 68739 | PRECHARGE | (address) rank: 0 bankgroup: 0 bank: 1 row: -1 column: -1 addr: 0XFFFFFFFFFFFFFFFF[0m
[1;33m[1;36m [IssueCommand] cid: 2 clk: 68739 | PRECHARGE | (address) rank: 0 bankgroup: 0 bank: 1 row: -1 column: -1 addr: 0XFFFFFFFFFFFFFFFF[0m
[1;33m[1;36m [IssueCommand] cid: 3 clk: 68739 | PRECHARGE | (address) rank: 0 bankgroup: 0 bank: 1 row: -1 column: -1 addr: 0XFFFFFFFFFFFFFFFF[0m
[1;33m[1;36m [IssueCommand] cid: 0 clk: 68740 | PRECHARGE | (address) rank: 0 bankgroup: 3 bank: 0 row: -1 column: -1 addr: 0XFFFFFFFFFFFFFFFF[0m
[1;33m[1;36m [IssueCommand] cid: 1 clk: 68740 | PRECHARGE | (address) rank: 0 bankgroup: 3 bank: 0 row: -1 column: -1 addr: 0XFFFFFFFFFFFFFFFF[0m
[1;33m[1;36m [IssueCommand] cid: 2 clk: 68740 | PRECHARGE | (address) rank: 0 bankgroup: 1 bank: 1 row: -1 column: -1 addr: 0XFFFFFFFFFFFFFFFF[0m
[1;33m[1;36m [IssueCommand] cid: 3 clk: 68740 | PRECHARGE | (address) rank: 0 bankgroup: 1 bank: 1 row: -1 column: -1 addr: 0XFFFFFFFFFFFFFFFF[0m
[1;33m[1;36m [IssueCommand] cid: 0 clk: 68741 | PRECHARGE | (address) rank: 0 bankgroup: 3 bank: 2 row: -1 column: -1 addr: 0XFFFFFFFFFFFFFFFF[0m
[1;33m[1;36m [IssueCommand] cid: 1 clk: 68741 | PRECHARGE | (address) rank: 0 bankgroup: 3 bank: 2 row: -1 column: -1 addr: 0XFFFFFFFFFFFFFFFF[0m
[1;33m[1;36m [IssueCommand] cid: 2 clk: 68741 | PRECHARGE | (address) rank: 0 bankgroup: 2 bank: 0 row: -1 column: -1 addr: 0XFFFFFFFFFFFFFFFF[0m
[1;33m[1;36m [IssueCommand] cid: 3 clk: 68741 | PRECHARGE | (address) rank: 0 bankgroup: 2 bank: 0 row: -1 column: -1 addr: 0XFFFFFFFFFFFFFFFF[0m
[1;33m[1;36m [IssueCommand] cid: 2 clk: 68742 | PRECHARGE | (address) rank: 0 bankgroup: 3 bank: 1 row: -1 column: -1 addr: 0XFFFFFFFFFFFFFFFF[0m
[1;33m[1;36m [IssueCommand] cid: 3 clk: 68742 | PRECHARGE | (address) rank: 0 bankgroup: 3 bank: 1 row: -1 column: -1 addr: 0XFFFFFFFFFFFFFFFF[0m
[1;33m[1;36m [IssueCommand] cid: 2 clk: 68743 | PRECHARGE | (address) rank: 0 bankgroup: 3 bank: 2 row: -1 column: -1 addr: 0XFFFFFFFFFFFFFFFF[0m
[1;33m[1;36m [IssueCommand] cid: 3 clk: 68743 | PRECHARGE | (address) rank: 0 bankgroup: 3 bank: 2 row: -1 column: -1 addr: 0XFFFFFFFFFFFFFFFF[0m
[1;33m[1;36m [IssueCommand] cid: 0 clk: 68760 | REFRESH | (address) rank: 0 bankgroup: -1 bank: -1 row: -1 column: -1 addr: 0XFFFFFFFFFFFFFFFF[0m
[1;33m[1;36m [IssueCommand] cid: 1 clk: 68760 | REFRESH | (address) rank: 0 bankgroup: -1 bank: -1 row: -1 column: -1 addr: 0XFFFFFFFFFFFFFFFF[0m
[1;33m[1;36m [IssueCommand] cid: 2 clk: 68762 | REFRESH | (address) rank: 0 bankgroup: -1 bank: -1 row: -1 column: -1 addr: 0XFFFFFFFFFFFFFFFF[0m
[1;33m[1;36m [IssueCommand] cid: 3 clk: 68762 | REFRESH | (address) rank: 0 bankgroup: -1 bank: -1 row: -1 column: -1 addr: 0XFFFFFFFFFFFFFFFF[0m
64480000: system.mem_ctrl: Enqueueing address 447872
[1;33m[1;35m [AddTransaction(RD)] cid: 0 clk: 68816 | READ | addr: 0X6D580[0m
[1;33m[1;35m [AddTransaction(RD)] cid: 1 clk: 68816 | READ | addr: 0X6D5A0[0m
[1;33m[1;36m [AddCommand] cid: 0 clk: 68816 | READ | (address) rank: 1 bankgroup: 3 bank: 1 row: 1 column: 42 addr: 0X6D580[0m
[1;33m[1;36m [AddCommand] cid: 1 clk: 68816 | READ | (address) rank: 1 bankgroup: 3 bank: 1 row: 1 column: 42 addr: 0X6D5A0[0m
[1;33m[1;36m [IssueCommand] cid: 0 clk: 68817 | ACTIVATE | (address) rank: 1 bankgroup: 3 bank: 1 row: 1 column: 42 addr: 0X6D580[0m
[1;33m[1;36m [IssueCommand] cid: 1 clk: 68817 | ACTIVATE | (address) rank: 1 bankgroup: 3 bank: 1 row: 1 column: 42 addr: 0X6D5A0[0m
[1;33m[1;36m [IssueCommand] cid: 0 clk: 68836 | READ | (address) rank: 1 bankgroup: 3 bank: 1 row: 1 column: 42 addr: 0X6D580[0m
[1;33m[1;36m [IssueCommand] cid: 1 clk: 68836 | READ | (address) rank: 1 bankgroup: 3 bank: 1 row: 1 column: 42 addr: 0X6D5A0[0m
[1;33m[1;35m [ReturnDoneRead] cid: 0 clk: 68861 | READ | addr: 0X6D580[0m
[1;33m[1;35m [ReturnDoneRead] cid: 1 clk: 68861 | READ | addr: 0X6D5A0[0m
64522757: system.mem_ctrl: Read to address 447872 complete
64522757: system.mem_ctrl: Access for address 447872
64522757: system.mem_ctrl: Queuing response for address 447872
64530757: system.mem_ctrl: Attempting to send response
64530757: system.mem_ctrl: Have 0 read, 0 write, 0 responses outstanding
64609000: system.mem_ctrl: Enqueueing address 447808
[1;33m[1;35m [AddTransaction(RD)] cid: 2 clk: 68954 | READ | addr: 0X6D540[0m
[1;33m[1;35m [AddTransaction(RD)] cid: 3 clk: 68954 | READ | addr: 0X6D560[0m
[1;33m[1;36m [AddCommand] cid: 2 clk: 68954 | READ | (address) rank: 1 bankgroup: 2 bank: 1 row: 1 column: 42 addr: 0X6D540[0m
[1;33m[1;36m [AddCommand] cid: 3 clk: 68954 | READ | (address) rank: 1 bankgroup: 2 bank: 1 row: 1 column: 42 addr: 0X6D560[0m
[1;33m[1;36m [IssueCommand] cid: 2 clk: 68955 | ACTIVATE | (address) rank: 1 bankgroup: 2 bank: 1 row: 1 column: 42 addr: 0X6D540[0m
[1;33m[1;36m [IssueCommand] cid: 3 clk: 68955 | ACTIVATE | (address) rank: 1 bankgroup: 2 bank: 1 row: 1 column: 42 addr: 0X6D560[0m
[1;33m[1;36m [IssueCommand] cid: 2 clk: 68974 | READ | (address) rank: 1 bankgroup: 2 bank: 1 row: 1 column: 42 addr: 0X6D540[0m
[1;33m[1;36m [IssueCommand] cid: 3 clk: 68974 | READ | (address) rank: 1 bankgroup: 2 bank: 1 row: 1 column: 42 addr: 0X6D560[0m
[1;33m[1;35m [ReturnDoneRead] cid: 2 clk: 68999 | READ | addr: 0X6D540[0m
[1;33m[1;35m [ReturnDoneRead] cid: 3 clk: 68999 | READ | addr: 0X6D560[0m
64652063: system.mem_ctrl: Read to address 447808 complete
64652063: system.mem_ctrl: Access for address 447808
64652063: system.mem_ctrl: Queuing response for address 447808
64660063: system.mem_ctrl: Attempting to send response
64660063: system.mem_ctrl: Have 0 read, 0 write, 0 responses outstanding
64779000: system.mem_ctrl: Enqueueing address 447744
[1;33m[1;35m [AddTransaction(RD)] cid: 0 clk: 69135 | READ | addr: 0X6D500[0m
[1;33m[1;35m [AddTransaction(RD)] cid: 1 clk: 69135 | READ | addr: 0X6D520[0m
[1;33m[1;36m [AddCommand] cid: 0 clk: 69135 | READ | (address) rank: 1 bankgroup: 2 bank: 1 row: 1 column: 42 addr: 0X6D500[0m
[1;33m[1;36m [AddCommand] cid: 1 clk: 69135 | READ | (address) rank: 1 bankgroup: 2 bank: 1 row: 1 column: 42 addr: 0X6D520[0m
[1;33m[1;36m [IssueCommand] cid: 0 clk: 69136 | ACTIVATE | (address) rank: 1 bankgroup: 2 bank: 1 row: 1 column: 42 addr: 0X6D500[0m
[1;33m[1;36m [IssueCommand] cid: 1 clk: 69136 | ACTIVATE | (address) rank: 1 bankgroup: 2 bank: 1 row: 1 column: 42 addr: 0X6D520[0m
[1;33m[1;36m [IssueCommand] cid: 0 clk: 69155 | READ | (address) rank: 1 bankgroup: 2 bank: 1 row: 1 column: 42 addr: 0X6D500[0m
[1;33m[1;36m [IssueCommand] cid: 1 clk: 69155 | READ | (address) rank: 1 bankgroup: 2 bank: 1 row: 1 column: 42 addr: 0X6D520[0m
[1;33m[1;35m [ReturnDoneRead] cid: 0 clk: 69180 | READ | addr: 0X6D500[0m
[1;33m[1;35m [ReturnDoneRead] cid: 1 clk: 69180 | READ | addr: 0X6D520[0m
64821660: system.mem_ctrl: Read to address 447744 complete
64821660: system.mem_ctrl: Access for address 447744
64821660: system.mem_ctrl: Queuing response for address 447744
64829660: system.mem_ctrl: Attempting to send response
64829660: system.mem_ctrl: Have 0 read, 0 write, 0 responses outstanding
64908000: system.mem_ctrl: Enqueueing address 54912
[1;33m[1;35m [AddTransaction(RD)] cid: 0 clk: 69273 | READ | addr: 0XD680[0m
[1;33m[1;35m [AddTransaction(RD)] cid: 1 clk: 69273 | READ | addr: 0XD6A0[0m
[1;33m[1;36m [AddCommand] cid: 0 clk: 69273 | READ | (address) rank: 0 bankgroup: 1 bank: 1 row: 0 column: 43 addr: 0XD680[0m
[1;33m[1;36m [AddCommand] cid: 1 clk: 69273 | READ | (address) rank: 0 bankgroup: 1 bank: 1 row: 0 column: 43 addr: 0XD6A0[0m
[1;33m[1;36m [IssueCommand] cid: 0 clk: 69274 | ACTIVATE | (address) rank: 0 bankgroup: 1 bank: 1 row: 0 column: 43 addr: 0XD680[0m
[1;33m[1;36m [IssueCommand] cid: 1 clk: 69274 | ACTIVATE | (address) rank: 0 bankgroup: 1 bank: 1 row: 0 column: 43 addr: 0XD6A0[0m
[1;33m[1;36m [IssueCommand] cid: 0 clk: 69293 | READ | (address) rank: 0 bankgroup: 1 bank: 1 row: 0 column: 43 addr: 0XD680[0m
[1;33m[1;36m [IssueCommand] cid: 1 clk: 69293 | READ | (address) rank: 0 bankgroup: 1 bank: 1 row: 0 column: 43 addr: 0XD6A0[0m
[1;33m[1;35m [ReturnDoneRead] cid: 0 clk: 69318 | READ | addr: 0XD680[0m
[1;33m[1;35m [ReturnDoneRead] cid: 1 clk: 69318 | READ | addr: 0XD6A0[0m
64950966: system.mem_ctrl: Read to address 54912 complete
64950966: system.mem_ctrl: Access for address 54912
64950966: system.mem_ctrl: Queuing response for address 54912
64958966: system.mem_ctrl: Attempting to send response
64958966: system.mem_ctrl: Have 0 read, 0 write, 0 responses outstanding
65043000: system.mem_ctrl: Enqueueing address 447680
[1;33m[1;35m [AddTransaction(RD)] cid: 2 clk: 69417 | READ | addr: 0X6D4C0[0m
[1;33m[1;35m [AddTransaction(RD)] cid: 3 clk: 69417 | READ | addr: 0X6D4E0[0m
[1;33m[1;36m [AddCommand] cid: 2 clk: 69417 | READ | (address) rank: 1 bankgroup: 1 bank: 1 row: 1 column: 42 addr: 0X6D4C0[0m
[1;33m[1;36m [AddCommand] cid: 3 clk: 69417 | READ | (address) rank: 1 bankgroup: 1 bank: 1 row: 1 column: 42 addr: 0X6D4E0[0m
[1;33m[1;36m [IssueCommand] cid: 2 clk: 69418 | ACTIVATE | (address) rank: 1 bankgroup: 1 bank: 1 row: 1 column: 42 addr: 0X6D4C0[0m
[1;33m[1;36m [IssueCommand] cid: 3 clk: 69418 | ACTIVATE | (address) rank: 1 bankgroup: 1 bank: 1 row: 1 column: 42 addr: 0X6D4E0[0m
[1;33m[1;36m [IssueCommand] cid: 2 clk: 69437 | READ | (address) rank: 1 bankgroup: 1 bank: 1 row: 1 column: 42 addr: 0X6D4C0[0m
[1;33m[1;36m [IssueCommand] cid: 3 clk: 69437 | READ | (address) rank: 1 bankgroup: 1 bank: 1 row: 1 column: 42 addr: 0X6D4E0[0m
[1;33m[1;35m [ReturnDoneRead] cid: 2 clk: 69462 | READ | addr: 0X6D4C0[0m
[1;33m[1;35m [ReturnDoneRead] cid: 3 clk: 69462 | READ | addr: 0X6D4E0[0m
65085894: system.mem_ctrl: Read to address 447680 complete
65085894: system.mem_ctrl: Access for address 447680
65085894: system.mem_ctrl: Queuing response for address 447680
65093894: system.mem_ctrl: Attempting to send response
65093894: system.mem_ctrl: Have 0 read, 0 write, 0 responses outstanding
65392000: system.mem_ctrl: Enqueueing address 462912
[1;33m[1;35m [AddTransaction(RD)] cid: 2 clk: 69789 | READ | addr: 0X71040[0m
[1;33m[1;35m [AddTransaction(RD)] cid: 3 clk: 69789 | READ | addr: 0X71060[0m
[1;33m[1;36m [AddCommand] cid: 2 clk: 69789 | READ | (address) rank: 1 bankgroup: 0 bank: 2 row: 1 column: 8 addr: 0X71040[0m
[1;33m[1;36m [AddCommand] cid: 3 clk: 69789 | READ | (address) rank: 1 bankgroup: 0 bank: 2 row: 1 column: 8 addr: 0X71060[0m
[1;33m[1;36m [IssueCommand] cid: 2 clk: 69790 | ACTIVATE | (address) rank: 1 bankgroup: 0 bank: 2 row: 1 column: 8 addr: 0X71040[0m
[1;33m[1;36m [IssueCommand] cid: 3 clk: 69790 | ACTIVATE | (address) rank: 1 bankgroup: 0 bank: 2 row: 1 column: 8 addr: 0X71060[0m
[1;33m[1;36m [IssueCommand] cid: 2 clk: 69809 | READ | (address) rank: 1 bankgroup: 0 bank: 2 row: 1 column: 8 addr: 0X71040[0m
[1;33m[1;36m [IssueCommand] cid: 3 clk: 69809 | READ | (address) rank: 1 bankgroup: 0 bank: 2 row: 1 column: 8 addr: 0X71060[0m
[1;33m[1;35m [ReturnDoneRead] cid: 2 clk: 69834 | READ | addr: 0X71040[0m
[1;33m[1;35m [ReturnDoneRead] cid: 3 clk: 69834 | READ | addr: 0X71060[0m
65434458: system.mem_ctrl: Read to address 462912 complete
65434458: system.mem_ctrl: Access for address 462912
65434458: system.mem_ctrl: Queuing response for address 462912
65442458: system.mem_ctrl: Attempting to send response
65442458: system.mem_ctrl: Have 0 read, 0 write, 0 responses outstanding
65625000: system.mem_ctrl: Enqueueing address 37312
[1;33m[1;35m [AddTransaction(RD)] cid: 2 clk: 70038 | READ | addr: 0X91C0[0m
[1;33m[1;35m [AddTransaction(RD)] cid: 3 clk: 70038 | READ | addr: 0X91E0[0m
[1;33m[1;36m [AddCommand] cid: 2 clk: 70038 | READ | (address) rank: 0 bankgroup: 3 bank: 1 row: 0 column: 8 addr: 0X91C0[0m
[1;33m[1;36m [AddCommand] cid: 3 clk: 70038 | READ | (address) rank: 0 bankgroup: 3 bank: 1 row: 0 column: 8 addr: 0X91E0[0m
[1;33m[1;36m [IssueCommand] cid: 2 clk: 70039 | ACTIVATE | (address) rank: 0 bankgroup: 3 bank: 1 row: 0 column: 8 addr: 0X91C0[0m
[1;33m[1;36m [IssueCommand] cid: 3 clk: 70039 | ACTIVATE | (address) rank: 0 bankgroup: 3 bank: 1 row: 0 column: 8 addr: 0X91E0[0m
[1;33m[1;36m [IssueCommand] cid: 2 clk: 70058 | READ | (address) rank: 0 bankgroup: 3 bank: 1 row: 0 column: 8 addr: 0X91C0[0m
[1;33m[1;36m [IssueCommand] cid: 3 clk: 70058 | READ | (address) rank: 0 bankgroup: 3 bank: 1 row: 0 column: 8 addr: 0X91E0[0m
[1;33m[1;35m [ReturnDoneRead] cid: 2 clk: 70083 | READ | addr: 0X91C0[0m
[1;33m[1;35m [ReturnDoneRead] cid: 3 clk: 70083 | READ | addr: 0X91E0[0m
65667771: system.mem_ctrl: Read to address 37312 complete
65667771: system.mem_ctrl: Access for address 37312
65667771: system.mem_ctrl: Queuing response for address 37312
65675771: system.mem_ctrl: Attempting to send response
65675771: system.mem_ctrl: Have 0 read, 0 write, 0 responses outstanding
65848000: system.mem_ctrl: Enqueueing address 37504
[1;33m[1;35m [AddTransaction(RD)] cid: 0 clk: 70276 | READ | addr: 0X9280[0m
[1;33m[1;35m [AddTransaction(RD)] cid: 1 clk: 70276 | READ | addr: 0X92A0[0m
[1;33m[1;36m [AddCommand] cid: 0 clk: 70276 | READ | (address) rank: 0 bankgroup: 1 bank: 1 row: 0 column: 9 addr: 0X9280[0m
[1;33m[1;36m [AddCommand] cid: 1 clk: 70276 | READ | (address) rank: 0 bankgroup: 1 bank: 1 row: 0 column: 9 addr: 0X92A0[0m
[1;33m[1;36m [IssueCommand] cid: 0 clk: 70277 | READ | (address) rank: 0 bankgroup: 1 bank: 1 row: 0 column: 9 addr: 0X9280[0m
[1;33m[1;36m [IssueCommand] cid: 1 clk: 70277 | READ | (address) rank: 0 bankgroup: 1 bank: 1 row: 0 column: 9 addr: 0X92A0[0m
[1;33m[1;35m [ReturnDoneRead] cid: 0 clk: 70302 | READ | addr: 0X9280[0m
[1;33m[1;35m [ReturnDoneRead] cid: 1 clk: 70302 | READ | addr: 0X92A0[0m
65872974: system.mem_ctrl: Read to address 37504 complete
65872974: system.mem_ctrl: Access for address 37504
65872974: system.mem_ctrl: Queuing response for address 37504
65880974: system.mem_ctrl: Attempting to send response
65880974: system.mem_ctrl: Have 0 read, 0 write, 0 responses outstanding
66033000: system.mem_ctrl: Enqueueing address 34944
[1;33m[1;35m [AddTransaction(RD)] cid: 0 clk: 70473 | READ | addr: 0X8880[0m
[1;33m[1;35m [AddTransaction(RD)] cid: 1 clk: 70473 | READ | addr: 0X88A0[0m
[1;33m[1;36m [AddCommand] cid: 0 clk: 70473 | READ | (address) rank: 0 bankgroup: 1 bank: 1 row: 0 column: 4 addr: 0X8880[0m
[1;33m[1;36m [AddCommand] cid: 1 clk: 70473 | READ | (address) rank: 0 bankgroup: 1 bank: 1 row: 0 column: 4 addr: 0X88A0[0m
[1;33m[1;36m [IssueCommand] cid: 0 clk: 70474 | READ | (address) rank: 0 bankgroup: 1 bank: 1 row: 0 column: 4 addr: 0X8880[0m
[1;33m[1;36m [IssueCommand] cid: 1 clk: 70474 | READ | (address) rank: 0 bankgroup: 1 bank: 1 row: 0 column: 4 addr: 0X88A0[0m
[1;33m[1;35m [ReturnDoneRead] cid: 0 clk: 70499 | READ | addr: 0X8880[0m
[1;33m[1;35m [ReturnDoneRead] cid: 1 clk: 70499 | READ | addr: 0X88A0[0m
66057563: system.mem_ctrl: Read to address 34944 complete
66057563: system.mem_ctrl: Access for address 34944
66057563: system.mem_ctrl: Queuing response for address 34944
66065563: system.mem_ctrl: Attempting to send response
66065563: system.mem_ctrl: Have 0 read, 0 write, 0 responses outstanding
66140000: system.mem_ctrl: Enqueueing address 33408
[1;33m[1;35m [AddTransaction(RD)] cid: 0 clk: 70587 | READ | addr: 0X8280[0m
[1;33m[1;35m [AddTransaction(RD)] cid: 1 clk: 70587 | READ | addr: 0X82A0[0m
[1;33m[1;36m [AddCommand] cid: 0 clk: 70587 | READ | (address) rank: 0 bankgroup: 1 bank: 1 row: 0 column: 1 addr: 0X8280[0m
[1;33m[1;36m [AddCommand] cid: 1 clk: 70587 | READ | (address) rank: 0 bankgroup: 1 bank: 1 row: 0 column: 1 addr: 0X82A0[0m
[1;33m[1;36m [IssueCommand] cid: 0 clk: 70588 | READ | (address) rank: 0 bankgroup: 1 bank: 1 row: 0 column: 1 addr: 0X8280[0m
[1;33m[1;36m [IssueCommand] cid: 1 clk: 70588 | READ | (address) rank: 0 bankgroup: 1 bank: 1 row: 0 column: 1 addr: 0X82A0[0m
[1;33m[1;35m [ReturnDoneRead] cid: 0 clk: 70613 | READ | addr: 0X8280[0m
[1;33m[1;35m [ReturnDoneRead] cid: 1 clk: 70613 | READ | addr: 0X82A0[0m
66164381: system.mem_ctrl: Read to address 33408 complete
66164381: system.mem_ctrl: Access for address 33408
66164381: system.mem_ctrl: Queuing response for address 33408
66172381: system.mem_ctrl: Attempting to send response
66172381: system.mem_ctrl: Have 0 read, 0 write, 0 responses outstanding
66223000: system.mem_ctrl: Enqueueing address 33472
[1;33m[1;35m [AddTransaction(RD)] cid: 2 clk: 70676 | READ | addr: 0X82C0[0m
[1;33m[1;35m [AddTransaction(RD)] cid: 3 clk: 70676 | READ | addr: 0X82E0[0m
[1;33m[1;36m [AddCommand] cid: 2 clk: 70676 | READ | (address) rank: 0 bankgroup: 1 bank: 1 row: 0 column: 1 addr: 0X82C0[0m
[1;33m[1;36m [AddCommand] cid: 3 clk: 70676 | READ | (address) rank: 0 bankgroup: 1 bank: 1 row: 0 column: 1 addr: 0X82E0[0m
[1;33m[1;36m [IssueCommand] cid: 2 clk: 70677 | ACTIVATE | (address) rank: 0 bankgroup: 1 bank: 1 row: 0 column: 1 addr: 0X82C0[0m
[1;33m[1;36m [IssueCommand] cid: 3 clk: 70677 | ACTIVATE | (address) rank: 0 bankgroup: 1 bank: 1 row: 0 column: 1 addr: 0X82E0[0m
[1;33m[1;36m [IssueCommand] cid: 2 clk: 70696 | READ | (address) rank: 0 bankgroup: 1 bank: 1 row: 0 column: 1 addr: 0X82C0[0m
[1;33m[1;36m [IssueCommand] cid: 3 clk: 70696 | READ | (address) rank: 0 bankgroup: 1 bank: 1 row: 0 column: 1 addr: 0X82E0[0m
[1;33m[1;35m [ReturnDoneRead] cid: 2 clk: 70721 | READ | addr: 0X82C0[0m
[1;33m[1;35m [ReturnDoneRead] cid: 3 clk: 70721 | READ | addr: 0X82E0[0m
66265577: system.mem_ctrl: Read to address 33472 complete
66265577: system.mem_ctrl: Access for address 33472
66265577: system.mem_ctrl: Queuing response for address 33472
66273577: system.mem_ctrl: Attempting to send response
66273577: system.mem_ctrl: Have 0 read, 0 write, 0 responses outstanding
66336000: system.mem_ctrl: Enqueueing address 32832
[1;33m[1;35m [AddTransaction(RD)] cid: 2 clk: 70797 | READ | addr: 0X8040[0m
[1;33m[1;35m [AddTransaction(RD)] cid: 3 clk: 70797 | READ | addr: 0X8060[0m
[1;33m[1;36m [AddCommand] cid: 2 clk: 70797 | READ | (address) rank: 0 bankgroup: 0 bank: 1 row: 0 column: 0 addr: 0X8040[0m
[1;33m[1;36m [AddCommand] cid: 3 clk: 70797 | READ | (address) rank: 0 bankgroup: 0 bank: 1 row: 0 column: 0 addr: 0X8060[0m
[1;33m[1;36m [IssueCommand] cid: 2 clk: 70798 | ACTIVATE | (address) rank: 0 bankgroup: 0 bank: 1 row: 0 column: 0 addr: 0X8040[0m
[1;33m[1;36m [IssueCommand] cid: 3 clk: 70798 | ACTIVATE | (address) rank: 0 bankgroup: 0 bank: 1 row: 0 column: 0 addr: 0X8060[0m
[1;33m[1;36m [IssueCommand] cid: 2 clk: 70817 | READ | (address) rank: 0 bankgroup: 0 bank: 1 row: 0 column: 0 addr: 0X8040[0m
[1;33m[1;36m [IssueCommand] cid: 3 clk: 70817 | READ | (address) rank: 0 bankgroup: 0 bank: 1 row: 0 column: 0 addr: 0X8060[0m
[1;33m[1;36m [IssueCommand] cid: 0 clk: 70822 | PRECHARGE | (address) rank: 1 bankgroup: 1 bank: 0 row: -1 column: -1 addr: 0XFFFFFFFFFFFFFFFF[0m
[1;33m[1;36m [IssueCommand] cid: 1 clk: 70822 | PRECHARGE | (address) rank: 1 bankgroup: 1 bank: 0 row: -1 column: -1 addr: 0XFFFFFFFFFFFFFFFF[0m
[1;33m[1;36m [IssueCommand] cid: 2 clk: 70822 | PRECHARGE | (address) rank: 1 bankgroup: 0 bank: 1 row: -1 column: -1 addr: 0XFFFFFFFFFFFFFFFF[0m
[1;33m[1;36m [IssueCommand] cid: 3 clk: 70822 | PRECHARGE | (address) rank: 1 bankgroup: 0 bank: 1 row: -1 column: -1 addr: 0XFFFFFFFFFFFFFFFF[0m
[1;33m[1;36m [IssueCommand] cid: 0 clk: 70823 | PRECHARGE | (address) rank: 1 bankgroup: 1 bank: 1 row: -1 column: -1 addr: 0XFFFFFFFFFFFFFFFF[0m
[1;33m[1;36m [IssueCommand] cid: 1 clk: 70823 | PRECHARGE | (address) rank: 1 bankgroup: 1 bank: 1 row: -1 column: -1 addr: 0XFFFFFFFFFFFFFFFF[0m
[1;33m[1;36m [IssueCommand] cid: 2 clk: 70823 | PRECHARGE | (address) rank: 1 bankgroup: 0 bank: 2 row: -1 column: -1 addr: 0XFFFFFFFFFFFFFFFF[0m
[1;33m[1;36m [IssueCommand] cid: 3 clk: 70823 | PRECHARGE | (address) rank: 1 bankgroup: 0 bank: 2 row: -1 column: -1 addr: 0XFFFFFFFFFFFFFFFF[0m
[1;33m[1;36m [IssueCommand] cid: 0 clk: 70824 | PRECHARGE | (address) rank: 1 bankgroup: 2 bank: 0 row: -1 column: -1 addr: 0XFFFFFFFFFFFFFFFF[0m
[1;33m[1;36m [IssueCommand] cid: 1 clk: 70824 | PRECHARGE | (address) rank: 1 bankgroup: 2 bank: 0 row: -1 column: -1 addr: 0XFFFFFFFFFFFFFFFF[0m
[1;33m[1;36m [IssueCommand] cid: 2 clk: 70824 | PRECHARGE | (address) rank: 1 bankgroup: 1 bank: 0 row: -1 column: -1 addr: 0XFFFFFFFFFFFFFFFF[0m
[1;33m[1;36m [IssueCommand] cid: 3 clk: 70824 | PRECHARGE | (address) rank: 1 bankgroup: 1 bank: 0 row: -1 column: -1 addr: 0XFFFFFFFFFFFFFFFF[0m
[1;33m[1;36m [IssueCommand] cid: 0 clk: 70825 | PRECHARGE | (address) rank: 1 bankgroup: 2 bank: 1 row: -1 column: -1 addr: 0XFFFFFFFFFFFFFFFF[0m
[1;33m[1;36m [IssueCommand] cid: 1 clk: 70825 | PRECHARGE | (address) rank: 1 bankgroup: 2 bank: 1 row: -1 column: -1 addr: 0XFFFFFFFFFFFFFFFF[0m
[1;33m[1;36m [IssueCommand] cid: 2 clk: 70825 | PRECHARGE | (address) rank: 1 bankgroup: 1 bank: 1 row: -1 column: -1 addr: 0XFFFFFFFFFFFFFFFF[0m
[1;33m[1;36m [IssueCommand] cid: 3 clk: 70825 | PRECHARGE | (address) rank: 1 bankgroup: 1 bank: 1 row: -1 column: -1 addr: 0XFFFFFFFFFFFFFFFF[0m
[1;33m[1;36m [IssueCommand] cid: 0 clk: 70826 | PRECHARGE | (address) rank: 1 bankgroup: 3 bank: 1 row: -1 column: -1 addr: 0XFFFFFFFFFFFFFFFF[0m
[1;33m[1;36m [IssueCommand] cid: 1 clk: 70826 | PRECHARGE | (address) rank: 1 bankgroup: 3 bank: 1 row: -1 column: -1 addr: 0XFFFFFFFFFFFFFFFF[0m
[1;33m[1;36m [IssueCommand] cid: 2 clk: 70826 | PRECHARGE | (address) rank: 1 bankgroup: 2 bank: 0 row: -1 column: -1 addr: 0XFFFFFFFFFFFFFFFF[0m
[1;33m[1;36m [IssueCommand] cid: 3 clk: 70826 | PRECHARGE | (address) rank: 1 bankgroup: 2 bank: 0 row: -1 column: -1 addr: 0XFFFFFFFFFFFFFFFF[0m
[1;33m[1;36m [IssueCommand] cid: 2 clk: 70827 | PRECHARGE | (address) rank: 1 bankgroup: 2 bank: 1 row: -1 column: -1 addr: 0XFFFFFFFFFFFFFFFF[0m
[1;33m[1;36m [IssueCommand] cid: 3 clk: 70827 | PRECHARGE | (address) rank: 1 bankgroup: 2 bank: 1 row: -1 column: -1 addr: 0XFFFFFFFFFFFFFFFF[0m
[1;33m[1;36m [IssueCommand] cid: 2 clk: 70828 | PRECHARGE | (address) rank: 1 bankgroup: 3 bank: 1 row: -1 column: -1 addr: 0XFFFFFFFFFFFFFFFF[0m
[1;33m[1;36m [IssueCommand] cid: 3 clk: 70828 | PRECHARGE | (address) rank: 1 bankgroup: 3 bank: 1 row: -1 column: -1 addr: 0XFFFFFFFFFFFFFFFF[0m
[1;33m[1;35m [ReturnDoneRead] cid: 2 clk: 70842 | READ | addr: 0X8040[0m
[1;33m[1;35m [ReturnDoneRead] cid: 3 clk: 70842 | READ | addr: 0X8060[0m
66378954: system.mem_ctrl: Read to address 32832 complete
66378954: system.mem_ctrl: Access for address 32832
66378954: system.mem_ctrl: Queuing response for address 32832
[1;33m[1;36m [IssueCommand] cid: 0 clk: 70845 | REFRESH | (address) rank: 1 bankgroup: -1 bank: -1 row: -1 column: -1 addr: 0XFFFFFFFFFFFFFFFF[0m
[1;33m[1;36m [IssueCommand] cid: 1 clk: 70845 | REFRESH | (address) rank: 1 bankgroup: -1 bank: -1 row: -1 column: -1 addr: 0XFFFFFFFFFFFFFFFF[0m
[1;33m[1;36m [IssueCommand] cid: 2 clk: 70847 | REFRESH | (address) rank: 1 bankgroup: -1 bank: -1 row: -1 column: -1 addr: 0XFFFFFFFFFFFFFFFF[0m
[1;33m[1;36m [IssueCommand] cid: 3 clk: 70847 | REFRESH | (address) rank: 1 bankgroup: -1 bank: -1 row: -1 column: -1 addr: 0XFFFFFFFFFFFFFFFF[0m
66386954: system.mem_ctrl: Attempting to send response
66386954: system.mem_ctrl: Have 0 read, 0 write, 0 responses outstanding
66461000: system.mem_ctrl: Enqueueing address 37632
[1;33m[1;35m [AddTransaction(RD)] cid: 0 clk: 70930 | READ | addr: 0X9300[0m
[1;33m[1;35m [AddTransaction(RD)] cid: 1 clk: 70930 | READ | addr: 0X9320[0m
[1;33m[1;36m [AddCommand] cid: 0 clk: 70930 | READ | (address) rank: 0 bankgroup: 2 bank: 1 row: 0 column: 9 addr: 0X9300[0m
[1;33m[1;36m [AddCommand] cid: 1 clk: 70930 | READ | (address) rank: 0 bankgroup: 2 bank: 1 row: 0 column: 9 addr: 0X9320[0m
[1;33m[1;36m [IssueCommand] cid: 0 clk: 70931 | ACTIVATE | (address) rank: 0 bankgroup: 2 bank: 1 row: 0 column: 9 addr: 0X9300[0m
[1;33m[1;36m [IssueCommand] cid: 1 clk: 70931 | ACTIVATE | (address) rank: 0 bankgroup: 2 bank: 1 row: 0 column: 9 addr: 0X9320[0m
[1;33m[1;36m [IssueCommand] cid: 0 clk: 70950 | READ | (address) rank: 0 bankgroup: 2 bank: 1 row: 0 column: 9 addr: 0X9300[0m
[1;33m[1;36m [IssueCommand] cid: 1 clk: 70950 | READ | (address) rank: 0 bankgroup: 2 bank: 1 row: 0 column: 9 addr: 0X9320[0m
[1;33m[1;35m [ReturnDoneRead] cid: 0 clk: 70975 | READ | addr: 0X9300[0m
[1;33m[1;35m [ReturnDoneRead] cid: 1 clk: 70975 | READ | addr: 0X9320[0m
66503575: system.mem_ctrl: Read to address 37632 complete
66503575: system.mem_ctrl: Access for address 37632
66503575: system.mem_ctrl: Queuing response for address 37632
66511575: system.mem_ctrl: Attempting to send response
66511575: system.mem_ctrl: Have 0 read, 0 write, 0 responses outstanding
66618000: system.mem_ctrl: Enqueueing address 37696
[1;33m[1;35m [AddTransaction(RD)] cid: 2 clk: 71098 | READ | addr: 0X9340[0m
[1;33m[1;35m [AddTransaction(RD)] cid: 3 clk: 71098 | READ | addr: 0X9360[0m
[1;33m[1;36m [AddCommand] cid: 2 clk: 71098 | READ | (address) rank: 0 bankgroup: 2 bank: 1 row: 0 column: 9 addr: 0X9340[0m
[1;33m[1;36m [AddCommand] cid: 3 clk: 71098 | READ | (address) rank: 0 bankgroup: 2 bank: 1 row: 0 column: 9 addr: 0X9360[0m
[1;33m[1;36m [IssueCommand] cid: 2 clk: 71099 | ACTIVATE | (address) rank: 0 bankgroup: 2 bank: 1 row: 0 column: 9 addr: 0X9340[0m
[1;33m[1;36m [IssueCommand] cid: 3 clk: 71099 | ACTIVATE | (address) rank: 0 bankgroup: 2 bank: 1 row: 0 column: 9 addr: 0X9360[0m
[1;33m[1;36m [IssueCommand] cid: 2 clk: 71118 | READ | (address) rank: 0 bankgroup: 2 bank: 1 row: 0 column: 9 addr: 0X9340[0m
[1;33m[1;36m [IssueCommand] cid: 3 clk: 71118 | READ | (address) rank: 0 bankgroup: 2 bank: 1 row: 0 column: 9 addr: 0X9360[0m
[1;33m[1;35m [ReturnDoneRead] cid: 2 clk: 71143 | READ | addr: 0X9340[0m
[1;33m[1;35m [ReturnDoneRead] cid: 3 clk: 71143 | READ | addr: 0X9360[0m
66660991: system.mem_ctrl: Read to address 37696 complete
66660991: system.mem_ctrl: Access for address 37696
66660991: system.mem_ctrl: Queuing response for address 37696
66668991: system.mem_ctrl: Attempting to send response
66668991: system.mem_ctrl: Have 0 read, 0 write, 0 responses outstanding
66761000: system.mem_ctrl: Enqueueing address 37760
[1;33m[1;35m [AddTransaction(RD)] cid: 0 clk: 71250 | READ | addr: 0X9380[0m
[1;33m[1;35m [AddTransaction(RD)] cid: 1 clk: 71250 | READ | addr: 0X93A0[0m
[1;33m[1;36m [AddCommand] cid: 0 clk: 71250 | READ | (address) rank: 0 bankgroup: 3 bank: 1 row: 0 column: 9 addr: 0X9380[0m
[1;33m[1;36m [AddCommand] cid: 1 clk: 71250 | READ | (address) rank: 0 bankgroup: 3 bank: 1 row: 0 column: 9 addr: 0X93A0[0m
[1;33m[1;36m [IssueCommand] cid: 0 clk: 71251 | ACTIVATE | (address) rank: 0 bankgroup: 3 bank: 1 row: 0 column: 9 addr: 0X9380[0m
[1;33m[1;36m [IssueCommand] cid: 1 clk: 71251 | ACTIVATE | (address) rank: 0 bankgroup: 3 bank: 1 row: 0 column: 9 addr: 0X93A0[0m
[1;33m[1;36m [IssueCommand] cid: 0 clk: 71270 | READ | (address) rank: 0 bankgroup: 3 bank: 1 row: 0 column: 9 addr: 0X9380[0m
[1;33m[1;36m [IssueCommand] cid: 1 clk: 71270 | READ | (address) rank: 0 bankgroup: 3 bank: 1 row: 0 column: 9 addr: 0X93A0[0m
[1;33m[1;35m [ReturnDoneRead] cid: 0 clk: 71295 | READ | addr: 0X9380[0m
[1;33m[1;35m [ReturnDoneRead] cid: 1 clk: 71295 | READ | addr: 0X93A0[0m
66803415: system.mem_ctrl: Read to address 37760 complete
66803415: system.mem_ctrl: Access for address 37760
66803415: system.mem_ctrl: Queuing response for address 37760
66811415: system.mem_ctrl: Attempting to send response
66811415: system.mem_ctrl: Have 0 read, 0 write, 0 responses outstanding
66876000: system.mem_ctrl: Enqueueing address 458816
[1;33m[1;35m [AddTransaction(RD)] cid: 2 clk: 71373 | READ | addr: 0X70040[0m
[1;33m[1;35m [AddTransaction(RD)] cid: 3 clk: 71373 | READ | addr: 0X70060[0m
[1;33m[1;36m [AddCommand] cid: 2 clk: 71373 | READ | (address) rank: 1 bankgroup: 0 bank: 2 row: 1 column: 0 addr: 0X70040[0m
[1;33m[1;36m [AddCommand] cid: 3 clk: 71373 | READ | (address) rank: 1 bankgroup: 0 bank: 2 row: 1 column: 0 addr: 0X70060[0m
[1;33m[1;36m [IssueCommand] cid: 2 clk: 71374 | ACTIVATE | (address) rank: 1 bankgroup: 0 bank: 2 row: 1 column: 0 addr: 0X70040[0m
[1;33m[1;36m [IssueCommand] cid: 3 clk: 71374 | ACTIVATE | (address) rank: 1 bankgroup: 0 bank: 2 row: 1 column: 0 addr: 0X70060[0m
[1;33m[1;36m [IssueCommand] cid: 2 clk: 71393 | READ | (address) rank: 1 bankgroup: 0 bank: 2 row: 1 column: 0 addr: 0X70040[0m
[1;33m[1;36m [IssueCommand] cid: 3 clk: 71393 | READ | (address) rank: 1 bankgroup: 0 bank: 2 row: 1 column: 0 addr: 0X70060[0m
[1;33m[1;35m [ReturnDoneRead] cid: 2 clk: 71418 | READ | addr: 0X70040[0m
[1;33m[1;35m [ReturnDoneRead] cid: 3 clk: 71418 | READ | addr: 0X70060[0m
66918666: system.mem_ctrl: Read to address 458816 complete
66918666: system.mem_ctrl: Access for address 458816
66918666: system.mem_ctrl: Queuing response for address 458816
66926666: system.mem_ctrl: Attempting to send response
66926666: system.mem_ctrl: Have 0 read, 0 write, 0 responses outstanding
67331000: system.mem_ctrl: Enqueueing address 37824
[1;33m[1;35m [AddTransaction(RD)] cid: 2 clk: 71859 | READ | addr: 0X93C0[0m
[1;33m[1;35m [AddTransaction(RD)] cid: 3 clk: 71859 | READ | addr: 0X93E0[0m
[1;33m[1;36m [AddCommand] cid: 2 clk: 71859 | READ | (address) rank: 0 bankgroup: 3 bank: 1 row: 0 column: 9 addr: 0X93C0[0m
[1;33m[1;36m [AddCommand] cid: 3 clk: 71859 | READ | (address) rank: 0 bankgroup: 3 bank: 1 row: 0 column: 9 addr: 0X93E0[0m
[1;33m[1;36m [IssueCommand] cid: 2 clk: 71860 | READ | (address) rank: 0 bankgroup: 3 bank: 1 row: 0 column: 9 addr: 0X93C0[0m
[1;33m[1;36m [IssueCommand] cid: 3 clk: 71860 | READ | (address) rank: 0 bankgroup: 3 bank: 1 row: 0 column: 9 addr: 0X93E0[0m
[1;33m[1;35m [ReturnDoneRead] cid: 2 clk: 71885 | READ | addr: 0X93C0[0m
[1;33m[1;35m [ReturnDoneRead] cid: 3 clk: 71885 | READ | addr: 0X93E0[0m
67356245: system.mem_ctrl: Read to address 37824 complete
67356245: system.mem_ctrl: Access for address 37824
67356245: system.mem_ctrl: Queuing response for address 37824
67364245: system.mem_ctrl: Attempting to send response
67364245: system.mem_ctrl: Have 0 read, 0 write, 0 responses outstanding
67467000: system.mem_ctrl: Enqueueing address 32704
[1;33m[1;35m [AddTransaction(RD)] cid: 2 clk: 72004 | READ | addr: 0X7FC0[0m
[1;33m[1;35m [AddTransaction(RD)] cid: 3 clk: 72004 | READ | addr: 0X7FE0[0m
[1;33m[1;36m [AddCommand] cid: 2 clk: 72004 | READ | (address) rank: 0 bankgroup: 3 bank: 0 row: 0 column: 63 addr: 0X7FC0[0m
[1;33m[1;36m [AddCommand] cid: 3 clk: 72004 | READ | (address) rank: 0 bankgroup: 3 bank: 0 row: 0 column: 63 addr: 0X7FE0[0m
[1;33m[1;36m [IssueCommand] cid: 2 clk: 72005 | ACTIVATE | (address) rank: 0 bankgroup: 3 bank: 0 row: 0 column: 63 addr: 0X7FC0[0m
[1;33m[1;36m [IssueCommand] cid: 3 clk: 72005 | ACTIVATE | (address) rank: 0 bankgroup: 3 bank: 0 row: 0 column: 63 addr: 0X7FE0[0m
[1;33m[1;36m [IssueCommand] cid: 2 clk: 72024 | READ | (address) rank: 0 bankgroup: 3 bank: 0 row: 0 column: 63 addr: 0X7FC0[0m
[1;33m[1;36m [IssueCommand] cid: 3 clk: 72024 | READ | (address) rank: 0 bankgroup: 3 bank: 0 row: 0 column: 63 addr: 0X7FE0[0m
[1;33m[1;35m [ReturnDoneRead] cid: 2 clk: 72049 | READ | addr: 0X7FC0[0m
[1;33m[1;35m [ReturnDoneRead] cid: 3 clk: 72049 | READ | addr: 0X7FE0[0m
67509913: system.mem_ctrl: Read to address 32704 complete
67509913: system.mem_ctrl: Access for address 32704
67509913: system.mem_ctrl: Queuing response for address 32704
67517913: system.mem_ctrl: Attempting to send response
67517913: system.mem_ctrl: Have 0 read, 0 write, 0 responses outstanding
67604000: system.mem_ctrl: Enqueueing address 139136
[1;33m[1;35m [AddTransaction(RD)] cid: 0 clk: 72150 | READ | addr: 0X21F80[0m
[1;33m[1;35m [AddTransaction(RD)] cid: 1 clk: 72150 | READ | addr: 0X21FA0[0m
[1;33m[1;36m [AddCommand] cid: 0 clk: 72150 | READ | (address) rank: 1 bankgroup: 3 bank: 0 row: 0 column: 15 addr: 0X21F80[0m
[1;33m[1;36m [AddCommand] cid: 1 clk: 72150 | READ | (address) rank: 1 bankgroup: 3 bank: 0 row: 0 column: 15 addr: 0X21FA0[0m
[1;33m[1;36m [IssueCommand] cid: 0 clk: 72151 | ACTIVATE | (address) rank: 1 bankgroup: 3 bank: 0 row: 0 column: 15 addr: 0X21F80[0m
[1;33m[1;36m [IssueCommand] cid: 1 clk: 72151 | ACTIVATE | (address) rank: 1 bankgroup: 3 bank: 0 row: 0 column: 15 addr: 0X21FA0[0m
[1;33m[1;36m [IssueCommand] cid: 0 clk: 72170 | READ | (address) rank: 1 bankgroup: 3 bank: 0 row: 0 column: 15 addr: 0X21F80[0m
[1;33m[1;36m [IssueCommand] cid: 1 clk: 72170 | READ | (address) rank: 1 bankgroup: 3 bank: 0 row: 0 column: 15 addr: 0X21FA0[0m
[1;33m[1;35m [ReturnDoneRead] cid: 0 clk: 72195 | READ | addr: 0X21F80[0m
[1;33m[1;35m [ReturnDoneRead] cid: 1 clk: 72195 | READ | addr: 0X21FA0[0m
67646715: system.mem_ctrl: Read to address 139136 complete
67646715: system.mem_ctrl: Access for address 139136
67646715: system.mem_ctrl: Queuing response for address 139136
67654715: system.mem_ctrl: Attempting to send response
67654715: system.mem_ctrl: Have 0 read, 0 write, 0 responses outstanding
67741000: system.mem_ctrl: Enqueueing address 444288
[1;33m[1;35m [AddTransaction(RD)] cid: 0 clk: 72296 | READ | addr: 0X6C780[0m
[1;33m[1;35m [AddTransaction(RD)] cid: 1 clk: 72296 | READ | addr: 0X6C7A0[0m
[1;33m[1;36m [AddCommand] cid: 0 clk: 72296 | READ | (address) rank: 1 bankgroup: 3 bank: 1 row: 1 column: 35 addr: 0X6C780[0m
[1;33m[1;36m [AddCommand] cid: 1 clk: 72296 | READ | (address) rank: 1 bankgroup: 3 bank: 1 row: 1 column: 35 addr: 0X6C7A0[0m
[1;33m[1;36m [IssueCommand] cid: 0 clk: 72297 | ACTIVATE | (address) rank: 1 bankgroup: 3 bank: 1 row: 1 column: 35 addr: 0X6C780[0m
[1;33m[1;36m [IssueCommand] cid: 1 clk: 72297 | ACTIVATE | (address) rank: 1 bankgroup: 3 bank: 1 row: 1 column: 35 addr: 0X6C7A0[0m
[1;33m[1;36m [IssueCommand] cid: 0 clk: 72316 | READ | (address) rank: 1 bankgroup: 3 bank: 1 row: 1 column: 35 addr: 0X6C780[0m
[1;33m[1;36m [IssueCommand] cid: 1 clk: 72316 | READ | (address) rank: 1 bankgroup: 3 bank: 1 row: 1 column: 35 addr: 0X6C7A0[0m
[1;33m[1;35m [ReturnDoneRead] cid: 0 clk: 72341 | READ | addr: 0X6C780[0m
[1;33m[1;35m [ReturnDoneRead] cid: 1 clk: 72341 | READ | addr: 0X6C7A0[0m
67783517: system.mem_ctrl: Read to address 444288 complete
67783517: system.mem_ctrl: Access for address 444288
67783517: system.mem_ctrl: Queuing response for address 444288
67791517: system.mem_ctrl: Attempting to send response
67791517: system.mem_ctrl: Have 0 read, 0 write, 0 responses outstanding
67842000: system.mem_ctrl: Enqueueing address 448448
[1;33m[1;35m [AddTransaction(RD)] cid: 2 clk: 72404 | READ | addr: 0X6D7C0[0m
[1;33m[1;35m [AddTransaction(RD)] cid: 3 clk: 72404 | READ | addr: 0X6D7E0[0m
[1;33m[1;36m [AddCommand] cid: 2 clk: 72404 | READ | (address) rank: 1 bankgroup: 3 bank: 1 row: 1 column: 43 addr: 0X6D7C0[0m
[1;33m[1;36m [AddCommand] cid: 3 clk: 72404 | READ | (address) rank: 1 bankgroup: 3 bank: 1 row: 1 column: 43 addr: 0X6D7E0[0m
[1;33m[1;36m [IssueCommand] cid: 2 clk: 72405 | ACTIVATE | (address) rank: 1 bankgroup: 3 bank: 1 row: 1 column: 43 addr: 0X6D7C0[0m
[1;33m[1;36m [IssueCommand] cid: 3 clk: 72405 | ACTIVATE | (address) rank: 1 bankgroup: 3 bank: 1 row: 1 column: 43 addr: 0X6D7E0[0m
[1;33m[1;36m [IssueCommand] cid: 2 clk: 72424 | READ | (address) rank: 1 bankgroup: 3 bank: 1 row: 1 column: 43 addr: 0X6D7C0[0m
[1;33m[1;36m [IssueCommand] cid: 3 clk: 72424 | READ | (address) rank: 1 bankgroup: 3 bank: 1 row: 1 column: 43 addr: 0X6D7E0[0m
[1;33m[1;35m [ReturnDoneRead] cid: 2 clk: 72449 | READ | addr: 0X6D7C0[0m
[1;33m[1;35m [ReturnDoneRead] cid: 3 clk: 72449 | READ | addr: 0X6D7E0[0m
67884713: system.mem_ctrl: Read to address 448448 complete
67884713: system.mem_ctrl: Access for address 448448
67884713: system.mem_ctrl: Queuing response for address 448448
67892713: system.mem_ctrl: Attempting to send response
67892713: system.mem_ctrl: Have 0 read, 0 write, 0 responses outstanding
67959000: system.mem_ctrl: Enqueueing address 139200
[1;33m[1;35m [AddTransaction(RD)] cid: 2 clk: 72529 | READ | addr: 0X21FC0[0m
[1;33m[1;35m [AddTransaction(RD)] cid: 3 clk: 72529 | READ | addr: 0X21FE0[0m
[1;33m[1;36m [AddCommand] cid: 2 clk: 72529 | READ | (address) rank: 1 bankgroup: 3 bank: 0 row: 0 column: 15 addr: 0X21FC0[0m
[1;33m[1;36m [AddCommand] cid: 3 clk: 72529 | READ | (address) rank: 1 bankgroup: 3 bank: 0 row: 0 column: 15 addr: 0X21FE0[0m
[1;33m[1;36m [IssueCommand] cid: 2 clk: 72530 | ACTIVATE | (address) rank: 1 bankgroup: 3 bank: 0 row: 0 column: 15 addr: 0X21FC0[0m
[1;33m[1;36m [IssueCommand] cid: 3 clk: 72530 | ACTIVATE | (address) rank: 1 bankgroup: 3 bank: 0 row: 0 column: 15 addr: 0X21FE0[0m
[1;33m[1;36m [IssueCommand] cid: 2 clk: 72549 | READ | (address) rank: 1 bankgroup: 3 bank: 0 row: 0 column: 15 addr: 0X21FC0[0m
[1;33m[1;36m [IssueCommand] cid: 3 clk: 72549 | READ | (address) rank: 1 bankgroup: 3 bank: 0 row: 0 column: 15 addr: 0X21FE0[0m
[1;33m[1;35m [ReturnDoneRead] cid: 2 clk: 72574 | READ | addr: 0X21FC0[0m
[1;33m[1;35m [ReturnDoneRead] cid: 3 clk: 72574 | READ | addr: 0X21FE0[0m
68001838: system.mem_ctrl: Read to address 139200 complete
68001838: system.mem_ctrl: Access for address 139200
68001838: system.mem_ctrl: Queuing response for address 139200
68009838: system.mem_ctrl: Attempting to send response
68009838: system.mem_ctrl: Have 0 read, 0 write, 0 responses outstanding
68062000: system.mem_ctrl: Enqueueing address 445120
[1;33m[1;35m [AddTransaction(RD)] cid: 2 clk: 72639 | READ | addr: 0X6CAC0[0m
[1;33m[1;35m [AddTransaction(RD)] cid: 3 clk: 72639 | READ | addr: 0X6CAE0[0m
[1;33m[1;36m [AddCommand] cid: 2 clk: 72639 | READ | (address) rank: 1 bankgroup: 1 bank: 1 row: 1 column: 37 addr: 0X6CAC0[0m
[1;33m[1;36m [AddCommand] cid: 3 clk: 72639 | READ | (address) rank: 1 bankgroup: 1 bank: 1 row: 1 column: 37 addr: 0X6CAE0[0m
[1;33m[1;36m [IssueCommand] cid: 2 clk: 72640 | ACTIVATE | (address) rank: 1 bankgroup: 1 bank: 1 row: 1 column: 37 addr: 0X6CAC0[0m
[1;33m[1;36m [IssueCommand] cid: 3 clk: 72640 | ACTIVATE | (address) rank: 1 bankgroup: 1 bank: 1 row: 1 column: 37 addr: 0X6CAE0[0m
[1;33m[1;36m [IssueCommand] cid: 2 clk: 72659 | READ | (address) rank: 1 bankgroup: 1 bank: 1 row: 1 column: 37 addr: 0X6CAC0[0m
[1;33m[1;36m [IssueCommand] cid: 3 clk: 72659 | READ | (address) rank: 1 bankgroup: 1 bank: 1 row: 1 column: 37 addr: 0X6CAE0[0m
[1;33m[1;35m [ReturnDoneRead] cid: 2 clk: 72684 | READ | addr: 0X6CAC0[0m
[1;33m[1;35m [ReturnDoneRead] cid: 3 clk: 72684 | READ | addr: 0X6CAE0[0m
68104908: system.mem_ctrl: Read to address 445120 complete
68104908: system.mem_ctrl: Access for address 445120
68104908: system.mem_ctrl: Queuing response for address 445120
68112908: system.mem_ctrl: Attempting to send response
68112908: system.mem_ctrl: Have 0 read, 0 write, 0 responses outstanding
68237000: system.mem_ctrl: Enqueueing address 139264
[1;33m[1;35m [AddTransaction(RD)] cid: 0 clk: 72825 | READ | addr: 0X22000[0m
[1;33m[1;35m [AddTransaction(RD)] cid: 1 clk: 72825 | READ | addr: 0X22020[0m
[1;33m[1;36m [AddCommand] cid: 0 clk: 72825 | READ | (address) rank: 1 bankgroup: 0 bank: 0 row: 0 column: 16 addr: 0X22000[0m
[1;33m[1;36m [AddCommand] cid: 1 clk: 72825 | READ | (address) rank: 1 bankgroup: 0 bank: 0 row: 0 column: 16 addr: 0X22020[0m
[1;33m[1;36m [IssueCommand] cid: 0 clk: 72826 | ACTIVATE | (address) rank: 1 bankgroup: 0 bank: 0 row: 0 column: 16 addr: 0X22000[0m
[1;33m[1;36m [IssueCommand] cid: 1 clk: 72826 | ACTIVATE | (address) rank: 1 bankgroup: 0 bank: 0 row: 0 column: 16 addr: 0X22020[0m
[1;33m[1;36m [IssueCommand] cid: 0 clk: 72845 | READ | (address) rank: 1 bankgroup: 0 bank: 0 row: 0 column: 16 addr: 0X22000[0m
[1;33m[1;36m [IssueCommand] cid: 1 clk: 72845 | READ | (address) rank: 1 bankgroup: 0 bank: 0 row: 0 column: 16 addr: 0X22020[0m
[1;33m[1;35m [ReturnDoneRead] cid: 0 clk: 72870 | READ | addr: 0X22000[0m
[1;33m[1;35m [ReturnDoneRead] cid: 1 clk: 72870 | READ | addr: 0X22020[0m
68279190: system.mem_ctrl: Read to address 139264 complete
68279190: system.mem_ctrl: Access for address 139264
68279190: system.mem_ctrl: Queuing response for address 139264
68287190: system.mem_ctrl: Attempting to send response
68287190: system.mem_ctrl: Have 0 read, 0 write, 0 responses outstanding
[1;33m[1;36m [IssueCommand] cid: 0 clk: 72905 | PRECHARGE | (address) rank: 0 bankgroup: 1 bank: 1 row: -1 column: -1 addr: 0XFFFFFFFFFFFFFFFF[0m
[1;33m[1;36m [IssueCommand] cid: 1 clk: 72905 | PRECHARGE | (address) rank: 0 bankgroup: 1 bank: 1 row: -1 column: -1 addr: 0XFFFFFFFFFFFFFFFF[0m
[1;33m[1;36m [IssueCommand] cid: 2 clk: 72905 | PRECHARGE | (address) rank: 0 bankgroup: 0 bank: 1 row: -1 column: -1 addr: 0XFFFFFFFFFFFFFFFF[0m
[1;33m[1;36m [IssueCommand] cid: 3 clk: 72905 | PRECHARGE | (address) rank: 0 bankgroup: 0 bank: 1 row: -1 column: -1 addr: 0XFFFFFFFFFFFFFFFF[0m
[1;33m[1;36m [IssueCommand] cid: 0 clk: 72906 | PRECHARGE | (address) rank: 0 bankgroup: 2 bank: 1 row: -1 column: -1 addr: 0XFFFFFFFFFFFFFFFF[0m
[1;33m[1;36m [IssueCommand] cid: 1 clk: 72906 | PRECHARGE | (address) rank: 0 bankgroup: 2 bank: 1 row: -1 column: -1 addr: 0XFFFFFFFFFFFFFFFF[0m
[1;33m[1;36m [IssueCommand] cid: 2 clk: 72906 | PRECHARGE | (address) rank: 0 bankgroup: 1 bank: 1 row: -1 column: -1 addr: 0XFFFFFFFFFFFFFFFF[0m
[1;33m[1;36m [IssueCommand] cid: 3 clk: 72906 | PRECHARGE | (address) rank: 0 bankgroup: 1 bank: 1 row: -1 column: -1 addr: 0XFFFFFFFFFFFFFFFF[0m
[1;33m[1;36m [IssueCommand] cid: 0 clk: 72907 | PRECHARGE | (address) rank: 0 bankgroup: 3 bank: 1 row: -1 column: -1 addr: 0XFFFFFFFFFFFFFFFF[0m
[1;33m[1;36m [IssueCommand] cid: 1 clk: 72907 | PRECHARGE | (address) rank: 0 bankgroup: 3 bank: 1 row: -1 column: -1 addr: 0XFFFFFFFFFFFFFFFF[0m
[1;33m[1;36m [IssueCommand] cid: 2 clk: 72907 | PRECHARGE | (address) rank: 0 bankgroup: 2 bank: 1 row: -1 column: -1 addr: 0XFFFFFFFFFFFFFFFF[0m
[1;33m[1;36m [IssueCommand] cid: 3 clk: 72907 | PRECHARGE | (address) rank: 0 bankgroup: 2 bank: 1 row: -1 column: -1 addr: 0XFFFFFFFFFFFFFFFF[0m
[1;33m[1;36m [IssueCommand] cid: 2 clk: 72908 | PRECHARGE | (address) rank: 0 bankgroup: 3 bank: 0 row: -1 column: -1 addr: 0XFFFFFFFFFFFFFFFF[0m
[1;33m[1;36m [IssueCommand] cid: 3 clk: 72908 | PRECHARGE | (address) rank: 0 bankgroup: 3 bank: 0 row: -1 column: -1 addr: 0XFFFFFFFFFFFFFFFF[0m
[1;33m[1;36m [IssueCommand] cid: 2 clk: 72909 | PRECHARGE | (address) rank: 0 bankgroup: 3 bank: 1 row: -1 column: -1 addr: 0XFFFFFFFFFFFFFFFF[0m
[1;33m[1;36m [IssueCommand] cid: 3 clk: 72909 | PRECHARGE | (address) rank: 0 bankgroup: 3 bank: 1 row: -1 column: -1 addr: 0XFFFFFFFFFFFFFFFF[0m
[1;33m[1;36m [IssueCommand] cid: 0 clk: 72926 | REFRESH | (address) rank: 0 bankgroup: -1 bank: -1 row: -1 column: -1 addr: 0XFFFFFFFFFFFFFFFF[0m
[1;33m[1;36m [IssueCommand] cid: 1 clk: 72926 | REFRESH | (address) rank: 0 bankgroup: -1 bank: -1 row: -1 column: -1 addr: 0XFFFFFFFFFFFFFFFF[0m
[1;33m[1;36m [IssueCommand] cid: 2 clk: 72928 | REFRESH | (address) rank: 0 bankgroup: -1 bank: -1 row: -1 column: -1 addr: 0XFFFFFFFFFFFFFFFF[0m
[1;33m[1;36m [IssueCommand] cid: 3 clk: 72928 | REFRESH | (address) rank: 0 bankgroup: -1 bank: -1 row: -1 column: -1 addr: 0XFFFFFFFFFFFFFFFF[0m
68344000: system.mem_ctrl: Enqueueing address 139392
[1;33m[1;35m [AddTransaction(RD)] cid: 0 clk: 72940 | READ | addr: 0X22080[0m
[1;33m[1;35m [AddTransaction(RD)] cid: 1 clk: 72940 | READ | addr: 0X220A0[0m
[1;33m[1;36m [AddCommand] cid: 0 clk: 72940 | READ | (address) rank: 1 bankgroup: 1 bank: 0 row: 0 column: 16 addr: 0X22080[0m
[1;33m[1;36m [AddCommand] cid: 1 clk: 72940 | READ | (address) rank: 1 bankgroup: 1 bank: 0 row: 0 column: 16 addr: 0X220A0[0m
[1;33m[1;36m [IssueCommand] cid: 0 clk: 72941 | ACTIVATE | (address) rank: 1 bankgroup: 1 bank: 0 row: 0 column: 16 addr: 0X22080[0m
[1;33m[1;36m [IssueCommand] cid: 1 clk: 72941 | ACTIVATE | (address) rank: 1 bankgroup: 1 bank: 0 row: 0 column: 16 addr: 0X220A0[0m
[1;33m[1;36m [IssueCommand] cid: 0 clk: 72960 | READ | (address) rank: 1 bankgroup: 1 bank: 0 row: 0 column: 16 addr: 0X22080[0m
[1;33m[1;36m [IssueCommand] cid: 1 clk: 72960 | READ | (address) rank: 1 bankgroup: 1 bank: 0 row: 0 column: 16 addr: 0X220A0[0m
[1;33m[1;35m [ReturnDoneRead] cid: 0 clk: 72985 | READ | addr: 0X22080[0m
[1;33m[1;35m [ReturnDoneRead] cid: 1 clk: 72985 | READ | addr: 0X220A0[0m
68386945: system.mem_ctrl: Read to address 139392 complete
68386945: system.mem_ctrl: Access for address 139392
68386945: system.mem_ctrl: Queuing response for address 139392
68394945: system.mem_ctrl: Attempting to send response
68394945: system.mem_ctrl: Have 0 read, 0 write, 0 responses outstanding
68457000: system.mem_ctrl: Enqueueing address 345472
[1;33m[1;35m [AddTransaction(RD)] cid: 0 clk: 73060 | READ | addr: 0X54580[0m
[1;33m[1;35m [AddTransaction(RD)] cid: 1 clk: 73060 | READ | addr: 0X545A0[0m
[1;33m[1;36m [AddCommand] cid: 0 clk: 73060 | READ | (address) rank: 0 bankgroup: 3 bank: 2 row: 1 column: 34 addr: 0X54580[0m
[1;33m[1;36m [AddCommand] cid: 1 clk: 73060 | READ | (address) rank: 0 bankgroup: 3 bank: 2 row: 1 column: 34 addr: 0X545A0[0m
[1;33m[1;36m [IssueCommand] cid: 0 clk: 73225 | ACTIVATE | (address) rank: 0 bankgroup: 3 bank: 2 row: 1 column: 34 addr: 0X54580[0m
[1;33m[1;36m [IssueCommand] cid: 1 clk: 73225 | ACTIVATE | (address) rank: 0 bankgroup: 3 bank: 2 row: 1 column: 34 addr: 0X545A0[0m
[1;33m[1;36m [IssueCommand] cid: 0 clk: 73244 | READ | (address) rank: 0 bankgroup: 3 bank: 2 row: 1 column: 34 addr: 0X54580[0m
[1;33m[1;36m [IssueCommand] cid: 1 clk: 73244 | READ | (address) rank: 0 bankgroup: 3 bank: 2 row: 1 column: 34 addr: 0X545A0[0m
[1;33m[1;35m [ReturnDoneRead] cid: 0 clk: 73269 | READ | addr: 0X54580[0m
[1;33m[1;35m [ReturnDoneRead] cid: 1 clk: 73269 | READ | addr: 0X545A0[0m
68653053: system.mem_ctrl: Read to address 345472 complete
68653053: system.mem_ctrl: Access for address 345472
68653053: system.mem_ctrl: Queuing response for address 345472
68661053: system.mem_ctrl: Attempting to send response
68661053: system.mem_ctrl: Have 0 read, 0 write, 0 responses outstanding
68724000: system.mem_ctrl: Enqueueing address 139456
[1;33m[1;35m [AddTransaction(RD)] cid: 2 clk: 73345 | READ | addr: 0X220C0[0m
[1;33m[1;35m [AddTransaction(RD)] cid: 3 clk: 73345 | READ | addr: 0X220E0[0m
[1;33m[1;36m [AddCommand] cid: 2 clk: 73345 | READ | (address) rank: 1 bankgroup: 1 bank: 0 row: 0 column: 16 addr: 0X220C0[0m
[1;33m[1;36m [AddCommand] cid: 3 clk: 73345 | READ | (address) rank: 1 bankgroup: 1 bank: 0 row: 0 column: 16 addr: 0X220E0[0m
[1;33m[1;36m [IssueCommand] cid: 2 clk: 73346 | ACTIVATE | (address) rank: 1 bankgroup: 1 bank: 0 row: 0 column: 16 addr: 0X220C0[0m
[1;33m[1;36m [IssueCommand] cid: 3 clk: 73346 | ACTIVATE | (address) rank: 1 bankgroup: 1 bank: 0 row: 0 column: 16 addr: 0X220E0[0m
[1;33m[1;36m [IssueCommand] cid: 2 clk: 73365 | READ | (address) rank: 1 bankgroup: 1 bank: 0 row: 0 column: 16 addr: 0X220C0[0m
[1;33m[1;36m [IssueCommand] cid: 3 clk: 73365 | READ | (address) rank: 1 bankgroup: 1 bank: 0 row: 0 column: 16 addr: 0X220E0[0m
[1;33m[1;35m [ReturnDoneRead] cid: 2 clk: 73390 | READ | addr: 0X220C0[0m
[1;33m[1;35m [ReturnDoneRead] cid: 3 clk: 73390 | READ | addr: 0X220E0[0m
68766430: system.mem_ctrl: Read to address 139456 complete
68766430: system.mem_ctrl: Access for address 139456
68766430: system.mem_ctrl: Queuing response for address 139456
68774430: system.mem_ctrl: Attempting to send response
68774430: system.mem_ctrl: Have 0 read, 0 write, 0 responses outstanding
68825000: system.mem_ctrl: Enqueueing address 402048
[1;33m[1;35m [AddTransaction(RD)] cid: 0 clk: 73453 | READ | addr: 0X62280[0m
[1;33m[1;35m [AddTransaction(RD)] cid: 1 clk: 73453 | READ | addr: 0X622A0[0m
[1;33m[1;36m [AddCommand] cid: 0 clk: 73453 | READ | (address) rank: 1 bankgroup: 1 bank: 0 row: 1 column: 17 addr: 0X62280[0m
[1;33m[1;36m [AddCommand] cid: 1 clk: 73453 | READ | (address) rank: 1 bankgroup: 1 bank: 0 row: 1 column: 17 addr: 0X622A0[0m
[1;33m[1;36m [IssueCommand] cid: 0 clk: 73454 | PRECHARGE | (address) rank: 1 bankgroup: 1 bank: 0 row: 1 column: 17 addr: 0X62280[0m
[1;33m[1;36m [IssueCommand] cid: 1 clk: 73454 | PRECHARGE | (address) rank: 1 bankgroup: 1 bank: 0 row: 1 column: 17 addr: 0X622A0[0m
[1;33m[1;36m [IssueCommand] cid: 0 clk: 73473 | ACTIVATE | (address) rank: 1 bankgroup: 1 bank: 0 row: 1 column: 17 addr: 0X62280[0m
[1;33m[1;36m [IssueCommand] cid: 1 clk: 73473 | ACTIVATE | (address) rank: 1 bankgroup: 1 bank: 0 row: 1 column: 17 addr: 0X622A0[0m
[1;33m[1;36m [IssueCommand] cid: 0 clk: 73492 | READ | (address) rank: 1 bankgroup: 1 bank: 0 row: 1 column: 17 addr: 0X62280[0m
[1;33m[1;36m [IssueCommand] cid: 1 clk: 73492 | READ | (address) rank: 1 bankgroup: 1 bank: 0 row: 1 column: 17 addr: 0X622A0[0m
[1;33m[1;35m [ReturnDoneRead] cid: 0 clk: 73517 | READ | addr: 0X62280[0m
[1;33m[1;35m [ReturnDoneRead] cid: 1 clk: 73517 | READ | addr: 0X622A0[0m
68885429: system.mem_ctrl: Read to address 402048 complete
68885429: system.mem_ctrl: Access for address 402048
68885429: system.mem_ctrl: Queuing response for address 402048
68893429: system.mem_ctrl: Attempting to send response
68893429: system.mem_ctrl: Have 0 read, 0 write, 0 responses outstanding
68994000: system.mem_ctrl: Enqueueing address 140864
[1;33m[1;35m [AddTransaction(RD)] cid: 2 clk: 73633 | READ | addr: 0X22640[0m
[1;33m[1;35m [AddTransaction(RD)] cid: 3 clk: 73633 | READ | addr: 0X22660[0m
[1;33m[1;36m [AddCommand] cid: 2 clk: 73633 | READ | (address) rank: 1 bankgroup: 0 bank: 0 row: 0 column: 19 addr: 0X22640[0m
[1;33m[1;36m [AddCommand] cid: 3 clk: 73633 | READ | (address) rank: 1 bankgroup: 0 bank: 0 row: 0 column: 19 addr: 0X22660[0m
[1;33m[1;36m [IssueCommand] cid: 2 clk: 73634 | ACTIVATE | (address) rank: 1 bankgroup: 0 bank: 0 row: 0 column: 19 addr: 0X22640[0m
[1;33m[1;36m [IssueCommand] cid: 3 clk: 73634 | ACTIVATE | (address) rank: 1 bankgroup: 0 bank: 0 row: 0 column: 19 addr: 0X22660[0m
[1;33m[1;36m [IssueCommand] cid: 2 clk: 73653 | READ | (address) rank: 1 bankgroup: 0 bank: 0 row: 0 column: 19 addr: 0X22640[0m
[1;33m[1;36m [IssueCommand] cid: 3 clk: 73653 | READ | (address) rank: 1 bankgroup: 0 bank: 0 row: 0 column: 19 addr: 0X22660[0m
[1;33m[1;35m [ReturnDoneRead] cid: 2 clk: 73678 | READ | addr: 0X22640[0m
[1;33m[1;35m [ReturnDoneRead] cid: 3 clk: 73678 | READ | addr: 0X22660[0m
69036286: system.mem_ctrl: Read to address 140864 complete
69036286: system.mem_ctrl: Access for address 140864
69036286: system.mem_ctrl: Queuing response for address 140864
69044286: system.mem_ctrl: Attempting to send response
69044286: system.mem_ctrl: Have 0 read, 0 write, 0 responses outstanding
69131000: system.mem_ctrl: Enqueueing address 403328
[1;33m[1;35m [AddTransaction(RD)] cid: 0 clk: 73780 | READ | addr: 0X62780[0m
[1;33m[1;35m [AddTransaction(RD)] cid: 1 clk: 73780 | READ | addr: 0X627A0[0m
[1;33m[1;36m [AddCommand] cid: 0 clk: 73780 | READ | (address) rank: 1 bankgroup: 3 bank: 0 row: 1 column: 19 addr: 0X62780[0m
[1;33m[1;36m [AddCommand] cid: 1 clk: 73780 | READ | (address) rank: 1 bankgroup: 3 bank: 0 row: 1 column: 19 addr: 0X627A0[0m
[1;33m[1;36m [IssueCommand] cid: 0 clk: 73781 | PRECHARGE | (address) rank: 1 bankgroup: 3 bank: 0 row: 1 column: 19 addr: 0X62780[0m
[1;33m[1;36m [IssueCommand] cid: 1 clk: 73781 | PRECHARGE | (address) rank: 1 bankgroup: 3 bank: 0 row: 1 column: 19 addr: 0X627A0[0m
[1;33m[1;36m [IssueCommand] cid: 0 clk: 73800 | ACTIVATE | (address) rank: 1 bankgroup: 3 bank: 0 row: 1 column: 19 addr: 0X62780[0m
[1;33m[1;36m [IssueCommand] cid: 1 clk: 73800 | ACTIVATE | (address) rank: 1 bankgroup: 3 bank: 0 row: 1 column: 19 addr: 0X627A0[0m
[1;33m[1;36m [IssueCommand] cid: 0 clk: 73819 | READ | (address) rank: 1 bankgroup: 3 bank: 0 row: 1 column: 19 addr: 0X62780[0m
[1;33m[1;36m [IssueCommand] cid: 1 clk: 73819 | READ | (address) rank: 1 bankgroup: 3 bank: 0 row: 1 column: 19 addr: 0X627A0[0m
[1;33m[1;35m [ReturnDoneRead] cid: 0 clk: 73844 | READ | addr: 0X62780[0m
[1;33m[1;35m [ReturnDoneRead] cid: 1 clk: 73844 | READ | addr: 0X627A0[0m
69191828: system.mem_ctrl: Read to address 403328 complete
69191828: system.mem_ctrl: Access for address 403328
69191828: system.mem_ctrl: Queuing response for address 403328
69199828: system.mem_ctrl: Attempting to send response
69199828: system.mem_ctrl: Have 0 read, 0 write, 0 responses outstanding
69250000: system.mem_ctrl: Enqueueing address 140800
[1;33m[1;35m [AddTransaction(RD)] cid: 0 clk: 73907 | READ | addr: 0X22600[0m
[1;33m[1;35m [AddTransaction(RD)] cid: 1 clk: 73907 | READ | addr: 0X22620[0m
[1;33m[1;36m [AddCommand] cid: 0 clk: 73907 | READ | (address) rank: 1 bankgroup: 0 bank: 0 row: 0 column: 19 addr: 0X22600[0m
[1;33m[1;36m [AddCommand] cid: 1 clk: 73907 | READ | (address) rank: 1 bankgroup: 0 bank: 0 row: 0 column: 19 addr: 0X22620[0m
[1;33m[1;36m [IssueCommand] cid: 0 clk: 73908 | READ | (address) rank: 1 bankgroup: 0 bank: 0 row: 0 column: 19 addr: 0X22600[0m
[1;33m[1;36m [IssueCommand] cid: 1 clk: 73908 | READ | (address) rank: 1 bankgroup: 0 bank: 0 row: 0 column: 19 addr: 0X22620[0m
[1;33m[1;35m [ReturnDoneRead] cid: 0 clk: 73933 | READ | addr: 0X22600[0m
[1;33m[1;35m [ReturnDoneRead] cid: 1 clk: 73933 | READ | addr: 0X22620[0m
69275221: system.mem_ctrl: Read to address 140800 complete
69275221: system.mem_ctrl: Access for address 140800
69275221: system.mem_ctrl: Queuing response for address 140800
69283221: system.mem_ctrl: Attempting to send response
69283221: system.mem_ctrl: Have 0 read, 0 write, 0 responses outstanding
69336000: system.mem_ctrl: Enqueueing address 140608
[1;33m[1;35m [AddTransaction(RD)] cid: 2 clk: 73998 | READ | addr: 0X22540[0m
[1;33m[1;35m [AddTransaction(RD)] cid: 3 clk: 73998 | READ | addr: 0X22560[0m
[1;33m[1;36m [AddCommand] cid: 2 clk: 73998 | READ | (address) rank: 1 bankgroup: 2 bank: 0 row: 0 column: 18 addr: 0X22540[0m
[1;33m[1;36m [AddCommand] cid: 3 clk: 73998 | READ | (address) rank: 1 bankgroup: 2 bank: 0 row: 0 column: 18 addr: 0X22560[0m
[1;33m[1;36m [IssueCommand] cid: 2 clk: 73999 | ACTIVATE | (address) rank: 1 bankgroup: 2 bank: 0 row: 0 column: 18 addr: 0X22540[0m
[1;33m[1;36m [IssueCommand] cid: 3 clk: 73999 | ACTIVATE | (address) rank: 1 bankgroup: 2 bank: 0 row: 0 column: 18 addr: 0X22560[0m
[1;33m[1;36m [IssueCommand] cid: 2 clk: 74018 | READ | (address) rank: 1 bankgroup: 2 bank: 0 row: 0 column: 18 addr: 0X22540[0m
[1;33m[1;36m [IssueCommand] cid: 3 clk: 74018 | READ | (address) rank: 1 bankgroup: 2 bank: 0 row: 0 column: 18 addr: 0X22560[0m
[1;33m[1;35m [ReturnDoneRead] cid: 2 clk: 74043 | READ | addr: 0X22540[0m
[1;33m[1;35m [ReturnDoneRead] cid: 3 clk: 74043 | READ | addr: 0X22560[0m
69378291: system.mem_ctrl: Read to address 140608 complete
69378291: system.mem_ctrl: Access for address 140608
69378291: system.mem_ctrl: Queuing response for address 140608
69386291: system.mem_ctrl: Attempting to send response
69386291: system.mem_ctrl: Have 0 read, 0 write, 0 responses outstanding
69435000: system.mem_ctrl: Enqueueing address 140672
[1;33m[1;35m [AddTransaction(RD)] cid: 0 clk: 74104 | READ | addr: 0X22580[0m
[1;33m[1;35m [AddTransaction(RD)] cid: 1 clk: 74104 | READ | addr: 0X225A0[0m
[1;33m[1;36m [AddCommand] cid: 0 clk: 74104 | READ | (address) rank: 1 bankgroup: 3 bank: 0 row: 0 column: 18 addr: 0X22580[0m
[1;33m[1;36m [AddCommand] cid: 1 clk: 74104 | READ | (address) rank: 1 bankgroup: 3 bank: 0 row: 0 column: 18 addr: 0X225A0[0m
[1;33m[1;36m [IssueCommand] cid: 0 clk: 74105 | PRECHARGE | (address) rank: 1 bankgroup: 3 bank: 0 row: 0 column: 18 addr: 0X22580[0m
[1;33m[1;36m [IssueCommand] cid: 1 clk: 74105 | PRECHARGE | (address) rank: 1 bankgroup: 3 bank: 0 row: 0 column: 18 addr: 0X225A0[0m
[1;33m[1;36m [IssueCommand] cid: 0 clk: 74124 | ACTIVATE | (address) rank: 1 bankgroup: 3 bank: 0 row: 0 column: 18 addr: 0X22580[0m
[1;33m[1;36m [IssueCommand] cid: 1 clk: 74124 | ACTIVATE | (address) rank: 1 bankgroup: 3 bank: 0 row: 0 column: 18 addr: 0X225A0[0m
[1;33m[1;36m [IssueCommand] cid: 0 clk: 74143 | READ | (address) rank: 1 bankgroup: 3 bank: 0 row: 0 column: 18 addr: 0X22580[0m
[1;33m[1;36m [IssueCommand] cid: 1 clk: 74143 | READ | (address) rank: 1 bankgroup: 3 bank: 0 row: 0 column: 18 addr: 0X225A0[0m
[1;33m[1;35m [ReturnDoneRead] cid: 0 clk: 74168 | READ | addr: 0X22580[0m
[1;33m[1;35m [ReturnDoneRead] cid: 1 clk: 74168 | READ | addr: 0X225A0[0m
69495416: system.mem_ctrl: Read to address 140672 complete
69495416: system.mem_ctrl: Access for address 140672
69495416: system.mem_ctrl: Queuing response for address 140672
69503416: system.mem_ctrl: Attempting to send response
69503416: system.mem_ctrl: Have 0 read, 0 write, 0 responses outstanding
69572000: system.mem_ctrl: Enqueueing address 141696
[1;33m[1;35m [AddTransaction(RD)] cid: 0 clk: 74250 | READ | addr: 0X22980[0m
[1;33m[1;35m [AddTransaction(RD)] cid: 1 clk: 74250 | READ | addr: 0X229A0[0m
[1;33m[1;36m [AddCommand] cid: 0 clk: 74250 | READ | (address) rank: 1 bankgroup: 3 bank: 0 row: 0 column: 20 addr: 0X22980[0m
[1;33m[1;36m [AddCommand] cid: 1 clk: 74250 | READ | (address) rank: 1 bankgroup: 3 bank: 0 row: 0 column: 20 addr: 0X229A0[0m
[1;33m[1;36m [IssueCommand] cid: 0 clk: 74251 | READ | (address) rank: 1 bankgroup: 3 bank: 0 row: 0 column: 20 addr: 0X22980[0m
[1;33m[1;36m [IssueCommand] cid: 1 clk: 74251 | READ | (address) rank: 1 bankgroup: 3 bank: 0 row: 0 column: 20 addr: 0X229A0[0m
[1;33m[1;35m [ReturnDoneRead] cid: 0 clk: 74276 | READ | addr: 0X22980[0m
[1;33m[1;35m [ReturnDoneRead] cid: 1 clk: 74276 | READ | addr: 0X229A0[0m
69596612: system.mem_ctrl: Read to address 141696 complete
69596612: system.mem_ctrl: Access for address 141696
69596612: system.mem_ctrl: Queuing response for address 141696
69604612: system.mem_ctrl: Attempting to send response
69604612: system.mem_ctrl: Have 0 read, 0 write, 0 responses outstanding
69699000: system.mem_ctrl: Enqueueing address 207040
[1;33m[1;35m [AddTransaction(RD)] cid: 2 clk: 74386 | READ | addr: 0X328C0[0m
[1;33m[1;35m [AddTransaction(RD)] cid: 3 clk: 74386 | READ | addr: 0X328E0[0m
[1;33m[1;36m [AddCommand] cid: 2 clk: 74386 | READ | (address) rank: 1 bankgroup: 1 bank: 2 row: 0 column: 20 addr: 0X328C0[0m
[1;33m[1;36m [AddCommand] cid: 3 clk: 74386 | READ | (address) rank: 1 bankgroup: 1 bank: 2 row: 0 column: 20 addr: 0X328E0[0m
[1;33m[1;36m [IssueCommand] cid: 2 clk: 74387 | ACTIVATE | (address) rank: 1 bankgroup: 1 bank: 2 row: 0 column: 20 addr: 0X328C0[0m
[1;33m[1;36m [IssueCommand] cid: 3 clk: 74387 | ACTIVATE | (address) rank: 1 bankgroup: 1 bank: 2 row: 0 column: 20 addr: 0X328E0[0m
[1;33m[1;36m [IssueCommand] cid: 2 clk: 74406 | READ | (address) rank: 1 bankgroup: 1 bank: 2 row: 0 column: 20 addr: 0X328C0[0m
[1;33m[1;36m [IssueCommand] cid: 3 clk: 74406 | READ | (address) rank: 1 bankgroup: 1 bank: 2 row: 0 column: 20 addr: 0X328E0[0m
[1;33m[1;35m [ReturnDoneRead] cid: 2 clk: 74431 | READ | addr: 0X328C0[0m
[1;33m[1;35m [ReturnDoneRead] cid: 3 clk: 74431 | READ | addr: 0X328E0[0m
69741847: system.mem_ctrl: Read to address 207040 complete
69741847: system.mem_ctrl: Access for address 207040
69741847: system.mem_ctrl: Queuing response for address 207040
69749847: system.mem_ctrl: Attempting to send response
69749847: system.mem_ctrl: Have 0 read, 0 write, 0 responses outstanding
69810000: system.mem_ctrl: Enqueueing address 207104
[1;33m[1;35m [AddTransaction(RD)] cid: 0 clk: 74504 | READ | addr: 0X32900[0m
[1;33m[1;35m [AddTransaction(RD)] cid: 1 clk: 74504 | READ | addr: 0X32920[0m
[1;33m[1;36m [AddCommand] cid: 0 clk: 74504 | READ | (address) rank: 1 bankgroup: 2 bank: 2 row: 0 column: 20 addr: 0X32900[0m
[1;33m[1;36m [AddCommand] cid: 1 clk: 74504 | READ | (address) rank: 1 bankgroup: 2 bank: 2 row: 0 column: 20 addr: 0X32920[0m
[1;33m[1;36m [IssueCommand] cid: 0 clk: 74505 | ACTIVATE | (address) rank: 1 bankgroup: 2 bank: 2 row: 0 column: 20 addr: 0X32900[0m
[1;33m[1;36m [IssueCommand] cid: 1 clk: 74505 | ACTIVATE | (address) rank: 1 bankgroup: 2 bank: 2 row: 0 column: 20 addr: 0X32920[0m
[1;33m[1;36m [IssueCommand] cid: 0 clk: 74524 | READ | (address) rank: 1 bankgroup: 2 bank: 2 row: 0 column: 20 addr: 0X32900[0m
[1;33m[1;36m [IssueCommand] cid: 1 clk: 74524 | READ | (address) rank: 1 bankgroup: 2 bank: 2 row: 0 column: 20 addr: 0X32920[0m
[1;33m[1;35m [ReturnDoneRead] cid: 0 clk: 74549 | READ | addr: 0X32900[0m
[1;33m[1;35m [ReturnDoneRead] cid: 1 clk: 74549 | READ | addr: 0X32920[0m
69852413: system.mem_ctrl: Read to address 207104 complete
69852413: system.mem_ctrl: Access for address 207104
69852413: system.mem_ctrl: Queuing response for address 207104
69860413: system.mem_ctrl: Attempting to send response
69860413: system.mem_ctrl: Have 0 read, 0 write, 0 responses outstanding
69913000: system.mem_ctrl: Enqueueing address 207232
[1;33m[1;35m [AddTransaction(RD)] cid: 0 clk: 74614 | READ | addr: 0X32980[0m
[1;33m[1;35m [AddTransaction(RD)] cid: 1 clk: 74614 | READ | addr: 0X329A0[0m
[1;33m[1;36m [AddCommand] cid: 0 clk: 74614 | READ | (address) rank: 1 bankgroup: 3 bank: 2 row: 0 column: 20 addr: 0X32980[0m
[1;33m[1;36m [AddCommand] cid: 1 clk: 74614 | READ | (address) rank: 1 bankgroup: 3 bank: 2 row: 0 column: 20 addr: 0X329A0[0m
[1;33m[1;36m [IssueCommand] cid: 0 clk: 74615 | ACTIVATE | (address) rank: 1 bankgroup: 3 bank: 2 row: 0 column: 20 addr: 0X32980[0m
[1;33m[1;36m [IssueCommand] cid: 1 clk: 74615 | ACTIVATE | (address) rank: 1 bankgroup: 3 bank: 2 row: 0 column: 20 addr: 0X329A0[0m
[1;33m[1;36m [IssueCommand] cid: 0 clk: 74634 | READ | (address) rank: 1 bankgroup: 3 bank: 2 row: 0 column: 20 addr: 0X32980[0m
[1;33m[1;36m [IssueCommand] cid: 1 clk: 74634 | READ | (address) rank: 1 bankgroup: 3 bank: 2 row: 0 column: 20 addr: 0X329A0[0m
[1;33m[1;35m [ReturnDoneRead] cid: 0 clk: 74659 | READ | addr: 0X32980[0m
[1;33m[1;35m [ReturnDoneRead] cid: 1 clk: 74659 | READ | addr: 0X329A0[0m
69955483: system.mem_ctrl: Read to address 207232 complete
69955483: system.mem_ctrl: Access for address 207232
69955483: system.mem_ctrl: Queuing response for address 207232
69963483: system.mem_ctrl: Attempting to send response
69963483: system.mem_ctrl: Have 0 read, 0 write, 0 responses outstanding
70028000: system.mem_ctrl: Enqueueing address 363392
[1;33m[1;35m [AddTransaction(RD)] cid: 0 clk: 74737 | READ | addr: 0X58B80[0m
[1;33m[1;35m [AddTransaction(RD)] cid: 1 clk: 74737 | READ | addr: 0X58BA0[0m
[1;33m[1;36m [AddCommand] cid: 0 clk: 74737 | READ | (address) rank: 0 bankgroup: 3 bank: 3 row: 1 column: 5 addr: 0X58B80[0m
[1;33m[1;36m [AddCommand] cid: 1 clk: 74737 | READ | (address) rank: 0 bankgroup: 3 bank: 3 row: 1 column: 5 addr: 0X58BA0[0m
[1;33m[1;36m [IssueCommand] cid: 0 clk: 74738 | ACTIVATE | (address) rank: 0 bankgroup: 3 bank: 3 row: 1 column: 5 addr: 0X58B80[0m
[1;33m[1;36m [IssueCommand] cid: 1 clk: 74738 | ACTIVATE | (address) rank: 0 bankgroup: 3 bank: 3 row: 1 column: 5 addr: 0X58BA0[0m
[1;33m[1;36m [IssueCommand] cid: 0 clk: 74757 | READ | (address) rank: 0 bankgroup: 3 bank: 3 row: 1 column: 5 addr: 0X58B80[0m
[1;33m[1;36m [IssueCommand] cid: 1 clk: 74757 | READ | (address) rank: 0 bankgroup: 3 bank: 3 row: 1 column: 5 addr: 0X58BA0[0m
[1;33m[1;35m [ReturnDoneRead] cid: 0 clk: 74782 | READ | addr: 0X58B80[0m
[1;33m[1;35m [ReturnDoneRead] cid: 1 clk: 74782 | READ | addr: 0X58BA0[0m
70070734: system.mem_ctrl: Read to address 363392 complete
70070734: system.mem_ctrl: Access for address 363392
70070734: system.mem_ctrl: Queuing response for address 363392
70078734: system.mem_ctrl: Attempting to send response
70078734: system.mem_ctrl: Have 0 read, 0 write, 0 responses outstanding
70173000: system.mem_ctrl: Enqueueing address 141760
[1;33m[1;35m [AddTransaction(RD)] cid: 2 clk: 74892 | READ | addr: 0X229C0[0m
[1;33m[1;35m [AddTransaction(RD)] cid: 3 clk: 74892 | READ | addr: 0X229E0[0m
[1;33m[1;36m [AddCommand] cid: 2 clk: 74892 | READ | (address) rank: 1 bankgroup: 3 bank: 0 row: 0 column: 20 addr: 0X229C0[0m
[1;33m[1;36m [AddCommand] cid: 3 clk: 74892 | READ | (address) rank: 1 bankgroup: 3 bank: 0 row: 0 column: 20 addr: 0X229E0[0m
[1;33m[1;36m [IssueCommand] cid: 2 clk: 74893 | READ | (address) rank: 1 bankgroup: 3 bank: 0 row: 0 column: 20 addr: 0X229C0[0m
[1;33m[1;36m [IssueCommand] cid: 3 clk: 74893 | READ | (address) rank: 1 bankgroup: 3 bank: 0 row: 0 column: 20 addr: 0X229E0[0m
[1;33m[1;35m [ReturnDoneRead] cid: 2 clk: 74918 | READ | addr: 0X229C0[0m
[1;33m[1;35m [ReturnDoneRead] cid: 3 clk: 74918 | READ | addr: 0X229E0[0m
70198166: system.mem_ctrl: Read to address 141760 complete
70198166: system.mem_ctrl: Access for address 141760
70198166: system.mem_ctrl: Queuing response for address 141760
70206166: system.mem_ctrl: Attempting to send response
70206166: system.mem_ctrl: Have 0 read, 0 write, 0 responses outstanding
[1;33m[1;36m [IssueCommand] cid: 0 clk: 74988 | PRECHARGE | (address) rank: 1 bankgroup: 0 bank: 0 row: -1 column: -1 addr: 0XFFFFFFFFFFFFFFFF[0m
[1;33m[1;36m [IssueCommand] cid: 1 clk: 74988 | PRECHARGE | (address) rank: 1 bankgroup: 0 bank: 0 row: -1 column: -1 addr: 0XFFFFFFFFFFFFFFFF[0m
[1;33m[1;36m [IssueCommand] cid: 2 clk: 74988 | PRECHARGE | (address) rank: 1 bankgroup: 0 bank: 0 row: -1 column: -1 addr: 0XFFFFFFFFFFFFFFFF[0m
[1;33m[1;36m [IssueCommand] cid: 3 clk: 74988 | PRECHARGE | (address) rank: 1 bankgroup: 0 bank: 0 row: -1 column: -1 addr: 0XFFFFFFFFFFFFFFFF[0m
[1;33m[1;36m [IssueCommand] cid: 0 clk: 74989 | PRECHARGE | (address) rank: 1 bankgroup: 1 bank: 0 row: -1 column: -1 addr: 0XFFFFFFFFFFFFFFFF[0m
[1;33m[1;36m [IssueCommand] cid: 1 clk: 74989 | PRECHARGE | (address) rank: 1 bankgroup: 1 bank: 0 row: -1 column: -1 addr: 0XFFFFFFFFFFFFFFFF[0m
[1;33m[1;36m [IssueCommand] cid: 2 clk: 74989 | PRECHARGE | (address) rank: 1 bankgroup: 0 bank: 2 row: -1 column: -1 addr: 0XFFFFFFFFFFFFFFFF[0m
[1;33m[1;36m [IssueCommand] cid: 3 clk: 74989 | PRECHARGE | (address) rank: 1 bankgroup: 0 bank: 2 row: -1 column: -1 addr: 0XFFFFFFFFFFFFFFFF[0m
[1;33m[1;36m [IssueCommand] cid: 0 clk: 74990 | PRECHARGE | (address) rank: 1 bankgroup: 2 bank: 2 row: -1 column: -1 addr: 0XFFFFFFFFFFFFFFFF[0m
[1;33m[1;36m [IssueCommand] cid: 1 clk: 74990 | PRECHARGE | (address) rank: 1 bankgroup: 2 bank: 2 row: -1 column: -1 addr: 0XFFFFFFFFFFFFFFFF[0m
[1;33m[1;36m [IssueCommand] cid: 2 clk: 74990 | PRECHARGE | (address) rank: 1 bankgroup: 1 bank: 0 row: -1 column: -1 addr: 0XFFFFFFFFFFFFFFFF[0m
[1;33m[1;36m [IssueCommand] cid: 3 clk: 74990 | PRECHARGE | (address) rank: 1 bankgroup: 1 bank: 0 row: -1 column: -1 addr: 0XFFFFFFFFFFFFFFFF[0m
[1;33m[1;36m [IssueCommand] cid: 0 clk: 74991 | PRECHARGE | (address) rank: 1 bankgroup: 3 bank: 0 row: -1 column: -1 addr: 0XFFFFFFFFFFFFFFFF[0m
[1;33m[1;36m [IssueCommand] cid: 1 clk: 74991 | PRECHARGE | (address) rank: 1 bankgroup: 3 bank: 0 row: -1 column: -1 addr: 0XFFFFFFFFFFFFFFFF[0m
[1;33m[1;36m [IssueCommand] cid: 2 clk: 74991 | PRECHARGE | (address) rank: 1 bankgroup: 1 bank: 1 row: -1 column: -1 addr: 0XFFFFFFFFFFFFFFFF[0m
[1;33m[1;36m [IssueCommand] cid: 3 clk: 74991 | PRECHARGE | (address) rank: 1 bankgroup: 1 bank: 1 row: -1 column: -1 addr: 0XFFFFFFFFFFFFFFFF[0m
70267000: system.mem_ctrl: Enqueueing address 142080
[1;33m[1;35m [AddTransaction(RD)] cid: 0 clk: 74992 | READ | addr: 0X22B00[0m
[1;33m[1;35m [AddTransaction(RD)] cid: 1 clk: 74992 | READ | addr: 0X22B20[0m
[1;33m[1;36m [IssueCommand] cid: 0 clk: 74992 | PRECHARGE | (address) rank: 1 bankgroup: 3 bank: 1 row: -1 column: -1 addr: 0XFFFFFFFFFFFFFFFF[0m
[1;33m[1;36m [AddCommand] cid: 0 clk: 74992 | READ | (address) rank: 1 bankgroup: 2 bank: 0 row: 0 column: 21 addr: 0X22B00[0m
[1;33m[1;36m [IssueCommand] cid: 1 clk: 74992 | PRECHARGE | (address) rank: 1 bankgroup: 3 bank: 1 row: -1 column: -1 addr: 0XFFFFFFFFFFFFFFFF[0m
[1;33m[1;36m [AddCommand] cid: 1 clk: 74992 | READ | (address) rank: 1 bankgroup: 2 bank: 0 row: 0 column: 21 addr: 0X22B20[0m
[1;33m[1;36m [IssueCommand] cid: 2 clk: 74992 | PRECHARGE | (address) rank: 1 bankgroup: 1 bank: 2 row: -1 column: -1 addr: 0XFFFFFFFFFFFFFFFF[0m
[1;33m[1;36m [IssueCommand] cid: 3 clk: 74992 | PRECHARGE | (address) rank: 1 bankgroup: 1 bank: 2 row: -1 column: -1 addr: 0XFFFFFFFFFFFFFFFF[0m
[1;33m[1;36m [IssueCommand] cid: 0 clk: 74993 | PRECHARGE | (address) rank: 1 bankgroup: 3 bank: 2 row: -1 column: -1 addr: 0XFFFFFFFFFFFFFFFF[0m
[1;33m[1;36m [IssueCommand] cid: 1 clk: 74993 | PRECHARGE | (address) rank: 1 bankgroup: 3 bank: 2 row: -1 column: -1 addr: 0XFFFFFFFFFFFFFFFF[0m
[1;33m[1;36m [IssueCommand] cid: 2 clk: 74993 | PRECHARGE | (address) rank: 1 bankgroup: 2 bank: 0 row: -1 column: -1 addr: 0XFFFFFFFFFFFFFFFF[0m
[1;33m[1;36m [IssueCommand] cid: 3 clk: 74993 | PRECHARGE | (address) rank: 1 bankgroup: 2 bank: 0 row: -1 column: -1 addr: 0XFFFFFFFFFFFFFFFF[0m
[1;33m[1;36m [IssueCommand] cid: 2 clk: 74994 | PRECHARGE | (address) rank: 1 bankgroup: 3 bank: 0 row: -1 column: -1 addr: 0XFFFFFFFFFFFFFFFF[0m
[1;33m[1;36m [IssueCommand] cid: 3 clk: 74994 | PRECHARGE | (address) rank: 1 bankgroup: 3 bank: 0 row: -1 column: -1 addr: 0XFFFFFFFFFFFFFFFF[0m
[1;33m[1;36m [IssueCommand] cid: 2 clk: 74995 | PRECHARGE | (address) rank: 1 bankgroup: 3 bank: 1 row: -1 column: -1 addr: 0XFFFFFFFFFFFFFFFF[0m
[1;33m[1;36m [IssueCommand] cid: 3 clk: 74995 | PRECHARGE | (address) rank: 1 bankgroup: 3 bank: 1 row: -1 column: -1 addr: 0XFFFFFFFFFFFFFFFF[0m
[1;33m[1;36m [IssueCommand] cid: 0 clk: 75012 | REFRESH | (address) rank: 1 bankgroup: -1 bank: -1 row: -1 column: -1 addr: 0XFFFFFFFFFFFFFFFF[0m
[1;33m[1;36m [IssueCommand] cid: 1 clk: 75012 | REFRESH | (address) rank: 1 bankgroup: -1 bank: -1 row: -1 column: -1 addr: 0XFFFFFFFFFFFFFFFF[0m
[1;33m[1;36m [IssueCommand] cid: 2 clk: 75014 | REFRESH | (address) rank: 1 bankgroup: -1 bank: -1 row: -1 column: -1 addr: 0XFFFFFFFFFFFFFFFF[0m
[1;33m[1;36m [IssueCommand] cid: 3 clk: 75014 | REFRESH | (address) rank: 1 bankgroup: -1 bank: -1 row: -1 column: -1 addr: 0XFFFFFFFFFFFFFFFF[0m
[1;33m[1;36m [IssueCommand] cid: 0 clk: 75311 | ACTIVATE | (address) rank: 1 bankgroup: 2 bank: 0 row: 0 column: 21 addr: 0X22B00[0m
[1;33m[1;36m [IssueCommand] cid: 1 clk: 75311 | ACTIVATE | (address) rank: 1 bankgroup: 2 bank: 0 row: 0 column: 21 addr: 0X22B20[0m
[1;33m[1;36m [IssueCommand] cid: 0 clk: 75330 | READ | (address) rank: 1 bankgroup: 2 bank: 0 row: 0 column: 21 addr: 0X22B00[0m
[1;33m[1;36m [IssueCommand] cid: 1 clk: 75330 | READ | (address) rank: 1 bankgroup: 2 bank: 0 row: 0 column: 21 addr: 0X22B20[0m
[1;33m[1;35m [ReturnDoneRead] cid: 0 clk: 75355 | READ | addr: 0X22B00[0m
[1;33m[1;35m [ReturnDoneRead] cid: 1 clk: 75355 | READ | addr: 0X22B20[0m
70607635: system.mem_ctrl: Read to address 142080 complete
70607635: system.mem_ctrl: Access for address 142080
70607635: system.mem_ctrl: Queuing response for address 142080
70615635: system.mem_ctrl: Attempting to send response
70615635: system.mem_ctrl: Have 0 read, 0 write, 0 responses outstanding
70664000: system.mem_ctrl: Enqueueing address 143168
[1;33m[1;35m [AddTransaction(RD)] cid: 2 clk: 75416 | READ | addr: 0X22F40[0m
[1;33m[1;35m [AddTransaction(RD)] cid: 3 clk: 75416 | READ | addr: 0X22F60[0m
[1;33m[1;36m [AddCommand] cid: 2 clk: 75416 | READ | (address) rank: 1 bankgroup: 2 bank: 0 row: 0 column: 23 addr: 0X22F40[0m
[1;33m[1;36m [AddCommand] cid: 3 clk: 75416 | READ | (address) rank: 1 bankgroup: 2 bank: 0 row: 0 column: 23 addr: 0X22F60[0m
[1;33m[1;36m [IssueCommand] cid: 2 clk: 75417 | ACTIVATE | (address) rank: 1 bankgroup: 2 bank: 0 row: 0 column: 23 addr: 0X22F40[0m
[1;33m[1;36m [IssueCommand] cid: 3 clk: 75417 | ACTIVATE | (address) rank: 1 bankgroup: 2 bank: 0 row: 0 column: 23 addr: 0X22F60[0m
[1;33m[1;36m [IssueCommand] cid: 2 clk: 75436 | READ | (address) rank: 1 bankgroup: 2 bank: 0 row: 0 column: 23 addr: 0X22F40[0m
[1;33m[1;36m [IssueCommand] cid: 3 clk: 75436 | READ | (address) rank: 1 bankgroup: 2 bank: 0 row: 0 column: 23 addr: 0X22F60[0m
[1;33m[1;35m [ReturnDoneRead] cid: 2 clk: 75461 | READ | addr: 0X22F40[0m
[1;33m[1;35m [ReturnDoneRead] cid: 3 clk: 75461 | READ | addr: 0X22F60[0m
70706957: system.mem_ctrl: Read to address 143168 complete
70706957: system.mem_ctrl: Access for address 143168
70706957: system.mem_ctrl: Queuing response for address 143168
70714957: system.mem_ctrl: Attempting to send response
70714957: system.mem_ctrl: Have 0 read, 0 write, 0 responses outstanding
70779000: system.mem_ctrl: Enqueueing address 143232
[1;33m[1;35m [AddTransaction(RD)] cid: 0 clk: 75538 | READ | addr: 0X22F80[0m
[1;33m[1;35m [AddTransaction(RD)] cid: 1 clk: 75538 | READ | addr: 0X22FA0[0m
[1;33m[1;36m [AddCommand] cid: 0 clk: 75538 | READ | (address) rank: 1 bankgroup: 3 bank: 0 row: 0 column: 23 addr: 0X22F80[0m
[1;33m[1;36m [AddCommand] cid: 1 clk: 75538 | READ | (address) rank: 1 bankgroup: 3 bank: 0 row: 0 column: 23 addr: 0X22FA0[0m
[1;33m[1;36m [IssueCommand] cid: 0 clk: 75539 | ACTIVATE | (address) rank: 1 bankgroup: 3 bank: 0 row: 0 column: 23 addr: 0X22F80[0m
[1;33m[1;36m [IssueCommand] cid: 1 clk: 75539 | ACTIVATE | (address) rank: 1 bankgroup: 3 bank: 0 row: 0 column: 23 addr: 0X22FA0[0m
[1;33m[1;36m [IssueCommand] cid: 0 clk: 75558 | READ | (address) rank: 1 bankgroup: 3 bank: 0 row: 0 column: 23 addr: 0X22F80[0m
[1;33m[1;36m [IssueCommand] cid: 1 clk: 75558 | READ | (address) rank: 1 bankgroup: 3 bank: 0 row: 0 column: 23 addr: 0X22FA0[0m
[1;33m[1;35m [ReturnDoneRead] cid: 0 clk: 75583 | READ | addr: 0X22F80[0m
[1;33m[1;35m [ReturnDoneRead] cid: 1 clk: 75583 | READ | addr: 0X22FA0[0m
70821271: system.mem_ctrl: Read to address 143232 complete
70821271: system.mem_ctrl: Access for address 143232
70821271: system.mem_ctrl: Queuing response for address 143232
70829271: system.mem_ctrl: Attempting to send response
70829271: system.mem_ctrl: Have 0 read, 0 write, 0 responses outstanding
70878000: system.mem_ctrl: Enqueueing address 140480
[1;33m[1;35m [AddTransaction(RD)] cid: 2 clk: 75644 | READ | addr: 0X224C0[0m
[1;33m[1;35m [AddTransaction(RD)] cid: 3 clk: 75644 | READ | addr: 0X224E0[0m
[1;33m[1;36m [AddCommand] cid: 2 clk: 75644 | READ | (address) rank: 1 bankgroup: 1 bank: 0 row: 0 column: 18 addr: 0X224C0[0m
[1;33m[1;36m [AddCommand] cid: 3 clk: 75644 | READ | (address) rank: 1 bankgroup: 1 bank: 0 row: 0 column: 18 addr: 0X224E0[0m
[1;33m[1;36m [IssueCommand] cid: 2 clk: 75645 | ACTIVATE | (address) rank: 1 bankgroup: 1 bank: 0 row: 0 column: 18 addr: 0X224C0[0m
[1;33m[1;36m [IssueCommand] cid: 3 clk: 75645 | ACTIVATE | (address) rank: 1 bankgroup: 1 bank: 0 row: 0 column: 18 addr: 0X224E0[0m
[1;33m[1;36m [IssueCommand] cid: 2 clk: 75664 | READ | (address) rank: 1 bankgroup: 1 bank: 0 row: 0 column: 18 addr: 0X224C0[0m
[1;33m[1;36m [IssueCommand] cid: 3 clk: 75664 | READ | (address) rank: 1 bankgroup: 1 bank: 0 row: 0 column: 18 addr: 0X224E0[0m
[1;33m[1;35m [ReturnDoneRead] cid: 2 clk: 75689 | READ | addr: 0X224C0[0m
[1;33m[1;35m [ReturnDoneRead] cid: 3 clk: 75689 | READ | addr: 0X224E0[0m
70920593: system.mem_ctrl: Read to address 140480 complete
70920593: system.mem_ctrl: Access for address 140480
70920593: system.mem_ctrl: Queuing response for address 140480
70928593: system.mem_ctrl: Attempting to send response
70928593: system.mem_ctrl: Have 0 read, 0 write, 0 responses outstanding
70997000: system.mem_ctrl: Enqueueing address 142272
[1;33m[1;35m [AddTransaction(RD)] cid: 2 clk: 75771 | READ | addr: 0X22BC0[0m
[1;33m[1;35m [AddTransaction(RD)] cid: 3 clk: 75771 | READ | addr: 0X22BE0[0m
[1;33m[1;36m [AddCommand] cid: 2 clk: 75771 | READ | (address) rank: 1 bankgroup: 3 bank: 0 row: 0 column: 21 addr: 0X22BC0[0m
[1;33m[1;36m [AddCommand] cid: 3 clk: 75771 | READ | (address) rank: 1 bankgroup: 3 bank: 0 row: 0 column: 21 addr: 0X22BE0[0m
[1;33m[1;36m [IssueCommand] cid: 2 clk: 75772 | ACTIVATE | (address) rank: 1 bankgroup: 3 bank: 0 row: 0 column: 21 addr: 0X22BC0[0m
[1;33m[1;36m [IssueCommand] cid: 3 clk: 75772 | ACTIVATE | (address) rank: 1 bankgroup: 3 bank: 0 row: 0 column: 21 addr: 0X22BE0[0m
[1;33m[1;36m [IssueCommand] cid: 2 clk: 75791 | READ | (address) rank: 1 bankgroup: 3 bank: 0 row: 0 column: 21 addr: 0X22BC0[0m
[1;33m[1;36m [IssueCommand] cid: 3 clk: 75791 | READ | (address) rank: 1 bankgroup: 3 bank: 0 row: 0 column: 21 addr: 0X22BE0[0m
[1;33m[1;35m [ReturnDoneRead] cid: 2 clk: 75816 | READ | addr: 0X22BC0[0m
[1;33m[1;35m [ReturnDoneRead] cid: 3 clk: 75816 | READ | addr: 0X22BE0[0m
71039592: system.mem_ctrl: Read to address 142272 complete
71039592: system.mem_ctrl: Access for address 142272
71039592: system.mem_ctrl: Queuing response for address 142272
71047592: system.mem_ctrl: Attempting to send response
71047592: system.mem_ctrl: Have 0 read, 0 write, 0 responses outstanding
71110000: system.mem_ctrl: Enqueueing address 144128
[1;33m[1;35m [AddTransaction(RD)] cid: 0 clk: 75892 | READ | addr: 0X23300[0m
[1;33m[1;35m [AddTransaction(RD)] cid: 1 clk: 75892 | READ | addr: 0X23320[0m
[1;33m[1;36m [AddCommand] cid: 0 clk: 75892 | READ | (address) rank: 1 bankgroup: 2 bank: 0 row: 0 column: 25 addr: 0X23300[0m
[1;33m[1;36m [AddCommand] cid: 1 clk: 75892 | READ | (address) rank: 1 bankgroup: 2 bank: 0 row: 0 column: 25 addr: 0X23320[0m
[1;33m[1;36m [IssueCommand] cid: 0 clk: 75893 | READ | (address) rank: 1 bankgroup: 2 bank: 0 row: 0 column: 25 addr: 0X23300[0m
[1;33m[1;36m [IssueCommand] cid: 1 clk: 75893 | READ | (address) rank: 1 bankgroup: 2 bank: 0 row: 0 column: 25 addr: 0X23320[0m
[1;33m[1;35m [ReturnDoneRead] cid: 0 clk: 75918 | READ | addr: 0X23300[0m
[1;33m[1;35m [ReturnDoneRead] cid: 1 clk: 75918 | READ | addr: 0X23320[0m
71135166: system.mem_ctrl: Read to address 144128 complete
71135166: system.mem_ctrl: Access for address 144128
71135166: system.mem_ctrl: Queuing response for address 144128
71143166: system.mem_ctrl: Attempting to send response
71143166: system.mem_ctrl: Have 0 read, 0 write, 0 responses outstanding
71196000: system.mem_ctrl: Enqueueing address 140544
[1;33m[1;35m [AddTransaction(RD)] cid: 0 clk: 75983 | READ | addr: 0X22500[0m
[1;33m[1;35m [AddTransaction(RD)] cid: 1 clk: 75983 | READ | addr: 0X22520[0m
[1;33m[1;36m [AddCommand] cid: 0 clk: 75983 | READ | (address) rank: 1 bankgroup: 2 bank: 0 row: 0 column: 18 addr: 0X22500[0m
[1;33m[1;36m [AddCommand] cid: 1 clk: 75983 | READ | (address) rank: 1 bankgroup: 2 bank: 0 row: 0 column: 18 addr: 0X22520[0m
[1;33m[1;36m [IssueCommand] cid: 0 clk: 75984 | READ | (address) rank: 1 bankgroup: 2 bank: 0 row: 0 column: 18 addr: 0X22500[0m
[1;33m[1;36m [IssueCommand] cid: 1 clk: 75984 | READ | (address) rank: 1 bankgroup: 2 bank: 0 row: 0 column: 18 addr: 0X22520[0m
[1;33m[1;35m [ReturnDoneRead] cid: 0 clk: 76009 | READ | addr: 0X22500[0m
[1;33m[1;35m [ReturnDoneRead] cid: 1 clk: 76009 | READ | addr: 0X22520[0m
71220433: system.mem_ctrl: Read to address 140544 complete
71220433: system.mem_ctrl: Access for address 140544
71220433: system.mem_ctrl: Queuing response for address 140544
71228433: system.mem_ctrl: Attempting to send response
71228433: system.mem_ctrl: Have 0 read, 0 write, 0 responses outstanding
71645000: system.mem_ctrl: Enqueueing address 139648
[1;33m[1;35m [AddTransaction(RD)] cid: 0 clk: 76463 | READ | addr: 0X22180[0m
[1;33m[1;35m [AddTransaction(RD)] cid: 1 clk: 76463 | READ | addr: 0X221A0[0m
[1;33m[1;36m [AddCommand] cid: 0 clk: 76463 | READ | (address) rank: 1 bankgroup: 3 bank: 0 row: 0 column: 16 addr: 0X22180[0m
[1;33m[1;36m [AddCommand] cid: 1 clk: 76463 | READ | (address) rank: 1 bankgroup: 3 bank: 0 row: 0 column: 16 addr: 0X221A0[0m
[1;33m[1;36m [IssueCommand] cid: 0 clk: 76464 | READ | (address) rank: 1 bankgroup: 3 bank: 0 row: 0 column: 16 addr: 0X22180[0m
[1;33m[1;36m [IssueCommand] cid: 1 clk: 76464 | READ | (address) rank: 1 bankgroup: 3 bank: 0 row: 0 column: 16 addr: 0X221A0[0m
[1;33m[1;35m [ReturnDoneRead] cid: 0 clk: 76489 | READ | addr: 0X22180[0m
[1;33m[1;35m [ReturnDoneRead] cid: 1 clk: 76489 | READ | addr: 0X221A0[0m
71670193: system.mem_ctrl: Read to address 139648 complete
71670193: system.mem_ctrl: Access for address 139648
71670193: system.mem_ctrl: Queuing response for address 139648
71678193: system.mem_ctrl: Attempting to send response
71678193: system.mem_ctrl: Have 0 read, 0 write, 0 responses outstanding
71727000: system.mem_ctrl: Enqueueing address 139712
[1;33m[1;35m [AddTransaction(RD)] cid: 2 clk: 76550 | READ | addr: 0X221C0[0m
[1;33m[1;35m [AddTransaction(RD)] cid: 3 clk: 76550 | READ | addr: 0X221E0[0m
[1;33m[1;36m [AddCommand] cid: 2 clk: 76550 | READ | (address) rank: 1 bankgroup: 3 bank: 0 row: 0 column: 16 addr: 0X221C0[0m
[1;33m[1;36m [AddCommand] cid: 3 clk: 76550 | READ | (address) rank: 1 bankgroup: 3 bank: 0 row: 0 column: 16 addr: 0X221E0[0m
[1;33m[1;36m [IssueCommand] cid: 2 clk: 76551 | READ | (address) rank: 1 bankgroup: 3 bank: 0 row: 0 column: 16 addr: 0X221C0[0m
[1;33m[1;36m [IssueCommand] cid: 3 clk: 76551 | READ | (address) rank: 1 bankgroup: 3 bank: 0 row: 0 column: 16 addr: 0X221E0[0m
[1;33m[1;35m [ReturnDoneRead] cid: 2 clk: 76576 | READ | addr: 0X221C0[0m
[1;33m[1;35m [ReturnDoneRead] cid: 3 clk: 76576 | READ | addr: 0X221E0[0m
71751712: system.mem_ctrl: Read to address 139712 complete
71751712: system.mem_ctrl: Access for address 139712
71751712: system.mem_ctrl: Queuing response for address 139712
71759712: system.mem_ctrl: Attempting to send response
71759712: system.mem_ctrl: Have 0 read, 0 write, 0 responses outstanding
[1;33m[1;36m [IssueCommand] cid: 0 clk: 77071 | PRECHARGE | (address) rank: 0 bankgroup: 3 bank: 2 row: -1 column: -1 addr: 0XFFFFFFFFFFFFFFFF[0m
[1;33m[1;36m [IssueCommand] cid: 1 clk: 77071 | PRECHARGE | (address) rank: 0 bankgroup: 3 bank: 2 row: -1 column: -1 addr: 0XFFFFFFFFFFFFFFFF[0m
[1;33m[1;36m [IssueCommand] cid: 2 clk: 77071 | REFRESH | (address) rank: 0 bankgroup: -1 bank: -1 row: -1 column: -1 addr: 0XFFFFFFFFFFFFFFFF[0m
[1;33m[1;36m [IssueCommand] cid: 3 clk: 77071 | REFRESH | (address) rank: 0 bankgroup: -1 bank: -1 row: -1 column: -1 addr: 0XFFFFFFFFFFFFFFFF[0m
[1;33m[1;36m [IssueCommand] cid: 0 clk: 77072 | PRECHARGE | (address) rank: 0 bankgroup: 3 bank: 3 row: -1 column: -1 addr: 0XFFFFFFFFFFFFFFFF[0m
[1;33m[1;36m [IssueCommand] cid: 1 clk: 77072 | PRECHARGE | (address) rank: 0 bankgroup: 3 bank: 3 row: -1 column: -1 addr: 0XFFFFFFFFFFFFFFFF[0m
[1;33m[1;36m [IssueCommand] cid: 0 clk: 77091 | REFRESH | (address) rank: 0 bankgroup: -1 bank: -1 row: -1 column: -1 addr: 0XFFFFFFFFFFFFFFFF[0m
[1;33m[1;36m [IssueCommand] cid: 1 clk: 77091 | REFRESH | (address) rank: 0 bankgroup: -1 bank: -1 row: -1 column: -1 addr: 0XFFFFFFFFFFFFFFFF[0m
72536000: system.mem_ctrl: Enqueueing address 142144
[1;33m[1;35m [AddTransaction(RD)] cid: 2 clk: 77414 | READ | addr: 0X22B40[0m
[1;33m[1;35m [AddTransaction(RD)] cid: 3 clk: 77414 | READ | addr: 0X22B60[0m
[1;33m[1;36m [AddCommand] cid: 2 clk: 77414 | READ | (address) rank: 1 bankgroup: 2 bank: 0 row: 0 column: 21 addr: 0X22B40[0m
[1;33m[1;36m [AddCommand] cid: 3 clk: 77414 | READ | (address) rank: 1 bankgroup: 2 bank: 0 row: 0 column: 21 addr: 0X22B60[0m
[1;33m[1;36m [IssueCommand] cid: 2 clk: 77415 | READ | (address) rank: 1 bankgroup: 2 bank: 0 row: 0 column: 21 addr: 0X22B40[0m
[1;33m[1;36m [IssueCommand] cid: 3 clk: 77415 | READ | (address) rank: 1 bankgroup: 2 bank: 0 row: 0 column: 21 addr: 0X22B60[0m
[1;33m[1;35m [ReturnDoneRead] cid: 2 clk: 77440 | READ | addr: 0X22B40[0m
[1;33m[1;35m [ReturnDoneRead] cid: 3 clk: 77440 | READ | addr: 0X22B60[0m
72561280: system.mem_ctrl: Read to address 142144 complete
72561280: system.mem_ctrl: Access for address 142144
72561280: system.mem_ctrl: Queuing response for address 142144
72569280: system.mem_ctrl: Attempting to send response
72569280: system.mem_ctrl: Have 0 read, 0 write, 0 responses outstanding
72626000: system.mem_ctrl: Enqueueing address 141824
[1;33m[1;35m [AddTransaction(RD)] cid: 0 clk: 77510 | READ | addr: 0X22A00[0m
[1;33m[1;35m [AddTransaction(RD)] cid: 1 clk: 77510 | READ | addr: 0X22A20[0m
[1;33m[1;36m [AddCommand] cid: 0 clk: 77510 | READ | (address) rank: 1 bankgroup: 0 bank: 0 row: 0 column: 21 addr: 0X22A00[0m
[1;33m[1;36m [AddCommand] cid: 1 clk: 77510 | READ | (address) rank: 1 bankgroup: 0 bank: 0 row: 0 column: 21 addr: 0X22A20[0m
[1;33m[1;36m [IssueCommand] cid: 0 clk: 77511 | ACTIVATE | (address) rank: 1 bankgroup: 0 bank: 0 row: 0 column: 21 addr: 0X22A00[0m
[1;33m[1;36m [IssueCommand] cid: 1 clk: 77511 | ACTIVATE | (address) rank: 1 bankgroup: 0 bank: 0 row: 0 column: 21 addr: 0X22A20[0m
[1;33m[1;36m [IssueCommand] cid: 0 clk: 77530 | READ | (address) rank: 1 bankgroup: 0 bank: 0 row: 0 column: 21 addr: 0X22A00[0m
[1;33m[1;36m [IssueCommand] cid: 1 clk: 77530 | READ | (address) rank: 1 bankgroup: 0 bank: 0 row: 0 column: 21 addr: 0X22A20[0m
[1;33m[1;35m [ReturnDoneRead] cid: 0 clk: 77555 | READ | addr: 0X22A00[0m
[1;33m[1;35m [ReturnDoneRead] cid: 1 clk: 77555 | READ | addr: 0X22A20[0m
72669035: system.mem_ctrl: Read to address 141824 complete
72669035: system.mem_ctrl: Access for address 141824
72669035: system.mem_ctrl: Queuing response for address 141824
72677035: system.mem_ctrl: Attempting to send response
72677035: system.mem_ctrl: Have 0 read, 0 write, 0 responses outstanding
[1;33m[1;36m [IssueCommand] cid: 0 clk: 79154 | PRECHARGE | (address) rank: 1 bankgroup: 0 bank: 0 row: -1 column: -1 addr: 0XFFFFFFFFFFFFFFFF[0m
[1;33m[1;36m [IssueCommand] cid: 1 clk: 79154 | PRECHARGE | (address) rank: 1 bankgroup: 0 bank: 0 row: -1 column: -1 addr: 0XFFFFFFFFFFFFFFFF[0m
[1;33m[1;36m [IssueCommand] cid: 2 clk: 79154 | PRECHARGE | (address) rank: 1 bankgroup: 1 bank: 0 row: -1 column: -1 addr: 0XFFFFFFFFFFFFFFFF[0m
[1;33m[1;36m [IssueCommand] cid: 3 clk: 79154 | PRECHARGE | (address) rank: 1 bankgroup: 1 bank: 0 row: -1 column: -1 addr: 0XFFFFFFFFFFFFFFFF[0m
[1;33m[1;36m [IssueCommand] cid: 0 clk: 79155 | PRECHARGE | (address) rank: 1 bankgroup: 2 bank: 0 row: -1 column: -1 addr: 0XFFFFFFFFFFFFFFFF[0m
[1;33m[1;36m [IssueCommand] cid: 1 clk: 79155 | PRECHARGE | (address) rank: 1 bankgroup: 2 bank: 0 row: -1 column: -1 addr: 0XFFFFFFFFFFFFFFFF[0m
[1;33m[1;36m [IssueCommand] cid: 2 clk: 79155 | PRECHARGE | (address) rank: 1 bankgroup: 2 bank: 0 row: -1 column: -1 addr: 0XFFFFFFFFFFFFFFFF[0m
[1;33m[1;36m [IssueCommand] cid: 3 clk: 79155 | PRECHARGE | (address) rank: 1 bankgroup: 2 bank: 0 row: -1 column: -1 addr: 0XFFFFFFFFFFFFFFFF[0m
[1;33m[1;36m [IssueCommand] cid: 0 clk: 79156 | PRECHARGE | (address) rank: 1 bankgroup: 3 bank: 0 row: -1 column: -1 addr: 0XFFFFFFFFFFFFFFFF[0m
[1;33m[1;36m [IssueCommand] cid: 1 clk: 79156 | PRECHARGE | (address) rank: 1 bankgroup: 3 bank: 0 row: -1 column: -1 addr: 0XFFFFFFFFFFFFFFFF[0m
[1;33m[1;36m [IssueCommand] cid: 2 clk: 79156 | PRECHARGE | (address) rank: 1 bankgroup: 3 bank: 0 row: -1 column: -1 addr: 0XFFFFFFFFFFFFFFFF[0m
[1;33m[1;36m [IssueCommand] cid: 3 clk: 79156 | PRECHARGE | (address) rank: 1 bankgroup: 3 bank: 0 row: -1 column: -1 addr: 0XFFFFFFFFFFFFFFFF[0m
[1;33m[1;36m [IssueCommand] cid: 0 clk: 79175 | REFRESH | (address) rank: 1 bankgroup: -1 bank: -1 row: -1 column: -1 addr: 0XFFFFFFFFFFFFFFFF[0m
[1;33m[1;36m [IssueCommand] cid: 1 clk: 79175 | REFRESH | (address) rank: 1 bankgroup: -1 bank: -1 row: -1 column: -1 addr: 0XFFFFFFFFFFFFFFFF[0m
[1;33m[1;36m [IssueCommand] cid: 2 clk: 79175 | REFRESH | (address) rank: 1 bankgroup: -1 bank: -1 row: -1 column: -1 addr: 0XFFFFFFFFFFFFFFFF[0m
[1;33m[1;36m [IssueCommand] cid: 3 clk: 79175 | REFRESH | (address) rank: 1 bankgroup: -1 bank: -1 row: -1 column: -1 addr: 0XFFFFFFFFFFFFFFFF[0m
75046000: system.mem_ctrl: Enqueueing address 207168
[1;33m[1;35m [AddTransaction(RD)] cid: 2 clk: 80092 | READ | addr: 0X32940[0m
[1;33m[1;35m [AddTransaction(RD)] cid: 3 clk: 80092 | READ | addr: 0X32960[0m
[1;33m[1;36m [AddCommand] cid: 2 clk: 80092 | READ | (address) rank: 1 bankgroup: 2 bank: 2 row: 0 column: 20 addr: 0X32940[0m
[1;33m[1;36m [AddCommand] cid: 3 clk: 80092 | READ | (address) rank: 1 bankgroup: 2 bank: 2 row: 0 column: 20 addr: 0X32960[0m
[1;33m[1;36m [IssueCommand] cid: 2 clk: 80093 | ACTIVATE | (address) rank: 1 bankgroup: 2 bank: 2 row: 0 column: 20 addr: 0X32940[0m
[1;33m[1;36m [IssueCommand] cid: 3 clk: 80093 | ACTIVATE | (address) rank: 1 bankgroup: 2 bank: 2 row: 0 column: 20 addr: 0X32960[0m
[1;33m[1;36m [IssueCommand] cid: 2 clk: 80112 | READ | (address) rank: 1 bankgroup: 2 bank: 2 row: 0 column: 20 addr: 0X32940[0m
[1;33m[1;36m [IssueCommand] cid: 3 clk: 80112 | READ | (address) rank: 1 bankgroup: 2 bank: 2 row: 0 column: 20 addr: 0X32960[0m
[1;33m[1;35m [ReturnDoneRead] cid: 2 clk: 80137 | READ | addr: 0X32940[0m
[1;33m[1;35m [ReturnDoneRead] cid: 3 clk: 80137 | READ | addr: 0X32960[0m
75088369: system.mem_ctrl: Read to address 207168 complete
75088369: system.mem_ctrl: Access for address 207168
75088369: system.mem_ctrl: Queuing response for address 207168
75096369: system.mem_ctrl: Attempting to send response
75096369: system.mem_ctrl: Have 0 read, 0 write, 0 responses outstanding
75841000: system.mem_ctrl: Enqueueing address 269696
[1;33m[1;35m [AddTransaction(RD)] cid: 0 clk: 80941 | READ | addr: 0X41D80[0m
[1;33m[1;35m [AddTransaction(RD)] cid: 1 clk: 80941 | READ | addr: 0X41DA0[0m
[1;33m[1;36m [AddCommand] cid: 0 clk: 80941 | READ | (address) rank: 0 bankgroup: 3 bank: 0 row: 1 column: 14 addr: 0X41D80[0m
[1;33m[1;36m [AddCommand] cid: 1 clk: 80941 | READ | (address) rank: 0 bankgroup: 3 bank: 0 row: 1 column: 14 addr: 0X41DA0[0m
[1;33m[1;36m [IssueCommand] cid: 0 clk: 80942 | ACTIVATE | (address) rank: 0 bankgroup: 3 bank: 0 row: 1 column: 14 addr: 0X41D80[0m
[1;33m[1;36m [IssueCommand] cid: 1 clk: 80942 | ACTIVATE | (address) rank: 0 bankgroup: 3 bank: 0 row: 1 column: 14 addr: 0X41DA0[0m
[1;33m[1;36m [IssueCommand] cid: 0 clk: 80961 | READ | (address) rank: 0 bankgroup: 3 bank: 0 row: 1 column: 14 addr: 0X41D80[0m
[1;33m[1;36m [IssueCommand] cid: 1 clk: 80961 | READ | (address) rank: 0 bankgroup: 3 bank: 0 row: 1 column: 14 addr: 0X41DA0[0m
[1;33m[1;35m [ReturnDoneRead] cid: 0 clk: 80986 | READ | addr: 0X41D80[0m
[1;33m[1;35m [ReturnDoneRead] cid: 1 clk: 80986 | READ | addr: 0X41DA0[0m
75883882: system.mem_ctrl: Read to address 269696 complete
75883882: system.mem_ctrl: Access for address 269696
75883882: system.mem_ctrl: Queuing response for address 269696
75891882: system.mem_ctrl: Attempting to send response
75891882: system.mem_ctrl: Have 0 read, 0 write, 0 responses outstanding
[1;33m[1;36m [IssueCommand] cid: 0 clk: 81237 | PRECHARGE | (address) rank: 0 bankgroup: 3 bank: 0 row: -1 column: -1 addr: 0XFFFFFFFFFFFFFFFF[0m
[1;33m[1;36m [IssueCommand] cid: 1 clk: 81237 | PRECHARGE | (address) rank: 0 bankgroup: 3 bank: 0 row: -1 column: -1 addr: 0XFFFFFFFFFFFFFFFF[0m
[1;33m[1;36m [IssueCommand] cid: 2 clk: 81237 | REFRESH | (address) rank: 0 bankgroup: -1 bank: -1 row: -1 column: -1 addr: 0XFFFFFFFFFFFFFFFF[0m
[1;33m[1;36m [IssueCommand] cid: 3 clk: 81237 | REFRESH | (address) rank: 0 bankgroup: -1 bank: -1 row: -1 column: -1 addr: 0XFFFFFFFFFFFFFFFF[0m
[1;33m[1;36m [IssueCommand] cid: 0 clk: 81256 | REFRESH | (address) rank: 0 bankgroup: -1 bank: -1 row: -1 column: -1 addr: 0XFFFFFFFFFFFFFFFF[0m
[1;33m[1;36m [IssueCommand] cid: 1 clk: 81256 | REFRESH | (address) rank: 0 bankgroup: -1 bank: -1 row: -1 column: -1 addr: 0XFFFFFFFFFFFFFFFF[0m
[1;33m[1;36m [IssueCommand] cid: 0 clk: 83320 | REFRESH | (address) rank: 1 bankgroup: -1 bank: -1 row: -1 column: -1 addr: 0XFFFFFFFFFFFFFFFF[0m
[1;33m[1;36m [IssueCommand] cid: 1 clk: 83320 | REFRESH | (address) rank: 1 bankgroup: -1 bank: -1 row: -1 column: -1 addr: 0XFFFFFFFFFFFFFFFF[0m
[1;33m[1;36m [IssueCommand] cid: 2 clk: 83320 | PRECHARGE | (address) rank: 1 bankgroup: 2 bank: 2 row: -1 column: -1 addr: 0XFFFFFFFFFFFFFFFF[0m
[1;33m[1;36m [IssueCommand] cid: 3 clk: 83320 | PRECHARGE | (address) rank: 1 bankgroup: 2 bank: 2 row: -1 column: -1 addr: 0XFFFFFFFFFFFFFFFF[0m
[1;33m[1;36m [IssueCommand] cid: 2 clk: 83339 | REFRESH | (address) rank: 1 bankgroup: -1 bank: -1 row: -1 column: -1 addr: 0XFFFFFFFFFFFFFFFF[0m
[1;33m[1;36m [IssueCommand] cid: 3 clk: 83339 | REFRESH | (address) rank: 1 bankgroup: -1 bank: -1 row: -1 column: -1 addr: 0XFFFFFFFFFFFFFFFF[0m
78850000: system.mem_ctrl: Enqueueing address 139328
[1;33m[1;35m [AddTransaction(RD)] cid: 2 clk: 84152 | READ | addr: 0X22040[0m
[1;33m[1;35m [AddTransaction(RD)] cid: 3 clk: 84152 | READ | addr: 0X22060[0m
[1;33m[1;36m [AddCommand] cid: 2 clk: 84152 | READ | (address) rank: 1 bankgroup: 0 bank: 0 row: 0 column: 16 addr: 0X22040[0m
[1;33m[1;36m [AddCommand] cid: 3 clk: 84152 | READ | (address) rank: 1 bankgroup: 0 bank: 0 row: 0 column: 16 addr: 0X22060[0m
[1;33m[1;36m [IssueCommand] cid: 2 clk: 84153 | ACTIVATE | (address) rank: 1 bankgroup: 0 bank: 0 row: 0 column: 16 addr: 0X22040[0m
[1;33m[1;36m [IssueCommand] cid: 3 clk: 84153 | ACTIVATE | (address) rank: 1 bankgroup: 0 bank: 0 row: 0 column: 16 addr: 0X22060[0m
[1;33m[1;36m [IssueCommand] cid: 2 clk: 84172 | READ | (address) rank: 1 bankgroup: 0 bank: 0 row: 0 column: 16 addr: 0X22040[0m
[1;33m[1;36m [IssueCommand] cid: 3 clk: 84172 | READ | (address) rank: 1 bankgroup: 0 bank: 0 row: 0 column: 16 addr: 0X22060[0m
[1;33m[1;35m [ReturnDoneRead] cid: 2 clk: 84197 | READ | addr: 0X22040[0m
[1;33m[1;35m [ReturnDoneRead] cid: 3 clk: 84197 | READ | addr: 0X22060[0m
78892589: system.mem_ctrl: Read to address 139328 complete
78892589: system.mem_ctrl: Access for address 139328
78892589: system.mem_ctrl: Queuing response for address 139328
78900589: system.mem_ctrl: Attempting to send response
78900589: system.mem_ctrl: Have 0 read, 0 write, 0 responses outstanding
[1;33m[1;36m [IssueCommand] cid: 0 clk: 85403 | REFRESH | (address) rank: 0 bankgroup: -1 bank: -1 row: -1 column: -1 addr: 0XFFFFFFFFFFFFFFFF[0m
[1;33m[1;36m [IssueCommand] cid: 1 clk: 85403 | REFRESH | (address) rank: 0 bankgroup: -1 bank: -1 row: -1 column: -1 addr: 0XFFFFFFFFFFFFFFFF[0m
[1;33m[1;36m [IssueCommand] cid: 2 clk: 85403 | REFRESH | (address) rank: 0 bankgroup: -1 bank: -1 row: -1 column: -1 addr: 0XFFFFFFFFFFFFFFFF[0m
[1;33m[1;36m [IssueCommand] cid: 3 clk: 85403 | REFRESH | (address) rank: 0 bankgroup: -1 bank: -1 row: -1 column: -1 addr: 0XFFFFFFFFFFFFFFFF[0m
80025000: system.mem_ctrl: Enqueueing address 68416
[1;33m[1;35m [AddTransaction(RD)] cid: 2 clk: 85406 | READ | addr: 0X10B40[0m
[1;33m[1;35m [AddTransaction(RD)] cid: 3 clk: 85406 | READ | addr: 0X10B60[0m
[1;33m[1;36m [AddCommand] cid: 2 clk: 85406 | READ | (address) rank: 0 bankgroup: 2 bank: 2 row: 0 column: 5 addr: 0X10B40[0m
[1;33m[1;36m [AddCommand] cid: 3 clk: 85406 | READ | (address) rank: 0 bankgroup: 2 bank: 2 row: 0 column: 5 addr: 0X10B60[0m
[1;33m[1;36m [IssueCommand] cid: 2 clk: 85702 | ACTIVATE | (address) rank: 0 bankgroup: 2 bank: 2 row: 0 column: 5 addr: 0X10B40[0m
[1;33m[1;36m [IssueCommand] cid: 3 clk: 85702 | ACTIVATE | (address) rank: 0 bankgroup: 2 bank: 2 row: 0 column: 5 addr: 0X10B60[0m
[1;33m[1;36m [IssueCommand] cid: 2 clk: 85721 | READ | (address) rank: 0 bankgroup: 2 bank: 2 row: 0 column: 5 addr: 0X10B40[0m
[1;33m[1;36m [IssueCommand] cid: 3 clk: 85721 | READ | (address) rank: 0 bankgroup: 2 bank: 2 row: 0 column: 5 addr: 0X10B60[0m
[1;33m[1;35m [ReturnDoneRead] cid: 2 clk: 85746 | READ | addr: 0X10B40[0m
[1;33m[1;35m [ReturnDoneRead] cid: 3 clk: 85746 | READ | addr: 0X10B60[0m
80344002: system.mem_ctrl: Read to address 68416 complete
80344002: system.mem_ctrl: Access for address 68416
80344002: system.mem_ctrl: Queuing response for address 68416
80352002: system.mem_ctrl: Attempting to send response
80352002: system.mem_ctrl: Have 0 read, 0 write, 0 responses outstanding
80481000: system.mem_ctrl: Enqueueing address 458880
[1;33m[1;35m [AddTransaction(RD)] cid: 0 clk: 85893 | READ | addr: 0X70080[0m
[1;33m[1;35m [AddTransaction(RD)] cid: 1 clk: 85893 | READ | addr: 0X700A0[0m
[1;33m[1;36m [AddCommand] cid: 0 clk: 85893 | READ | (address) rank: 1 bankgroup: 1 bank: 2 row: 1 column: 0 addr: 0X70080[0m
[1;33m[1;36m [AddCommand] cid: 1 clk: 85893 | READ | (address) rank: 1 bankgroup: 1 bank: 2 row: 1 column: 0 addr: 0X700A0[0m
[1;33m[1;36m [IssueCommand] cid: 0 clk: 85894 | ACTIVATE | (address) rank: 1 bankgroup: 1 bank: 2 row: 1 column: 0 addr: 0X70080[0m
[1;33m[1;36m [IssueCommand] cid: 1 clk: 85894 | ACTIVATE | (address) rank: 1 bankgroup: 1 bank: 2 row: 1 column: 0 addr: 0X700A0[0m
[1;33m[1;36m [IssueCommand] cid: 0 clk: 85913 | READ | (address) rank: 1 bankgroup: 1 bank: 2 row: 1 column: 0 addr: 0X70080[0m
[1;33m[1;36m [IssueCommand] cid: 1 clk: 85913 | READ | (address) rank: 1 bankgroup: 1 bank: 2 row: 1 column: 0 addr: 0X700A0[0m
[1;33m[1;35m [ReturnDoneRead] cid: 0 clk: 85938 | READ | addr: 0X70080[0m
[1;33m[1;35m [ReturnDoneRead] cid: 1 clk: 85938 | READ | addr: 0X700A0[0m
80523906: system.mem_ctrl: Read to address 458880 complete
80523906: system.mem_ctrl: Access for address 458880
80523906: system.mem_ctrl: Queuing response for address 458880
80531906: system.mem_ctrl: Attempting to send response
80531906: system.mem_ctrl: Have 0 read, 0 write, 0 responses outstanding
[1;33m[1;36m [IssueCommand] cid: 0 clk: 87486 | PRECHARGE | (address) rank: 1 bankgroup: 1 bank: 2 row: -1 column: -1 addr: 0XFFFFFFFFFFFFFFFF[0m
[1;33m[1;36m [IssueCommand] cid: 1 clk: 87486 | PRECHARGE | (address) rank: 1 bankgroup: 1 bank: 2 row: -1 column: -1 addr: 0XFFFFFFFFFFFFFFFF[0m
[1;33m[1;36m [IssueCommand] cid: 2 clk: 87486 | PRECHARGE | (address) rank: 1 bankgroup: 0 bank: 0 row: -1 column: -1 addr: 0XFFFFFFFFFFFFFFFF[0m
[1;33m[1;36m [IssueCommand] cid: 3 clk: 87486 | PRECHARGE | (address) rank: 1 bankgroup: 0 bank: 0 row: -1 column: -1 addr: 0XFFFFFFFFFFFFFFFF[0m
[1;33m[1;36m [IssueCommand] cid: 0 clk: 87505 | REFRESH | (address) rank: 1 bankgroup: -1 bank: -1 row: -1 column: -1 addr: 0XFFFFFFFFFFFFFFFF[0m
[1;33m[1;36m [IssueCommand] cid: 1 clk: 87505 | REFRESH | (address) rank: 1 bankgroup: -1 bank: -1 row: -1 column: -1 addr: 0XFFFFFFFFFFFFFFFF[0m
[1;33m[1;36m [IssueCommand] cid: 2 clk: 87505 | REFRESH | (address) rank: 1 bankgroup: -1 bank: -1 row: -1 column: -1 addr: 0XFFFFFFFFFFFFFFFF[0m
[1;33m[1;36m [IssueCommand] cid: 3 clk: 87505 | REFRESH | (address) rank: 1 bankgroup: -1 bank: -1 row: -1 column: -1 addr: 0XFFFFFFFFFFFFFFFF[0m
[1;33m[1;36m [IssueCommand] cid: 0 clk: 89569 | REFRESH | (address) rank: 0 bankgroup: -1 bank: -1 row: -1 column: -1 addr: 0XFFFFFFFFFFFFFFFF[0m
[1;33m[1;36m [IssueCommand] cid: 1 clk: 89569 | REFRESH | (address) rank: 0 bankgroup: -1 bank: -1 row: -1 column: -1 addr: 0XFFFFFFFFFFFFFFFF[0m
[1;33m[1;36m [IssueCommand] cid: 2 clk: 89569 | PRECHARGE | (address) rank: 0 bankgroup: 2 bank: 2 row: -1 column: -1 addr: 0XFFFFFFFFFFFFFFFF[0m
[1;33m[1;36m [IssueCommand] cid: 3 clk: 89569 | PRECHARGE | (address) rank: 0 bankgroup: 2 bank: 2 row: -1 column: -1 addr: 0XFFFFFFFFFFFFFFFF[0m
[1;33m[1;36m [IssueCommand] cid: 2 clk: 89588 | REFRESH | (address) rank: 0 bankgroup: -1 bank: -1 row: -1 column: -1 addr: 0XFFFFFFFFFFFFFFFF[0m
[1;33m[1;36m [IssueCommand] cid: 3 clk: 89588 | REFRESH | (address) rank: 0 bankgroup: -1 bank: -1 row: -1 column: -1 addr: 0XFFFFFFFFFFFFFFFF[0m
85840000: system.mem_ctrl: Enqueueing address 68544
[1;33m[1;35m [AddTransaction(RD)] cid: 2 clk: 91612 | READ | addr: 0X10BC0[0m
[1;33m[1;35m [AddTransaction(RD)] cid: 3 clk: 91612 | READ | addr: 0X10BE0[0m
[1;33m[1;36m [AddCommand] cid: 2 clk: 91612 | READ | (address) rank: 0 bankgroup: 3 bank: 2 row: 0 column: 5 addr: 0X10BC0[0m
[1;33m[1;36m [AddCommand] cid: 3 clk: 91612 | READ | (address) rank: 0 bankgroup: 3 bank: 2 row: 0 column: 5 addr: 0X10BE0[0m
[1;33m[1;36m [IssueCommand] cid: 2 clk: 91613 | ACTIVATE | (address) rank: 0 bankgroup: 3 bank: 2 row: 0 column: 5 addr: 0X10BC0[0m
[1;33m[1;36m [IssueCommand] cid: 3 clk: 91613 | ACTIVATE | (address) rank: 0 bankgroup: 3 bank: 2 row: 0 column: 5 addr: 0X10BE0[0m
[1;33m[1;36m [IssueCommand] cid: 2 clk: 91632 | READ | (address) rank: 0 bankgroup: 3 bank: 2 row: 0 column: 5 addr: 0X10BC0[0m
[1;33m[1;36m [IssueCommand] cid: 3 clk: 91632 | READ | (address) rank: 0 bankgroup: 3 bank: 2 row: 0 column: 5 addr: 0X10BE0[0m
[1;33m[1;36m [IssueCommand] cid: 0 clk: 91652 | REFRESH | (address) rank: 1 bankgroup: -1 bank: -1 row: -1 column: -1 addr: 0XFFFFFFFFFFFFFFFF[0m
[1;33m[1;36m [IssueCommand] cid: 1 clk: 91652 | REFRESH | (address) rank: 1 bankgroup: -1 bank: -1 row: -1 column: -1 addr: 0XFFFFFFFFFFFFFFFF[0m
[1;33m[1;36m [IssueCommand] cid: 2 clk: 91652 | REFRESH | (address) rank: 1 bankgroup: -1 bank: -1 row: -1 column: -1 addr: 0XFFFFFFFFFFFFFFFF[0m
[1;33m[1;36m [IssueCommand] cid: 3 clk: 91652 | REFRESH | (address) rank: 1 bankgroup: -1 bank: -1 row: -1 column: -1 addr: 0XFFFFFFFFFFFFFFFF[0m
[1;33m[1;35m [ReturnDoneRead] cid: 2 clk: 91657 | READ | addr: 0X10BC0[0m
[1;33m[1;35m [ReturnDoneRead] cid: 3 clk: 91657 | READ | addr: 0X10BE0[0m
85882609: system.mem_ctrl: Read to address 68544 complete
85882609: system.mem_ctrl: Access for address 68544
85882609: system.mem_ctrl: Queuing response for address 68544
85890609: system.mem_ctrl: Attempting to send response
85890609: system.mem_ctrl: Have 0 read, 0 write, 0 responses outstanding
85941000: system.mem_ctrl: Enqueueing address 68608
[1;33m[1;35m [AddTransaction(RD)] cid: 0 clk: 91720 | READ | addr: 0X10C00[0m
[1;33m[1;35m [AddTransaction(RD)] cid: 1 clk: 91720 | READ | addr: 0X10C20[0m
[1;33m[1;36m [AddCommand] cid: 0 clk: 91720 | READ | (address) rank: 0 bankgroup: 0 bank: 2 row: 0 column: 6 addr: 0X10C00[0m
[1;33m[1;36m [AddCommand] cid: 1 clk: 91720 | READ | (address) rank: 0 bankgroup: 0 bank: 2 row: 0 column: 6 addr: 0X10C20[0m
[1;33m[1;36m [IssueCommand] cid: 0 clk: 91721 | ACTIVATE | (address) rank: 0 bankgroup: 0 bank: 2 row: 0 column: 6 addr: 0X10C00[0m
[1;33m[1;36m [IssueCommand] cid: 1 clk: 91721 | ACTIVATE | (address) rank: 0 bankgroup: 0 bank: 2 row: 0 column: 6 addr: 0X10C20[0m
[1;33m[1;36m [IssueCommand] cid: 0 clk: 91740 | READ | (address) rank: 0 bankgroup: 0 bank: 2 row: 0 column: 6 addr: 0X10C00[0m
[1;33m[1;36m [IssueCommand] cid: 1 clk: 91740 | READ | (address) rank: 0 bankgroup: 0 bank: 2 row: 0 column: 6 addr: 0X10C20[0m
[1;33m[1;35m [ReturnDoneRead] cid: 0 clk: 91765 | READ | addr: 0X10C00[0m
[1;33m[1;35m [ReturnDoneRead] cid: 1 clk: 91765 | READ | addr: 0X10C20[0m
85983805: system.mem_ctrl: Read to address 68608 complete
85983805: system.mem_ctrl: Access for address 68608
85983805: system.mem_ctrl: Queuing response for address 68608
85991805: system.mem_ctrl: Attempting to send response
85991805: system.mem_ctrl: Have 0 read, 0 write, 0 responses outstanding
87820000: system.mem_ctrl: Enqueueing address 22336
[1;33m[1;35m [AddTransaction(RD)] cid: 2 clk: 93725 | READ | addr: 0X5740[0m
[1;33m[1;35m [AddTransaction(RD)] cid: 3 clk: 93725 | READ | addr: 0X5760[0m
[1;33m[1;36m [AddCommand] cid: 2 clk: 93725 | READ | (address) rank: 0 bankgroup: 2 bank: 0 row: 0 column: 43 addr: 0X5740[0m
[1;33m[1;36m [AddCommand] cid: 3 clk: 93725 | READ | (address) rank: 0 bankgroup: 2 bank: 0 row: 0 column: 43 addr: 0X5760[0m
[1;33m[1;36m [IssueCommand] cid: 2 clk: 93726 | ACTIVATE | (address) rank: 0 bankgroup: 2 bank: 0 row: 0 column: 43 addr: 0X5740[0m
[1;33m[1;36m [IssueCommand] cid: 3 clk: 93726 | ACTIVATE | (address) rank: 0 bankgroup: 2 bank: 0 row: 0 column: 43 addr: 0X5760[0m
[1;33m[1;36m [IssueCommand] cid: 0 clk: 93735 | PRECHARGE | (address) rank: 0 bankgroup: 0 bank: 2 row: -1 column: -1 addr: 0XFFFFFFFFFFFFFFFF[0m
[1;33m[1;36m [IssueCommand] cid: 1 clk: 93735 | PRECHARGE | (address) rank: 0 bankgroup: 0 bank: 2 row: -1 column: -1 addr: 0XFFFFFFFFFFFFFFFF[0m
[1;33m[1;36m [IssueCommand] cid: 2 clk: 93735 | PRECHARGE | (address) rank: 0 bankgroup: 2 bank: 0 row: -1 column: -1 addr: 0XFFFFFFFFFFFFFFFF[0m
[1;33m[1;36m [IssueCommand] cid: 3 clk: 93735 | PRECHARGE | (address) rank: 0 bankgroup: 2 bank: 0 row: -1 column: -1 addr: 0XFFFFFFFFFFFFFFFF[0m
[1;33m[1;36m [IssueCommand] cid: 2 clk: 93736 | PRECHARGE | (address) rank: 0 bankgroup: 3 bank: 2 row: -1 column: -1 addr: 0XFFFFFFFFFFFFFFFF[0m
[1;33m[1;36m [IssueCommand] cid: 3 clk: 93736 | PRECHARGE | (address) rank: 0 bankgroup: 3 bank: 2 row: -1 column: -1 addr: 0XFFFFFFFFFFFFFFFF[0m
[1;33m[1;36m [IssueCommand] cid: 0 clk: 93754 | REFRESH | (address) rank: 0 bankgroup: -1 bank: -1 row: -1 column: -1 addr: 0XFFFFFFFFFFFFFFFF[0m
[1;33m[1;36m [IssueCommand] cid: 1 clk: 93754 | REFRESH | (address) rank: 0 bankgroup: -1 bank: -1 row: -1 column: -1 addr: 0XFFFFFFFFFFFFFFFF[0m
[1;33m[1;36m [IssueCommand] cid: 2 clk: 93755 | REFRESH | (address) rank: 0 bankgroup: -1 bank: -1 row: -1 column: -1 addr: 0XFFFFFFFFFFFFFFFF[0m
[1;33m[1;36m [IssueCommand] cid: 3 clk: 93755 | REFRESH | (address) rank: 0 bankgroup: -1 bank: -1 row: -1 column: -1 addr: 0XFFFFFFFFFFFFFFFF[0m
[1;33m[1;36m [IssueCommand] cid: 2 clk: 94054 | ACTIVATE | (address) rank: 0 bankgroup: 2 bank: 0 row: 0 column: 43 addr: 0X5740[0m
[1;33m[1;36m [IssueCommand] cid: 3 clk: 94054 | ACTIVATE | (address) rank: 0 bankgroup: 2 bank: 0 row: 0 column: 43 addr: 0X5760[0m
[1;33m[1;36m [IssueCommand] cid: 2 clk: 94073 | READ | (address) rank: 0 bankgroup: 2 bank: 0 row: 0 column: 43 addr: 0X5740[0m
[1;33m[1;36m [IssueCommand] cid: 3 clk: 94073 | READ | (address) rank: 0 bankgroup: 2 bank: 0 row: 0 column: 43 addr: 0X5760[0m
[1;33m[1;35m [ReturnDoneRead] cid: 2 clk: 94098 | READ | addr: 0X5740[0m
[1;33m[1;35m [ReturnDoneRead] cid: 3 clk: 94098 | READ | addr: 0X5760[0m
88169826: system.mem_ctrl: Read to address 22336 complete
88169826: system.mem_ctrl: Access for address 22336
88169826: system.mem_ctrl: Queuing response for address 22336
88177826: system.mem_ctrl: Attempting to send response
88177826: system.mem_ctrl: Have 0 read, 0 write, 0 responses outstanding
88326000: system.mem_ctrl: Enqueueing address 269760
[1;33m[1;35m [AddTransaction(RD)] cid: 2 clk: 94265 | READ | addr: 0X41DC0[0m
[1;33m[1;35m [AddTransaction(RD)] cid: 3 clk: 94265 | READ | addr: 0X41DE0[0m
[1;33m[1;36m [AddCommand] cid: 2 clk: 94265 | READ | (address) rank: 0 bankgroup: 3 bank: 0 row: 1 column: 14 addr: 0X41DC0[0m
[1;33m[1;36m [AddCommand] cid: 3 clk: 94265 | READ | (address) rank: 0 bankgroup: 3 bank: 0 row: 1 column: 14 addr: 0X41DE0[0m
[1;33m[1;36m [IssueCommand] cid: 2 clk: 94266 | ACTIVATE | (address) rank: 0 bankgroup: 3 bank: 0 row: 1 column: 14 addr: 0X41DC0[0m
[1;33m[1;36m [IssueCommand] cid: 3 clk: 94266 | ACTIVATE | (address) rank: 0 bankgroup: 3 bank: 0 row: 1 column: 14 addr: 0X41DE0[0m
[1;33m[1;36m [IssueCommand] cid: 2 clk: 94285 | READ | (address) rank: 0 bankgroup: 3 bank: 0 row: 1 column: 14 addr: 0X41DC0[0m
[1;33m[1;36m [IssueCommand] cid: 3 clk: 94285 | READ | (address) rank: 0 bankgroup: 3 bank: 0 row: 1 column: 14 addr: 0X41DE0[0m
[1;33m[1;35m [ReturnDoneRead] cid: 2 clk: 94310 | READ | addr: 0X41DC0[0m
[1;33m[1;35m [ReturnDoneRead] cid: 3 clk: 94310 | READ | addr: 0X41DE0[0m
88368470: system.mem_ctrl: Read to address 269760 complete
88368470: system.mem_ctrl: Access for address 269760
88368470: system.mem_ctrl: Queuing response for address 269760
88376470: system.mem_ctrl: Attempting to send response
88376470: system.mem_ctrl: Have 0 read, 0 write, 0 responses outstanding
88573000: system.mem_ctrl: Enqueueing address 22400
[1;33m[1;35m [AddTransaction(RD)] cid: 0 clk: 94529 | READ | addr: 0X5780[0m
[1;33m[1;35m [AddTransaction(RD)] cid: 1 clk: 94529 | READ | addr: 0X57A0[0m
[1;33m[1;36m [AddCommand] cid: 0 clk: 94529 | READ | (address) rank: 0 bankgroup: 3 bank: 0 row: 0 column: 43 addr: 0X5780[0m
[1;33m[1;36m [AddCommand] cid: 1 clk: 94529 | READ | (address) rank: 0 bankgroup: 3 bank: 0 row: 0 column: 43 addr: 0X57A0[0m
[1;33m[1;36m [IssueCommand] cid: 0 clk: 94530 | ACTIVATE | (address) rank: 0 bankgroup: 3 bank: 0 row: 0 column: 43 addr: 0X5780[0m
[1;33m[1;36m [IssueCommand] cid: 1 clk: 94530 | ACTIVATE | (address) rank: 0 bankgroup: 3 bank: 0 row: 0 column: 43 addr: 0X57A0[0m
[1;33m[1;36m [IssueCommand] cid: 0 clk: 94549 | READ | (address) rank: 0 bankgroup: 3 bank: 0 row: 0 column: 43 addr: 0X5780[0m
[1;33m[1;36m [IssueCommand] cid: 1 clk: 94549 | READ | (address) rank: 0 bankgroup: 3 bank: 0 row: 0 column: 43 addr: 0X57A0[0m
[1;33m[1;35m [ReturnDoneRead] cid: 0 clk: 94574 | READ | addr: 0X5780[0m
[1;33m[1;35m [ReturnDoneRead] cid: 1 clk: 94574 | READ | addr: 0X57A0[0m
88615838: system.mem_ctrl: Read to address 22400 complete
88615838: system.mem_ctrl: Access for address 22400
88615838: system.mem_ctrl: Queuing response for address 22400
88623838: system.mem_ctrl: Attempting to send response
88623838: system.mem_ctrl: Have 0 read, 0 write, 0 responses outstanding
88750000: system.mem_ctrl: Enqueueing address 22464
[1;33m[1;35m [AddTransaction(RD)] cid: 2 clk: 94718 | READ | addr: 0X57C0[0m
[1;33m[1;35m [AddTransaction(RD)] cid: 3 clk: 94718 | READ | addr: 0X57E0[0m
[1;33m[1;36m [AddCommand] cid: 2 clk: 94718 | READ | (address) rank: 0 bankgroup: 3 bank: 0 row: 0 column: 43 addr: 0X57C0[0m
[1;33m[1;36m [AddCommand] cid: 3 clk: 94718 | READ | (address) rank: 0 bankgroup: 3 bank: 0 row: 0 column: 43 addr: 0X57E0[0m
[1;33m[1;36m [IssueCommand] cid: 2 clk: 94719 | PRECHARGE | (address) rank: 0 bankgroup: 3 bank: 0 row: 0 column: 43 addr: 0X57C0[0m
[1;33m[1;36m [IssueCommand] cid: 3 clk: 94719 | PRECHARGE | (address) rank: 0 bankgroup: 3 bank: 0 row: 0 column: 43 addr: 0X57E0[0m
[1;33m[1;36m [IssueCommand] cid: 2 clk: 94738 | ACTIVATE | (address) rank: 0 bankgroup: 3 bank: 0 row: 0 column: 43 addr: 0X57C0[0m
[1;33m[1;36m [IssueCommand] cid: 3 clk: 94738 | ACTIVATE | (address) rank: 0 bankgroup: 3 bank: 0 row: 0 column: 43 addr: 0X57E0[0m
[1;33m[1;36m [IssueCommand] cid: 2 clk: 94757 | READ | (address) rank: 0 bankgroup: 3 bank: 0 row: 0 column: 43 addr: 0X57C0[0m
[1;33m[1;36m [IssueCommand] cid: 3 clk: 94757 | READ | (address) rank: 0 bankgroup: 3 bank: 0 row: 0 column: 43 addr: 0X57E0[0m
[1;33m[1;35m [ReturnDoneRead] cid: 2 clk: 94782 | READ | addr: 0X57C0[0m
[1;33m[1;35m [ReturnDoneRead] cid: 3 clk: 94782 | READ | addr: 0X57E0[0m
88810734: system.mem_ctrl: Read to address 22464 complete
88810734: system.mem_ctrl: Access for address 22464
88810734: system.mem_ctrl: Queuing response for address 22464
88818734: system.mem_ctrl: Attempting to send response
88818734: system.mem_ctrl: Have 0 read, 0 write, 0 responses outstanding
88911000: system.mem_ctrl: Enqueueing address 22528
[1;33m[1;35m [AddTransaction(RD)] cid: 0 clk: 94890 | READ | addr: 0X5800[0m
[1;33m[1;35m [AddTransaction(RD)] cid: 1 clk: 94890 | READ | addr: 0X5820[0m
[1;33m[1;36m [AddCommand] cid: 0 clk: 94890 | READ | (address) rank: 0 bankgroup: 0 bank: 0 row: 0 column: 44 addr: 0X5800[0m
[1;33m[1;36m [AddCommand] cid: 1 clk: 94890 | READ | (address) rank: 0 bankgroup: 0 bank: 0 row: 0 column: 44 addr: 0X5820[0m
[1;33m[1;36m [IssueCommand] cid: 0 clk: 94891 | ACTIVATE | (address) rank: 0 bankgroup: 0 bank: 0 row: 0 column: 44 addr: 0X5800[0m
[1;33m[1;36m [IssueCommand] cid: 1 clk: 94891 | ACTIVATE | (address) rank: 0 bankgroup: 0 bank: 0 row: 0 column: 44 addr: 0X5820[0m
[1;33m[1;36m [IssueCommand] cid: 0 clk: 94910 | READ | (address) rank: 0 bankgroup: 0 bank: 0 row: 0 column: 44 addr: 0X5800[0m
[1;33m[1;36m [IssueCommand] cid: 1 clk: 94910 | READ | (address) rank: 0 bankgroup: 0 bank: 0 row: 0 column: 44 addr: 0X5820[0m
[1;33m[1;35m [ReturnDoneRead] cid: 0 clk: 94935 | READ | addr: 0X5800[0m
[1;33m[1;35m [ReturnDoneRead] cid: 1 clk: 94935 | READ | addr: 0X5820[0m
88954095: system.mem_ctrl: Read to address 22528 complete
88954095: system.mem_ctrl: Access for address 22528
88954095: system.mem_ctrl: Queuing response for address 22528
88962095: system.mem_ctrl: Attempting to send response
88962095: system.mem_ctrl: Have 0 read, 0 write, 0 responses outstanding
89243000: system.mem_ctrl: Enqueueing address 68480
[1;33m[1;35m [AddTransaction(RD)] cid: 0 clk: 95244 | READ | addr: 0X10B80[0m
[1;33m[1;35m [AddTransaction(RD)] cid: 1 clk: 95244 | READ | addr: 0X10BA0[0m
[1;33m[1;36m [AddCommand] cid: 0 clk: 95244 | READ | (address) rank: 0 bankgroup: 3 bank: 2 row: 0 column: 5 addr: 0X10B80[0m
[1;33m[1;36m [AddCommand] cid: 1 clk: 95244 | READ | (address) rank: 0 bankgroup: 3 bank: 2 row: 0 column: 5 addr: 0X10BA0[0m
[1;33m[1;36m [IssueCommand] cid: 0 clk: 95245 | ACTIVATE | (address) rank: 0 bankgroup: 3 bank: 2 row: 0 column: 5 addr: 0X10B80[0m
[1;33m[1;36m [IssueCommand] cid: 1 clk: 95245 | ACTIVATE | (address) rank: 0 bankgroup: 3 bank: 2 row: 0 column: 5 addr: 0X10BA0[0m
[1;33m[1;36m [IssueCommand] cid: 0 clk: 95264 | READ | (address) rank: 0 bankgroup: 3 bank: 2 row: 0 column: 5 addr: 0X10B80[0m
[1;33m[1;36m [IssueCommand] cid: 1 clk: 95264 | READ | (address) rank: 0 bankgroup: 3 bank: 2 row: 0 column: 5 addr: 0X10BA0[0m
[1;33m[1;35m [ReturnDoneRead] cid: 0 clk: 95289 | READ | addr: 0X10B80[0m
[1;33m[1;35m [ReturnDoneRead] cid: 1 clk: 95289 | READ | addr: 0X10BA0[0m
89285793: system.mem_ctrl: Read to address 68480 complete
89285793: system.mem_ctrl: Access for address 68480
89285793: system.mem_ctrl: Queuing response for address 68480
89293793: system.mem_ctrl: Attempting to send response
89293793: system.mem_ctrl: Have 0 read, 0 write, 0 responses outstanding
89382000: system.mem_ctrl: Enqueueing address 458944
[1;33m[1;35m [AddTransaction(RD)] cid: 2 clk: 95392 | READ | addr: 0X700C0[0m
[1;33m[1;35m [AddTransaction(RD)] cid: 3 clk: 95392 | READ | addr: 0X700E0[0m
[1;33m[1;36m [AddCommand] cid: 2 clk: 95392 | READ | (address) rank: 1 bankgroup: 1 bank: 2 row: 1 column: 0 addr: 0X700C0[0m
[1;33m[1;36m [AddCommand] cid: 3 clk: 95392 | READ | (address) rank: 1 bankgroup: 1 bank: 2 row: 1 column: 0 addr: 0X700E0[0m
[1;33m[1;36m [IssueCommand] cid: 2 clk: 95393 | ACTIVATE | (address) rank: 1 bankgroup: 1 bank: 2 row: 1 column: 0 addr: 0X700C0[0m
[1;33m[1;36m [IssueCommand] cid: 3 clk: 95393 | ACTIVATE | (address) rank: 1 bankgroup: 1 bank: 2 row: 1 column: 0 addr: 0X700E0[0m
[1;33m[1;36m [IssueCommand] cid: 2 clk: 95412 | READ | (address) rank: 1 bankgroup: 1 bank: 2 row: 1 column: 0 addr: 0X700C0[0m
[1;33m[1;36m [IssueCommand] cid: 3 clk: 95412 | READ | (address) rank: 1 bankgroup: 1 bank: 2 row: 1 column: 0 addr: 0X700E0[0m
[1;33m[1;35m [ReturnDoneRead] cid: 2 clk: 95437 | READ | addr: 0X700C0[0m
[1;33m[1;35m [ReturnDoneRead] cid: 3 clk: 95437 | READ | addr: 0X700E0[0m
89424469: system.mem_ctrl: Read to address 458944 complete
89424469: system.mem_ctrl: Access for address 458944
89424469: system.mem_ctrl: Queuing response for address 458944
89432469: system.mem_ctrl: Attempting to send response
89432469: system.mem_ctrl: Have 0 read, 0 write, 0 responses outstanding
89779000: system.mem_ctrl: Enqueueing address 22592
[1;33m[1;35m [AddTransaction(RD)] cid: 2 clk: 95816 | READ | addr: 0X5840[0m
[1;33m[1;35m [AddTransaction(RD)] cid: 3 clk: 95816 | READ | addr: 0X5860[0m
[1;33m[1;36m [AddCommand] cid: 2 clk: 95816 | READ | (address) rank: 0 bankgroup: 0 bank: 0 row: 0 column: 44 addr: 0X5840[0m
[1;33m[1;36m [AddCommand] cid: 3 clk: 95816 | READ | (address) rank: 0 bankgroup: 0 bank: 0 row: 0 column: 44 addr: 0X5860[0m
[1;33m[1;36m [IssueCommand] cid: 2 clk: 95817 | ACTIVATE | (address) rank: 0 bankgroup: 0 bank: 0 row: 0 column: 44 addr: 0X5840[0m
[1;33m[1;36m [IssueCommand] cid: 3 clk: 95817 | ACTIVATE | (address) rank: 0 bankgroup: 0 bank: 0 row: 0 column: 44 addr: 0X5860[0m
[1;33m[1;36m [IssueCommand] cid: 0 clk: 95818 | REFRESH | (address) rank: 1 bankgroup: -1 bank: -1 row: -1 column: -1 addr: 0XFFFFFFFFFFFFFFFF[0m
[1;33m[1;36m [IssueCommand] cid: 1 clk: 95818 | REFRESH | (address) rank: 1 bankgroup: -1 bank: -1 row: -1 column: -1 addr: 0XFFFFFFFFFFFFFFFF[0m
[1;33m[1;36m [IssueCommand] cid: 2 clk: 95818 | PRECHARGE | (address) rank: 1 bankgroup: 1 bank: 2 row: -1 column: -1 addr: 0XFFFFFFFFFFFFFFFF[0m
[1;33m[1;36m [IssueCommand] cid: 3 clk: 95818 | PRECHARGE | (address) rank: 1 bankgroup: 1 bank: 2 row: -1 column: -1 addr: 0XFFFFFFFFFFFFFFFF[0m
[1;33m[1;36m [IssueCommand] cid: 2 clk: 95837 | REFRESH | (address) rank: 1 bankgroup: -1 bank: -1 row: -1 column: -1 addr: 0XFFFFFFFFFFFFFFFF[0m
[1;33m[1;36m [IssueCommand] cid: 3 clk: 95837 | REFRESH | (address) rank: 1 bankgroup: -1 bank: -1 row: -1 column: -1 addr: 0XFFFFFFFFFFFFFFFF[0m
[1;33m[1;36m [IssueCommand] cid: 2 clk: 95838 | READ | (address) rank: 0 bankgroup: 0 bank: 0 row: 0 column: 44 addr: 0X5840[0m
[1;33m[1;36m [IssueCommand] cid: 3 clk: 95838 | READ | (address) rank: 0 bankgroup: 0 bank: 0 row: 0 column: 44 addr: 0X5860[0m
[1;33m[1;35m [ReturnDoneRead] cid: 2 clk: 95863 | READ | addr: 0X5840[0m
[1;33m[1;35m [ReturnDoneRead] cid: 3 clk: 95863 | READ | addr: 0X5860[0m
89823631: system.mem_ctrl: Read to address 22592 complete
89823631: system.mem_ctrl: Access for address 22592
89823631: system.mem_ctrl: Queuing response for address 22592
89831631: system.mem_ctrl: Attempting to send response
89831631: system.mem_ctrl: Have 0 read, 0 write, 0 responses outstanding
90004000: system.mem_ctrl: Enqueueing address 18432
[1;33m[1;35m [AddTransaction(RD)] cid: 0 clk: 96056 | READ | addr: 0X4800[0m
[1;33m[1;35m [AddTransaction(RD)] cid: 1 clk: 96056 | READ | addr: 0X4820[0m
[1;33m[1;36m [AddCommand] cid: 0 clk: 96056 | READ | (address) rank: 0 bankgroup: 0 bank: 0 row: 0 column: 36 addr: 0X4800[0m
[1;33m[1;36m [AddCommand] cid: 1 clk: 96056 | READ | (address) rank: 0 bankgroup: 0 bank: 0 row: 0 column: 36 addr: 0X4820[0m
[1;33m[1;36m [IssueCommand] cid: 0 clk: 96057 | READ | (address) rank: 0 bankgroup: 0 bank: 0 row: 0 column: 36 addr: 0X4800[0m
[1;33m[1;36m [IssueCommand] cid: 1 clk: 96057 | READ | (address) rank: 0 bankgroup: 0 bank: 0 row: 0 column: 36 addr: 0X4820[0m
[1;33m[1;35m [ReturnDoneRead] cid: 0 clk: 96082 | READ | addr: 0X4800[0m
[1;33m[1;35m [ReturnDoneRead] cid: 1 clk: 96082 | READ | addr: 0X4820[0m
90028834: system.mem_ctrl: Read to address 18432 complete
90028834: system.mem_ctrl: Access for address 18432
90028834: system.mem_ctrl: Queuing response for address 18432
90036834: system.mem_ctrl: Attempting to send response
90036834: system.mem_ctrl: Have 0 read, 0 write, 0 responses outstanding
90117000: system.mem_ctrl: Enqueueing address 18496
[1;33m[1;35m [AddTransaction(RD)] cid: 2 clk: 96177 | READ | addr: 0X4840[0m
[1;33m[1;35m [AddTransaction(RD)] cid: 3 clk: 96177 | READ | addr: 0X4860[0m
[1;33m[1;36m [AddCommand] cid: 2 clk: 96177 | READ | (address) rank: 0 bankgroup: 0 bank: 0 row: 0 column: 36 addr: 0X4840[0m
[1;33m[1;36m [AddCommand] cid: 3 clk: 96177 | READ | (address) rank: 0 bankgroup: 0 bank: 0 row: 0 column: 36 addr: 0X4860[0m
[1;33m[1;36m [IssueCommand] cid: 2 clk: 96178 | READ | (address) rank: 0 bankgroup: 0 bank: 0 row: 0 column: 36 addr: 0X4840[0m
[1;33m[1;36m [IssueCommand] cid: 3 clk: 96178 | READ | (address) rank: 0 bankgroup: 0 bank: 0 row: 0 column: 36 addr: 0X4860[0m
[1;33m[1;35m [ReturnDoneRead] cid: 2 clk: 96203 | READ | addr: 0X4840[0m
[1;33m[1;35m [ReturnDoneRead] cid: 3 clk: 96203 | READ | addr: 0X4860[0m
90142211: system.mem_ctrl: Read to address 18496 complete
90142211: system.mem_ctrl: Access for address 18496
90142211: system.mem_ctrl: Queuing response for address 18496
90150211: system.mem_ctrl: Attempting to send response
90150211: system.mem_ctrl: Have 0 read, 0 write, 0 responses outstanding
90273000: system.mem_ctrl: Enqueueing address 18560
[1;33m[1;35m [AddTransaction(RD)] cid: 0 clk: 96343 | READ | addr: 0X4880[0m
[1;33m[1;35m [AddTransaction(RD)] cid: 1 clk: 96343 | READ | addr: 0X48A0[0m
[1;33m[1;36m [AddCommand] cid: 0 clk: 96343 | READ | (address) rank: 0 bankgroup: 1 bank: 0 row: 0 column: 36 addr: 0X4880[0m
[1;33m[1;36m [AddCommand] cid: 1 clk: 96343 | READ | (address) rank: 0 bankgroup: 1 bank: 0 row: 0 column: 36 addr: 0X48A0[0m
[1;33m[1;36m [IssueCommand] cid: 0 clk: 96344 | ACTIVATE | (address) rank: 0 bankgroup: 1 bank: 0 row: 0 column: 36 addr: 0X4880[0m
[1;33m[1;36m [IssueCommand] cid: 1 clk: 96344 | ACTIVATE | (address) rank: 0 bankgroup: 1 bank: 0 row: 0 column: 36 addr: 0X48A0[0m
[1;33m[1;36m [IssueCommand] cid: 0 clk: 96363 | READ | (address) rank: 0 bankgroup: 1 bank: 0 row: 0 column: 36 addr: 0X4880[0m
[1;33m[1;36m [IssueCommand] cid: 1 clk: 96363 | READ | (address) rank: 0 bankgroup: 1 bank: 0 row: 0 column: 36 addr: 0X48A0[0m
[1;33m[1;35m [ReturnDoneRead] cid: 0 clk: 96388 | READ | addr: 0X4880[0m
[1;33m[1;35m [ReturnDoneRead] cid: 1 clk: 96388 | READ | addr: 0X48A0[0m
90315556: system.mem_ctrl: Read to address 18560 complete
90315556: system.mem_ctrl: Access for address 18560
90315556: system.mem_ctrl: Queuing response for address 18560
90323556: system.mem_ctrl: Attempting to send response
90323556: system.mem_ctrl: Have 0 read, 0 write, 0 responses outstanding
90412000: system.mem_ctrl: Enqueueing address 18752
[1;33m[1;35m [AddTransaction(RD)] cid: 2 clk: 96491 | READ | addr: 0X4940[0m
[1;33m[1;35m [AddTransaction(RD)] cid: 3 clk: 96491 | READ | addr: 0X4960[0m
[1;33m[1;36m [AddCommand] cid: 2 clk: 96491 | READ | (address) rank: 0 bankgroup: 2 bank: 0 row: 0 column: 36 addr: 0X4940[0m
[1;33m[1;36m [AddCommand] cid: 3 clk: 96491 | READ | (address) rank: 0 bankgroup: 2 bank: 0 row: 0 column: 36 addr: 0X4960[0m
[1;33m[1;36m [IssueCommand] cid: 2 clk: 96492 | READ | (address) rank: 0 bankgroup: 2 bank: 0 row: 0 column: 36 addr: 0X4940[0m
[1;33m[1;36m [IssueCommand] cid: 3 clk: 96492 | READ | (address) rank: 0 bankgroup: 2 bank: 0 row: 0 column: 36 addr: 0X4960[0m
[1;33m[1;35m [ReturnDoneRead] cid: 2 clk: 96517 | READ | addr: 0X4940[0m
[1;33m[1;35m [ReturnDoneRead] cid: 3 clk: 96517 | READ | addr: 0X4960[0m
90436429: system.mem_ctrl: Read to address 18752 complete
90436429: system.mem_ctrl: Access for address 18752
90436429: system.mem_ctrl: Queuing response for address 18752
90444429: system.mem_ctrl: Attempting to send response
90444429: system.mem_ctrl: Have 0 read, 0 write, 0 responses outstanding
90503000: system.mem_ctrl: Enqueueing address 18816
[1;33m[1;35m [AddTransaction(RD)] cid: 0 clk: 96589 | READ | addr: 0X4980[0m
[1;33m[1;35m [AddTransaction(RD)] cid: 1 clk: 96589 | READ | addr: 0X49A0[0m
[1;33m[1;36m [AddCommand] cid: 0 clk: 96589 | READ | (address) rank: 0 bankgroup: 3 bank: 0 row: 0 column: 36 addr: 0X4980[0m
[1;33m[1;36m [AddCommand] cid: 1 clk: 96589 | READ | (address) rank: 0 bankgroup: 3 bank: 0 row: 0 column: 36 addr: 0X49A0[0m
[1;33m[1;36m [IssueCommand] cid: 0 clk: 96590 | READ | (address) rank: 0 bankgroup: 3 bank: 0 row: 0 column: 36 addr: 0X4980[0m
[1;33m[1;36m [IssueCommand] cid: 1 clk: 96590 | READ | (address) rank: 0 bankgroup: 3 bank: 0 row: 0 column: 36 addr: 0X49A0[0m
[1;33m[1;35m [ReturnDoneRead] cid: 0 clk: 96615 | READ | addr: 0X4980[0m
[1;33m[1;35m [ReturnDoneRead] cid: 1 clk: 96615 | READ | addr: 0X49A0[0m
90528255: system.mem_ctrl: Read to address 18816 complete
90528255: system.mem_ctrl: Access for address 18816
90528255: system.mem_ctrl: Queuing response for address 18816
90536255: system.mem_ctrl: Attempting to send response
90536255: system.mem_ctrl: Have 0 read, 0 write, 0 responses outstanding
90743000: system.mem_ctrl: Enqueueing address 265856
[1;33m[1;35m [AddTransaction(RD)] cid: 0 clk: 96845 | READ | addr: 0X40E80[0m
[1;33m[1;35m [AddTransaction(RD)] cid: 1 clk: 96845 | READ | addr: 0X40EA0[0m
[1;33m[1;36m [AddCommand] cid: 0 clk: 96845 | READ | (address) rank: 0 bankgroup: 1 bank: 0 row: 1 column: 7 addr: 0X40E80[0m
[1;33m[1;36m [AddCommand] cid: 1 clk: 96845 | READ | (address) rank: 0 bankgroup: 1 bank: 0 row: 1 column: 7 addr: 0X40EA0[0m
[1;33m[1;36m [IssueCommand] cid: 0 clk: 96846 | PRECHARGE | (address) rank: 0 bankgroup: 1 bank: 0 row: 1 column: 7 addr: 0X40E80[0m
[1;33m[1;36m [IssueCommand] cid: 1 clk: 96846 | PRECHARGE | (address) rank: 0 bankgroup: 1 bank: 0 row: 1 column: 7 addr: 0X40EA0[0m
[1;33m[1;36m [IssueCommand] cid: 0 clk: 96865 | ACTIVATE | (address) rank: 0 bankgroup: 1 bank: 0 row: 1 column: 7 addr: 0X40E80[0m
[1;33m[1;36m [IssueCommand] cid: 1 clk: 96865 | ACTIVATE | (address) rank: 0 bankgroup: 1 bank: 0 row: 1 column: 7 addr: 0X40EA0[0m
[1;33m[1;36m [IssueCommand] cid: 0 clk: 96884 | READ | (address) rank: 0 bankgroup: 1 bank: 0 row: 1 column: 7 addr: 0X40E80[0m
[1;33m[1;36m [IssueCommand] cid: 1 clk: 96884 | READ | (address) rank: 0 bankgroup: 1 bank: 0 row: 1 column: 7 addr: 0X40EA0[0m
[1;33m[1;35m [ReturnDoneRead] cid: 0 clk: 96909 | READ | addr: 0X40E80[0m
[1;33m[1;35m [ReturnDoneRead] cid: 1 clk: 96909 | READ | addr: 0X40EA0[0m
90803733: system.mem_ctrl: Read to address 265856 complete
90803733: system.mem_ctrl: Access for address 265856
90803733: system.mem_ctrl: Queuing response for address 265856
90811733: system.mem_ctrl: Attempting to send response
90811733: system.mem_ctrl: Have 0 read, 0 write, 0 responses outstanding
90860000: system.mem_ctrl: Enqueueing address 265600
[1;33m[1;35m [AddTransaction(RD)] cid: 0 clk: 96970 | READ | addr: 0X40D80[0m
[1;33m[1;35m [AddTransaction(RD)] cid: 1 clk: 96970 | READ | addr: 0X40DA0[0m
[1;33m[1;36m [AddCommand] cid: 0 clk: 96970 | READ | (address) rank: 0 bankgroup: 3 bank: 0 row: 1 column: 6 addr: 0X40D80[0m
[1;33m[1;36m [AddCommand] cid: 1 clk: 96970 | READ | (address) rank: 0 bankgroup: 3 bank: 0 row: 1 column: 6 addr: 0X40DA0[0m
[1;33m[1;36m [IssueCommand] cid: 0 clk: 96971 | PRECHARGE | (address) rank: 0 bankgroup: 3 bank: 0 row: 1 column: 6 addr: 0X40D80[0m
[1;33m[1;36m [IssueCommand] cid: 1 clk: 96971 | PRECHARGE | (address) rank: 0 bankgroup: 3 bank: 0 row: 1 column: 6 addr: 0X40DA0[0m
[1;33m[1;36m [IssueCommand] cid: 0 clk: 96990 | ACTIVATE | (address) rank: 0 bankgroup: 3 bank: 0 row: 1 column: 6 addr: 0X40D80[0m
[1;33m[1;36m [IssueCommand] cid: 1 clk: 96990 | ACTIVATE | (address) rank: 0 bankgroup: 3 bank: 0 row: 1 column: 6 addr: 0X40DA0[0m
[1;33m[1;36m [IssueCommand] cid: 0 clk: 97009 | READ | (address) rank: 0 bankgroup: 3 bank: 0 row: 1 column: 6 addr: 0X40D80[0m
[1;33m[1;36m [IssueCommand] cid: 1 clk: 97009 | READ | (address) rank: 0 bankgroup: 3 bank: 0 row: 1 column: 6 addr: 0X40DA0[0m
[1;33m[1;35m [ReturnDoneRead] cid: 0 clk: 97034 | READ | addr: 0X40D80[0m
[1;33m[1;35m [ReturnDoneRead] cid: 1 clk: 97034 | READ | addr: 0X40DA0[0m
90920858: system.mem_ctrl: Read to address 265600 complete
90920858: system.mem_ctrl: Access for address 265600
90920858: system.mem_ctrl: Queuing response for address 265600
90928858: system.mem_ctrl: Attempting to send response
90928858: system.mem_ctrl: Have 0 read, 0 write, 0 responses outstanding
90999000: system.mem_ctrl: Enqueueing address 265664
[1;33m[1;35m [AddTransaction(RD)] cid: 2 clk: 97118 | READ | addr: 0X40DC0[0m
[1;33m[1;35m [AddTransaction(RD)] cid: 3 clk: 97118 | READ | addr: 0X40DE0[0m
[1;33m[1;36m [AddCommand] cid: 2 clk: 97118 | READ | (address) rank: 0 bankgroup: 3 bank: 0 row: 1 column: 6 addr: 0X40DC0[0m
[1;33m[1;36m [AddCommand] cid: 3 clk: 97118 | READ | (address) rank: 0 bankgroup: 3 bank: 0 row: 1 column: 6 addr: 0X40DE0[0m
[1;33m[1;36m [IssueCommand] cid: 2 clk: 97119 | PRECHARGE | (address) rank: 0 bankgroup: 3 bank: 0 row: 1 column: 6 addr: 0X40DC0[0m
[1;33m[1;36m [IssueCommand] cid: 3 clk: 97119 | PRECHARGE | (address) rank: 0 bankgroup: 3 bank: 0 row: 1 column: 6 addr: 0X40DE0[0m
[1;33m[1;36m [IssueCommand] cid: 2 clk: 97138 | ACTIVATE | (address) rank: 0 bankgroup: 3 bank: 0 row: 1 column: 6 addr: 0X40DC0[0m
[1;33m[1;36m [IssueCommand] cid: 3 clk: 97138 | ACTIVATE | (address) rank: 0 bankgroup: 3 bank: 0 row: 1 column: 6 addr: 0X40DE0[0m
[1;33m[1;36m [IssueCommand] cid: 2 clk: 97157 | READ | (address) rank: 0 bankgroup: 3 bank: 0 row: 1 column: 6 addr: 0X40DC0[0m
[1;33m[1;36m [IssueCommand] cid: 3 clk: 97157 | READ | (address) rank: 0 bankgroup: 3 bank: 0 row: 1 column: 6 addr: 0X40DE0[0m
[1;33m[1;35m [ReturnDoneRead] cid: 2 clk: 97182 | READ | addr: 0X40DC0[0m
[1;33m[1;35m [ReturnDoneRead] cid: 3 clk: 97182 | READ | addr: 0X40DE0[0m
91059534: system.mem_ctrl: Read to address 265664 complete
91059534: system.mem_ctrl: Access for address 265664
91059534: system.mem_ctrl: Queuing response for address 265664
91067534: system.mem_ctrl: Attempting to send response
91067534: system.mem_ctrl: Have 0 read, 0 write, 0 responses outstanding
91148000: system.mem_ctrl: Enqueueing address 265728
[1;33m[1;35m [AddTransaction(RD)] cid: 0 clk: 97277 | READ | addr: 0X40E00[0m
[1;33m[1;35m [AddTransaction(RD)] cid: 1 clk: 97277 | READ | addr: 0X40E20[0m
[1;33m[1;36m [AddCommand] cid: 0 clk: 97277 | READ | (address) rank: 0 bankgroup: 0 bank: 0 row: 1 column: 7 addr: 0X40E00[0m
[1;33m[1;36m [AddCommand] cid: 1 clk: 97277 | READ | (address) rank: 0 bankgroup: 0 bank: 0 row: 1 column: 7 addr: 0X40E20[0m
[1;33m[1;36m [IssueCommand] cid: 0 clk: 97278 | PRECHARGE | (address) rank: 0 bankgroup: 0 bank: 0 row: 1 column: 7 addr: 0X40E00[0m
[1;33m[1;36m [IssueCommand] cid: 1 clk: 97278 | PRECHARGE | (address) rank: 0 bankgroup: 0 bank: 0 row: 1 column: 7 addr: 0X40E20[0m
[1;33m[1;36m [IssueCommand] cid: 0 clk: 97297 | ACTIVATE | (address) rank: 0 bankgroup: 0 bank: 0 row: 1 column: 7 addr: 0X40E00[0m
[1;33m[1;36m [IssueCommand] cid: 1 clk: 97297 | ACTIVATE | (address) rank: 0 bankgroup: 0 bank: 0 row: 1 column: 7 addr: 0X40E20[0m
[1;33m[1;36m [IssueCommand] cid: 0 clk: 97316 | READ | (address) rank: 0 bankgroup: 0 bank: 0 row: 1 column: 7 addr: 0X40E00[0m
[1;33m[1;36m [IssueCommand] cid: 1 clk: 97316 | READ | (address) rank: 0 bankgroup: 0 bank: 0 row: 1 column: 7 addr: 0X40E20[0m
[1;33m[1;35m [ReturnDoneRead] cid: 0 clk: 97341 | READ | addr: 0X40E00[0m
[1;33m[1;35m [ReturnDoneRead] cid: 1 clk: 97341 | READ | addr: 0X40E20[0m
91208517: system.mem_ctrl: Read to address 265728 complete
91208517: system.mem_ctrl: Access for address 265728
91208517: system.mem_ctrl: Queuing response for address 265728
91216517: system.mem_ctrl: Attempting to send response
91216517: system.mem_ctrl: Have 0 read, 0 write, 0 responses outstanding
91391000: system.mem_ctrl: Enqueueing address 18624
[1;33m[1;35m [AddTransaction(RD)] cid: 2 clk: 97536 | READ | addr: 0X48C0[0m
[1;33m[1;35m [AddTransaction(RD)] cid: 3 clk: 97536 | READ | addr: 0X48E0[0m
[1;33m[1;36m [AddCommand] cid: 2 clk: 97536 | READ | (address) rank: 0 bankgroup: 1 bank: 0 row: 0 column: 36 addr: 0X48C0[0m
[1;33m[1;36m [AddCommand] cid: 3 clk: 97536 | READ | (address) rank: 0 bankgroup: 1 bank: 0 row: 0 column: 36 addr: 0X48E0[0m
[1;33m[1;36m [IssueCommand] cid: 2 clk: 97537 | ACTIVATE | (address) rank: 0 bankgroup: 1 bank: 0 row: 0 column: 36 addr: 0X48C0[0m
[1;33m[1;36m [IssueCommand] cid: 3 clk: 97537 | ACTIVATE | (address) rank: 0 bankgroup: 1 bank: 0 row: 0 column: 36 addr: 0X48E0[0m
[1;33m[1;36m [IssueCommand] cid: 2 clk: 97556 | READ | (address) rank: 0 bankgroup: 1 bank: 0 row: 0 column: 36 addr: 0X48C0[0m
[1;33m[1;36m [IssueCommand] cid: 3 clk: 97556 | READ | (address) rank: 0 bankgroup: 1 bank: 0 row: 0 column: 36 addr: 0X48E0[0m
[1;33m[1;35m [ReturnDoneRead] cid: 2 clk: 97581 | READ | addr: 0X48C0[0m
[1;33m[1;35m [ReturnDoneRead] cid: 3 clk: 97581 | READ | addr: 0X48E0[0m
91433397: system.mem_ctrl: Read to address 18624 complete
91433397: system.mem_ctrl: Access for address 18624
91433397: system.mem_ctrl: Queuing response for address 18624
91441397: system.mem_ctrl: Attempting to send response
91441397: system.mem_ctrl: Have 0 read, 0 write, 0 responses outstanding
91532000: system.mem_ctrl: Enqueueing address 39744
[1;33m[1;35m [AddTransaction(RD)] cid: 2 clk: 97687 | READ | addr: 0X9B40[0m
[1;33m[1;35m [AddTransaction(RD)] cid: 3 clk: 97687 | READ | addr: 0X9B60[0m
[1;33m[1;36m [AddCommand] cid: 2 clk: 97687 | READ | (address) rank: 0 bankgroup: 2 bank: 1 row: 0 column: 13 addr: 0X9B40[0m
[1;33m[1;36m [AddCommand] cid: 3 clk: 97687 | READ | (address) rank: 0 bankgroup: 2 bank: 1 row: 0 column: 13 addr: 0X9B60[0m
[1;33m[1;36m [IssueCommand] cid: 2 clk: 97688 | ACTIVATE | (address) rank: 0 bankgroup: 2 bank: 1 row: 0 column: 13 addr: 0X9B40[0m
[1;33m[1;36m [IssueCommand] cid: 3 clk: 97688 | ACTIVATE | (address) rank: 0 bankgroup: 2 bank: 1 row: 0 column: 13 addr: 0X9B60[0m
[1;33m[1;36m [IssueCommand] cid: 2 clk: 97707 | READ | (address) rank: 0 bankgroup: 2 bank: 1 row: 0 column: 13 addr: 0X9B40[0m
[1;33m[1;36m [IssueCommand] cid: 3 clk: 97707 | READ | (address) rank: 0 bankgroup: 2 bank: 1 row: 0 column: 13 addr: 0X9B60[0m
[1;33m[1;35m [ReturnDoneRead] cid: 2 clk: 97732 | READ | addr: 0X9B40[0m
[1;33m[1;35m [ReturnDoneRead] cid: 3 clk: 97732 | READ | addr: 0X9B60[0m
91574884: system.mem_ctrl: Read to address 39744 complete
91574884: system.mem_ctrl: Access for address 39744
91574884: system.mem_ctrl: Queuing response for address 39744
91582884: system.mem_ctrl: Attempting to send response
91582884: system.mem_ctrl: Have 0 read, 0 write, 0 responses outstanding
91653000: system.mem_ctrl: Enqueueing address 449600
[1;33m[1;35m [AddTransaction(RD)] cid: 2 clk: 97816 | READ | addr: 0X6DC40[0m
[1;33m[1;35m [AddTransaction(RD)] cid: 3 clk: 97816 | READ | addr: 0X6DC60[0m
[1;33m[1;36m [AddCommand] cid: 2 clk: 97816 | READ | (address) rank: 1 bankgroup: 0 bank: 1 row: 1 column: 46 addr: 0X6DC40[0m
[1;33m[1;36m [AddCommand] cid: 3 clk: 97816 | READ | (address) rank: 1 bankgroup: 0 bank: 1 row: 1 column: 46 addr: 0X6DC60[0m
[1;33m[1;36m [IssueCommand] cid: 2 clk: 97817 | ACTIVATE | (address) rank: 1 bankgroup: 0 bank: 1 row: 1 column: 46 addr: 0X6DC40[0m
[1;33m[1;36m [IssueCommand] cid: 3 clk: 97817 | ACTIVATE | (address) rank: 1 bankgroup: 0 bank: 1 row: 1 column: 46 addr: 0X6DC60[0m
[1;33m[1;36m [IssueCommand] cid: 2 clk: 97836 | READ | (address) rank: 1 bankgroup: 0 bank: 1 row: 1 column: 46 addr: 0X6DC40[0m
[1;33m[1;36m [IssueCommand] cid: 3 clk: 97836 | READ | (address) rank: 1 bankgroup: 0 bank: 1 row: 1 column: 46 addr: 0X6DC60[0m
[1;33m[1;35m [ReturnDoneRead] cid: 2 clk: 97861 | READ | addr: 0X6DC40[0m
[1;33m[1;35m [ReturnDoneRead] cid: 3 clk: 97861 | READ | addr: 0X6DC60[0m
91695757: system.mem_ctrl: Read to address 449600 complete
91695757: system.mem_ctrl: Access for address 449600
91695757: system.mem_ctrl: Queuing response for address 449600
91703757: system.mem_ctrl: Attempting to send response
91703757: system.mem_ctrl: Have 0 read, 0 write, 0 responses outstanding
[1;33m[1;36m [IssueCommand] cid: 0 clk: 97901 | PRECHARGE | (address) rank: 0 bankgroup: 0 bank: 0 row: -1 column: -1 addr: 0XFFFFFFFFFFFFFFFF[0m
[1;33m[1;36m [IssueCommand] cid: 1 clk: 97901 | PRECHARGE | (address) rank: 0 bankgroup: 0 bank: 0 row: -1 column: -1 addr: 0XFFFFFFFFFFFFFFFF[0m
[1;33m[1;36m [IssueCommand] cid: 2 clk: 97901 | PRECHARGE | (address) rank: 0 bankgroup: 0 bank: 0 row: -1 column: -1 addr: 0XFFFFFFFFFFFFFFFF[0m
[1;33m[1;36m [IssueCommand] cid: 3 clk: 97901 | PRECHARGE | (address) rank: 0 bankgroup: 0 bank: 0 row: -1 column: -1 addr: 0XFFFFFFFFFFFFFFFF[0m
[1;33m[1;36m [IssueCommand] cid: 0 clk: 97902 | PRECHARGE | (address) rank: 0 bankgroup: 1 bank: 0 row: -1 column: -1 addr: 0XFFFFFFFFFFFFFFFF[0m
[1;33m[1;36m [IssueCommand] cid: 1 clk: 97902 | PRECHARGE | (address) rank: 0 bankgroup: 1 bank: 0 row: -1 column: -1 addr: 0XFFFFFFFFFFFFFFFF[0m
[1;33m[1;36m [IssueCommand] cid: 2 clk: 97902 | PRECHARGE | (address) rank: 0 bankgroup: 1 bank: 0 row: -1 column: -1 addr: 0XFFFFFFFFFFFFFFFF[0m
[1;33m[1;36m [IssueCommand] cid: 3 clk: 97902 | PRECHARGE | (address) rank: 0 bankgroup: 1 bank: 0 row: -1 column: -1 addr: 0XFFFFFFFFFFFFFFFF[0m
[1;33m[1;36m [IssueCommand] cid: 0 clk: 97903 | PRECHARGE | (address) rank: 0 bankgroup: 3 bank: 0 row: -1 column: -1 addr: 0XFFFFFFFFFFFFFFFF[0m
[1;33m[1;36m [IssueCommand] cid: 1 clk: 97903 | PRECHARGE | (address) rank: 0 bankgroup: 3 bank: 0 row: -1 column: -1 addr: 0XFFFFFFFFFFFFFFFF[0m
[1;33m[1;36m [IssueCommand] cid: 2 clk: 97903 | PRECHARGE | (address) rank: 0 bankgroup: 2 bank: 0 row: -1 column: -1 addr: 0XFFFFFFFFFFFFFFFF[0m
[1;33m[1;36m [IssueCommand] cid: 3 clk: 97903 | PRECHARGE | (address) rank: 0 bankgroup: 2 bank: 0 row: -1 column: -1 addr: 0XFFFFFFFFFFFFFFFF[0m
[1;33m[1;36m [IssueCommand] cid: 0 clk: 97904 | PRECHARGE | (address) rank: 0 bankgroup: 3 bank: 2 row: -1 column: -1 addr: 0XFFFFFFFFFFFFFFFF[0m
[1;33m[1;36m [IssueCommand] cid: 1 clk: 97904 | PRECHARGE | (address) rank: 0 bankgroup: 3 bank: 2 row: -1 column: -1 addr: 0XFFFFFFFFFFFFFFFF[0m
[1;33m[1;36m [IssueCommand] cid: 2 clk: 97904 | PRECHARGE | (address) rank: 0 bankgroup: 2 bank: 1 row: -1 column: -1 addr: 0XFFFFFFFFFFFFFFFF[0m
[1;33m[1;36m [IssueCommand] cid: 3 clk: 97904 | PRECHARGE | (address) rank: 0 bankgroup: 2 bank: 1 row: -1 column: -1 addr: 0XFFFFFFFFFFFFFFFF[0m
[1;33m[1;36m [IssueCommand] cid: 2 clk: 97905 | PRECHARGE | (address) rank: 0 bankgroup: 3 bank: 0 row: -1 column: -1 addr: 0XFFFFFFFFFFFFFFFF[0m
[1;33m[1;36m [IssueCommand] cid: 3 clk: 97905 | PRECHARGE | (address) rank: 0 bankgroup: 3 bank: 0 row: -1 column: -1 addr: 0XFFFFFFFFFFFFFFFF[0m
[1;33m[1;36m [IssueCommand] cid: 0 clk: 97923 | REFRESH | (address) rank: 0 bankgroup: -1 bank: -1 row: -1 column: -1 addr: 0XFFFFFFFFFFFFFFFF[0m
[1;33m[1;36m [IssueCommand] cid: 1 clk: 97923 | REFRESH | (address) rank: 0 bankgroup: -1 bank: -1 row: -1 column: -1 addr: 0XFFFFFFFFFFFFFFFF[0m
[1;33m[1;36m [IssueCommand] cid: 2 clk: 97924 | REFRESH | (address) rank: 0 bankgroup: -1 bank: -1 row: -1 column: -1 addr: 0XFFFFFFFFFFFFFFFF[0m
[1;33m[1;36m [IssueCommand] cid: 3 clk: 97924 | REFRESH | (address) rank: 0 bankgroup: -1 bank: -1 row: -1 column: -1 addr: 0XFFFFFFFFFFFFFFFF[0m
91808000: system.mem_ctrl: Enqueueing address 39232
[1;33m[1;35m [AddTransaction(RD)] cid: 2 clk: 97981 | READ | addr: 0X9940[0m
[1;33m[1;35m [AddTransaction(RD)] cid: 3 clk: 97981 | READ | addr: 0X9960[0m
[1;33m[1;36m [AddCommand] cid: 2 clk: 97981 | READ | (address) rank: 0 bankgroup: 2 bank: 1 row: 0 column: 12 addr: 0X9940[0m
[1;33m[1;36m [AddCommand] cid: 3 clk: 97981 | READ | (address) rank: 0 bankgroup: 2 bank: 1 row: 0 column: 12 addr: 0X9960[0m
[1;33m[1;36m [IssueCommand] cid: 2 clk: 98223 | ACTIVATE | (address) rank: 0 bankgroup: 2 bank: 1 row: 0 column: 12 addr: 0X9940[0m
[1;33m[1;36m [IssueCommand] cid: 3 clk: 98223 | ACTIVATE | (address) rank: 0 bankgroup: 2 bank: 1 row: 0 column: 12 addr: 0X9960[0m
[1;33m[1;36m [IssueCommand] cid: 2 clk: 98242 | READ | (address) rank: 0 bankgroup: 2 bank: 1 row: 0 column: 12 addr: 0X9940[0m
[1;33m[1;36m [IssueCommand] cid: 3 clk: 98242 | READ | (address) rank: 0 bankgroup: 2 bank: 1 row: 0 column: 12 addr: 0X9960[0m
[1;33m[1;35m [ReturnDoneRead] cid: 2 clk: 98267 | READ | addr: 0X9940[0m
[1;33m[1;35m [ReturnDoneRead] cid: 3 clk: 98267 | READ | addr: 0X9960[0m
92076179: system.mem_ctrl: Read to address 39232 complete
92076179: system.mem_ctrl: Access for address 39232
92076179: system.mem_ctrl: Queuing response for address 39232
92084179: system.mem_ctrl: Attempting to send response
92084179: system.mem_ctrl: Have 0 read, 0 write, 0 responses outstanding
92135000: system.mem_ctrl: Enqueueing address 449536
[1;33m[1;35m [AddTransaction(RD)] cid: 0 clk: 98330 | READ | addr: 0X6DC00[0m
[1;33m[1;35m [AddTransaction(RD)] cid: 1 clk: 98330 | READ | addr: 0X6DC20[0m
[1;33m[1;36m [AddCommand] cid: 0 clk: 98330 | READ | (address) rank: 1 bankgroup: 0 bank: 1 row: 1 column: 46 addr: 0X6DC00[0m
[1;33m[1;36m [AddCommand] cid: 1 clk: 98330 | READ | (address) rank: 1 bankgroup: 0 bank: 1 row: 1 column: 46 addr: 0X6DC20[0m
[1;33m[1;36m [IssueCommand] cid: 0 clk: 98331 | ACTIVATE | (address) rank: 1 bankgroup: 0 bank: 1 row: 1 column: 46 addr: 0X6DC00[0m
[1;33m[1;36m [IssueCommand] cid: 1 clk: 98331 | ACTIVATE | (address) rank: 1 bankgroup: 0 bank: 1 row: 1 column: 46 addr: 0X6DC20[0m
[1;33m[1;36m [IssueCommand] cid: 0 clk: 98350 | READ | (address) rank: 1 bankgroup: 0 bank: 1 row: 1 column: 46 addr: 0X6DC00[0m
[1;33m[1;36m [IssueCommand] cid: 1 clk: 98350 | READ | (address) rank: 1 bankgroup: 0 bank: 1 row: 1 column: 46 addr: 0X6DC20[0m
[1;33m[1;35m [ReturnDoneRead] cid: 0 clk: 98375 | READ | addr: 0X6DC00[0m
[1;33m[1;35m [ReturnDoneRead] cid: 1 clk: 98375 | READ | addr: 0X6DC20[0m
92177375: system.mem_ctrl: Read to address 449536 complete
92177375: system.mem_ctrl: Access for address 449536
92177375: system.mem_ctrl: Queuing response for address 449536
92185375: system.mem_ctrl: Attempting to send response
92185375: system.mem_ctrl: Have 0 read, 0 write, 0 responses outstanding
92242000: system.mem_ctrl: Enqueueing address 449472
[1;33m[1;35m [AddTransaction(RD)] cid: 2 clk: 98444 | READ | addr: 0X6DBC0[0m
[1;33m[1;35m [AddTransaction(RD)] cid: 3 clk: 98444 | READ | addr: 0X6DBE0[0m
[1;33m[1;36m [AddCommand] cid: 2 clk: 98444 | READ | (address) rank: 1 bankgroup: 3 bank: 1 row: 1 column: 45 addr: 0X6DBC0[0m
[1;33m[1;36m [AddCommand] cid: 3 clk: 98444 | READ | (address) rank: 1 bankgroup: 3 bank: 1 row: 1 column: 45 addr: 0X6DBE0[0m
[1;33m[1;36m [IssueCommand] cid: 2 clk: 98445 | ACTIVATE | (address) rank: 1 bankgroup: 3 bank: 1 row: 1 column: 45 addr: 0X6DBC0[0m
[1;33m[1;36m [IssueCommand] cid: 3 clk: 98445 | ACTIVATE | (address) rank: 1 bankgroup: 3 bank: 1 row: 1 column: 45 addr: 0X6DBE0[0m
[1;33m[1;36m [IssueCommand] cid: 2 clk: 98464 | READ | (address) rank: 1 bankgroup: 3 bank: 1 row: 1 column: 45 addr: 0X6DBC0[0m
[1;33m[1;36m [IssueCommand] cid: 3 clk: 98464 | READ | (address) rank: 1 bankgroup: 3 bank: 1 row: 1 column: 45 addr: 0X6DBE0[0m
[1;33m[1;35m [ReturnDoneRead] cid: 2 clk: 98489 | READ | addr: 0X6DBC0[0m
[1;33m[1;35m [ReturnDoneRead] cid: 3 clk: 98489 | READ | addr: 0X6DBE0[0m
92284193: system.mem_ctrl: Read to address 449472 complete
92284193: system.mem_ctrl: Access for address 449472
92284193: system.mem_ctrl: Queuing response for address 449472
92292193: system.mem_ctrl: Attempting to send response
92292193: system.mem_ctrl: Have 0 read, 0 write, 0 responses outstanding
92349000: system.mem_ctrl: Enqueueing address 449408
[1;33m[1;35m [AddTransaction(RD)] cid: 0 clk: 98559 | READ | addr: 0X6DB80[0m
[1;33m[1;35m [AddTransaction(RD)] cid: 1 clk: 98559 | READ | addr: 0X6DBA0[0m
[1;33m[1;36m [AddCommand] cid: 0 clk: 98559 | READ | (address) rank: 1 bankgroup: 3 bank: 1 row: 1 column: 45 addr: 0X6DB80[0m
[1;33m[1;36m [AddCommand] cid: 1 clk: 98559 | READ | (address) rank: 1 bankgroup: 3 bank: 1 row: 1 column: 45 addr: 0X6DBA0[0m
[1;33m[1;36m [IssueCommand] cid: 0 clk: 98560 | ACTIVATE | (address) rank: 1 bankgroup: 3 bank: 1 row: 1 column: 45 addr: 0X6DB80[0m
[1;33m[1;36m [IssueCommand] cid: 1 clk: 98560 | ACTIVATE | (address) rank: 1 bankgroup: 3 bank: 1 row: 1 column: 45 addr: 0X6DBA0[0m
[1;33m[1;36m [IssueCommand] cid: 0 clk: 98579 | READ | (address) rank: 1 bankgroup: 3 bank: 1 row: 1 column: 45 addr: 0X6DB80[0m
[1;33m[1;36m [IssueCommand] cid: 1 clk: 98579 | READ | (address) rank: 1 bankgroup: 3 bank: 1 row: 1 column: 45 addr: 0X6DBA0[0m
[1;33m[1;35m [ReturnDoneRead] cid: 0 clk: 98604 | READ | addr: 0X6DB80[0m
[1;33m[1;35m [ReturnDoneRead] cid: 1 clk: 98604 | READ | addr: 0X6DBA0[0m
92391948: system.mem_ctrl: Read to address 449408 complete
92391948: system.mem_ctrl: Access for address 449408
92391948: system.mem_ctrl: Queuing response for address 449408
92399948: system.mem_ctrl: Attempting to send response
92399948: system.mem_ctrl: Have 0 read, 0 write, 0 responses outstanding
92452000: system.mem_ctrl: Enqueueing address 39296
[1;33m[1;35m [AddTransaction(RD)] cid: 0 clk: 98669 | READ | addr: 0X9980[0m
[1;33m[1;35m [AddTransaction(RD)] cid: 1 clk: 98669 | READ | addr: 0X99A0[0m
[1;33m[1;36m [AddCommand] cid: 0 clk: 98669 | READ | (address) rank: 0 bankgroup: 3 bank: 1 row: 0 column: 12 addr: 0X9980[0m
[1;33m[1;36m [AddCommand] cid: 1 clk: 98669 | READ | (address) rank: 0 bankgroup: 3 bank: 1 row: 0 column: 12 addr: 0X99A0[0m
[1;33m[1;36m [IssueCommand] cid: 0 clk: 98670 | ACTIVATE | (address) rank: 0 bankgroup: 3 bank: 1 row: 0 column: 12 addr: 0X9980[0m
[1;33m[1;36m [IssueCommand] cid: 1 clk: 98670 | ACTIVATE | (address) rank: 0 bankgroup: 3 bank: 1 row: 0 column: 12 addr: 0X99A0[0m
[1;33m[1;36m [IssueCommand] cid: 0 clk: 98689 | READ | (address) rank: 0 bankgroup: 3 bank: 1 row: 0 column: 12 addr: 0X9980[0m
[1;33m[1;36m [IssueCommand] cid: 1 clk: 98689 | READ | (address) rank: 0 bankgroup: 3 bank: 1 row: 0 column: 12 addr: 0X99A0[0m
[1;33m[1;35m [ReturnDoneRead] cid: 0 clk: 98714 | READ | addr: 0X9980[0m
[1;33m[1;35m [ReturnDoneRead] cid: 1 clk: 98714 | READ | addr: 0X99A0[0m
92495018: system.mem_ctrl: Read to address 39296 complete
92495018: system.mem_ctrl: Access for address 39296
92495018: system.mem_ctrl: Queuing response for address 39296
92503018: system.mem_ctrl: Attempting to send response
92503018: system.mem_ctrl: Have 0 read, 0 write, 0 responses outstanding
92666000: system.mem_ctrl: Enqueueing address 39360
[1;33m[1;35m [AddTransaction(RD)] cid: 2 clk: 98897 | READ | addr: 0X99C0[0m
[1;33m[1;35m [AddTransaction(RD)] cid: 3 clk: 98897 | READ | addr: 0X99E0[0m
[1;33m[1;36m [AddCommand] cid: 2 clk: 98897 | READ | (address) rank: 0 bankgroup: 3 bank: 1 row: 0 column: 12 addr: 0X99C0[0m
[1;33m[1;36m [AddCommand] cid: 3 clk: 98897 | READ | (address) rank: 0 bankgroup: 3 bank: 1 row: 0 column: 12 addr: 0X99E0[0m
[1;33m[1;36m [IssueCommand] cid: 2 clk: 98898 | ACTIVATE | (address) rank: 0 bankgroup: 3 bank: 1 row: 0 column: 12 addr: 0X99C0[0m
[1;33m[1;36m [IssueCommand] cid: 3 clk: 98898 | ACTIVATE | (address) rank: 0 bankgroup: 3 bank: 1 row: 0 column: 12 addr: 0X99E0[0m
[1;33m[1;36m [IssueCommand] cid: 2 clk: 98917 | READ | (address) rank: 0 bankgroup: 3 bank: 1 row: 0 column: 12 addr: 0X99C0[0m
[1;33m[1;36m [IssueCommand] cid: 3 clk: 98917 | READ | (address) rank: 0 bankgroup: 3 bank: 1 row: 0 column: 12 addr: 0X99E0[0m
[1;33m[1;35m [ReturnDoneRead] cid: 2 clk: 98942 | READ | addr: 0X99C0[0m
[1;33m[1;35m [ReturnDoneRead] cid: 3 clk: 98942 | READ | addr: 0X99E0[0m
92708654: system.mem_ctrl: Read to address 39360 complete
92708654: system.mem_ctrl: Access for address 39360
92708654: system.mem_ctrl: Queuing response for address 39360
92716654: system.mem_ctrl: Attempting to send response
92716654: system.mem_ctrl: Have 0 read, 0 write, 0 responses outstanding
92769000: system.mem_ctrl: Enqueueing address 426624
[1;33m[1;35m [AddTransaction(RD)] cid: 0 clk: 99007 | READ | addr: 0X68280[0m
[1;33m[1;35m [AddTransaction(RD)] cid: 1 clk: 99007 | READ | addr: 0X682A0[0m
[1;33m[1;36m [AddCommand] cid: 0 clk: 99007 | READ | (address) rank: 1 bankgroup: 1 bank: 1 row: 1 column: 1 addr: 0X68280[0m
[1;33m[1;36m [AddCommand] cid: 1 clk: 99007 | READ | (address) rank: 1 bankgroup: 1 bank: 1 row: 1 column: 1 addr: 0X682A0[0m
[1;33m[1;36m [IssueCommand] cid: 0 clk: 99008 | ACTIVATE | (address) rank: 1 bankgroup: 1 bank: 1 row: 1 column: 1 addr: 0X68280[0m
[1;33m[1;36m [IssueCommand] cid: 1 clk: 99008 | ACTIVATE | (address) rank: 1 bankgroup: 1 bank: 1 row: 1 column: 1 addr: 0X682A0[0m
[1;33m[1;36m [IssueCommand] cid: 0 clk: 99027 | READ | (address) rank: 1 bankgroup: 1 bank: 1 row: 1 column: 1 addr: 0X68280[0m
[1;33m[1;36m [IssueCommand] cid: 1 clk: 99027 | READ | (address) rank: 1 bankgroup: 1 bank: 1 row: 1 column: 1 addr: 0X682A0[0m
[1;33m[1;35m [ReturnDoneRead] cid: 0 clk: 99052 | READ | addr: 0X68280[0m
[1;33m[1;35m [ReturnDoneRead] cid: 1 clk: 99052 | READ | addr: 0X682A0[0m
92811724: system.mem_ctrl: Read to address 426624 complete
92811724: system.mem_ctrl: Access for address 426624
92811724: system.mem_ctrl: Queuing response for address 426624
92819724: system.mem_ctrl: Attempting to send response
92819724: system.mem_ctrl: Have 0 read, 0 write, 0 responses outstanding
92914000: system.mem_ctrl: Enqueueing address 39424
[1;33m[1;35m [AddTransaction(RD)] cid: 0 clk: 99162 | READ | addr: 0X9A00[0m
[1;33m[1;35m [AddTransaction(RD)] cid: 1 clk: 99162 | READ | addr: 0X9A20[0m
[1;33m[1;36m [AddCommand] cid: 0 clk: 99162 | READ | (address) rank: 0 bankgroup: 0 bank: 1 row: 0 column: 13 addr: 0X9A00[0m
[1;33m[1;36m [AddCommand] cid: 1 clk: 99162 | READ | (address) rank: 0 bankgroup: 0 bank: 1 row: 0 column: 13 addr: 0X9A20[0m
[1;33m[1;36m [IssueCommand] cid: 0 clk: 99163 | ACTIVATE | (address) rank: 0 bankgroup: 0 bank: 1 row: 0 column: 13 addr: 0X9A00[0m
[1;33m[1;36m [IssueCommand] cid: 1 clk: 99163 | ACTIVATE | (address) rank: 0 bankgroup: 0 bank: 1 row: 0 column: 13 addr: 0X9A20[0m
[1;33m[1;36m [IssueCommand] cid: 0 clk: 99182 | READ | (address) rank: 0 bankgroup: 0 bank: 1 row: 0 column: 13 addr: 0X9A00[0m
[1;33m[1;36m [IssueCommand] cid: 1 clk: 99182 | READ | (address) rank: 0 bankgroup: 0 bank: 1 row: 0 column: 13 addr: 0X9A20[0m
[1;33m[1;35m [ReturnDoneRead] cid: 0 clk: 99207 | READ | addr: 0X9A00[0m
[1;33m[1;35m [ReturnDoneRead] cid: 1 clk: 99207 | READ | addr: 0X9A20[0m
92956959: system.mem_ctrl: Read to address 39424 complete
92956959: system.mem_ctrl: Access for address 39424
92956959: system.mem_ctrl: Queuing response for address 39424
92964959: system.mem_ctrl: Attempting to send response
92964959: system.mem_ctrl: Have 0 read, 0 write, 0 responses outstanding
93029000: system.mem_ctrl: Enqueueing address 39488
[1;33m[1;35m [AddTransaction(RD)] cid: 2 clk: 99284 | READ | addr: 0X9A40[0m
[1;33m[1;35m [AddTransaction(RD)] cid: 3 clk: 99284 | READ | addr: 0X9A60[0m
[1;33m[1;36m [AddCommand] cid: 2 clk: 99284 | READ | (address) rank: 0 bankgroup: 0 bank: 1 row: 0 column: 13 addr: 0X9A40[0m
[1;33m[1;36m [AddCommand] cid: 3 clk: 99284 | READ | (address) rank: 0 bankgroup: 0 bank: 1 row: 0 column: 13 addr: 0X9A60[0m
[1;33m[1;36m [IssueCommand] cid: 2 clk: 99285 | ACTIVATE | (address) rank: 0 bankgroup: 0 bank: 1 row: 0 column: 13 addr: 0X9A40[0m
[1;33m[1;36m [IssueCommand] cid: 3 clk: 99285 | ACTIVATE | (address) rank: 0 bankgroup: 0 bank: 1 row: 0 column: 13 addr: 0X9A60[0m
[1;33m[1;36m [IssueCommand] cid: 2 clk: 99304 | READ | (address) rank: 0 bankgroup: 0 bank: 1 row: 0 column: 13 addr: 0X9A40[0m
[1;33m[1;36m [IssueCommand] cid: 3 clk: 99304 | READ | (address) rank: 0 bankgroup: 0 bank: 1 row: 0 column: 13 addr: 0X9A60[0m
[1;33m[1;35m [ReturnDoneRead] cid: 2 clk: 99329 | READ | addr: 0X9A40[0m
[1;33m[1;35m [ReturnDoneRead] cid: 3 clk: 99329 | READ | addr: 0X9A60[0m
93071273: system.mem_ctrl: Read to address 39488 complete
93071273: system.mem_ctrl: Access for address 39488
93071273: system.mem_ctrl: Queuing response for address 39488
93079273: system.mem_ctrl: Attempting to send response
93079273: system.mem_ctrl: Have 0 read, 0 write, 0 responses outstanding
93128000: system.mem_ctrl: Enqueueing address 413888
[1;33m[1;35m [AddTransaction(RD)] cid: 2 clk: 99390 | READ | addr: 0X650C0[0m
[1;33m[1;35m [AddTransaction(RD)] cid: 3 clk: 99390 | READ | addr: 0X650E0[0m
[1;33m[1;36m [AddCommand] cid: 2 clk: 99390 | READ | (address) rank: 1 bankgroup: 1 bank: 0 row: 1 column: 40 addr: 0X650C0[0m
[1;33m[1;36m [AddCommand] cid: 3 clk: 99390 | READ | (address) rank: 1 bankgroup: 1 bank: 0 row: 1 column: 40 addr: 0X650E0[0m
[1;33m[1;36m [IssueCommand] cid: 2 clk: 99391 | ACTIVATE | (address) rank: 1 bankgroup: 1 bank: 0 row: 1 column: 40 addr: 0X650C0[0m
[1;33m[1;36m [IssueCommand] cid: 3 clk: 99391 | ACTIVATE | (address) rank: 1 bankgroup: 1 bank: 0 row: 1 column: 40 addr: 0X650E0[0m
[1;33m[1;36m [IssueCommand] cid: 2 clk: 99410 | READ | (address) rank: 1 bankgroup: 1 bank: 0 row: 1 column: 40 addr: 0X650C0[0m
[1;33m[1;36m [IssueCommand] cid: 3 clk: 99410 | READ | (address) rank: 1 bankgroup: 1 bank: 0 row: 1 column: 40 addr: 0X650E0[0m
[1;33m[1;35m [ReturnDoneRead] cid: 2 clk: 99435 | READ | addr: 0X650C0[0m
[1;33m[1;35m [ReturnDoneRead] cid: 3 clk: 99435 | READ | addr: 0X650E0[0m
93170595: system.mem_ctrl: Read to address 413888 complete
93170595: system.mem_ctrl: Access for address 413888
93170595: system.mem_ctrl: Queuing response for address 413888
93178595: system.mem_ctrl: Attempting to send response
93178595: system.mem_ctrl: Have 0 read, 0 write, 0 responses outstanding
93229000: system.mem_ctrl: Enqueueing address 39616
[1;33m[1;35m [AddTransaction(RD)] cid: 2 clk: 99498 | READ | addr: 0X9AC0[0m
[1;33m[1;35m [AddTransaction(RD)] cid: 3 clk: 99498 | READ | addr: 0X9AE0[0m
[1;33m[1;36m [AddCommand] cid: 2 clk: 99498 | READ | (address) rank: 0 bankgroup: 1 bank: 1 row: 0 column: 13 addr: 0X9AC0[0m
[1;33m[1;36m [AddCommand] cid: 3 clk: 99498 | READ | (address) rank: 0 bankgroup: 1 bank: 1 row: 0 column: 13 addr: 0X9AE0[0m
[1;33m[1;36m [IssueCommand] cid: 2 clk: 99499 | ACTIVATE | (address) rank: 0 bankgroup: 1 bank: 1 row: 0 column: 13 addr: 0X9AC0[0m
[1;33m[1;36m [IssueCommand] cid: 3 clk: 99499 | ACTIVATE | (address) rank: 0 bankgroup: 1 bank: 1 row: 0 column: 13 addr: 0X9AE0[0m
[1;33m[1;36m [IssueCommand] cid: 2 clk: 99518 | READ | (address) rank: 0 bankgroup: 1 bank: 1 row: 0 column: 13 addr: 0X9AC0[0m
[1;33m[1;36m [IssueCommand] cid: 3 clk: 99518 | READ | (address) rank: 0 bankgroup: 1 bank: 1 row: 0 column: 13 addr: 0X9AE0[0m
[1;33m[1;35m [ReturnDoneRead] cid: 2 clk: 99543 | READ | addr: 0X9AC0[0m
[1;33m[1;35m [ReturnDoneRead] cid: 3 clk: 99543 | READ | addr: 0X9AE0[0m
93271791: system.mem_ctrl: Read to address 39616 complete
93271791: system.mem_ctrl: Access for address 39616
93271791: system.mem_ctrl: Queuing response for address 39616
93279791: system.mem_ctrl: Attempting to send response
93279791: system.mem_ctrl: Have 0 read, 0 write, 0 responses outstanding
93328000: system.mem_ctrl: Enqueueing address 413760
[1;33m[1;35m [AddTransaction(RD)] cid: 2 clk: 99603 | READ | addr: 0X65040[0m
[1;33m[1;35m [AddTransaction(RD)] cid: 3 clk: 99603 | READ | addr: 0X65060[0m
[1;33m[1;36m [AddCommand] cid: 2 clk: 99603 | READ | (address) rank: 1 bankgroup: 0 bank: 0 row: 1 column: 40 addr: 0X65040[0m
[1;33m[1;36m [AddCommand] cid: 3 clk: 99603 | READ | (address) rank: 1 bankgroup: 0 bank: 0 row: 1 column: 40 addr: 0X65060[0m
[1;33m[1;36m [IssueCommand] cid: 2 clk: 99604 | ACTIVATE | (address) rank: 1 bankgroup: 0 bank: 0 row: 1 column: 40 addr: 0X65040[0m
[1;33m[1;36m [IssueCommand] cid: 3 clk: 99604 | ACTIVATE | (address) rank: 1 bankgroup: 0 bank: 0 row: 1 column: 40 addr: 0X65060[0m
[1;33m[1;36m [IssueCommand] cid: 2 clk: 99623 | READ | (address) rank: 1 bankgroup: 0 bank: 0 row: 1 column: 40 addr: 0X65040[0m
[1;33m[1;36m [IssueCommand] cid: 3 clk: 99623 | READ | (address) rank: 1 bankgroup: 0 bank: 0 row: 1 column: 40 addr: 0X65060[0m
[1;33m[1;35m [ReturnDoneRead] cid: 2 clk: 99648 | READ | addr: 0X65040[0m
[1;33m[1;35m [ReturnDoneRead] cid: 3 clk: 99648 | READ | addr: 0X65060[0m
93370176: system.mem_ctrl: Read to address 413760 complete
93370176: system.mem_ctrl: Access for address 413760
93370176: system.mem_ctrl: Queuing response for address 413760
93378176: system.mem_ctrl: Attempting to send response
93378176: system.mem_ctrl: Have 0 read, 0 write, 0 responses outstanding
93439000: system.mem_ctrl: Enqueueing address 39552
[1;33m[1;35m [AddTransaction(RD)] cid: 0 clk: 99722 | READ | addr: 0X9A80[0m
[1;33m[1;35m [AddTransaction(RD)] cid: 1 clk: 99722 | READ | addr: 0X9AA0[0m
[1;33m[1;36m [AddCommand] cid: 0 clk: 99722 | READ | (address) rank: 0 bankgroup: 1 bank: 1 row: 0 column: 13 addr: 0X9A80[0m
[1;33m[1;36m [AddCommand] cid: 1 clk: 99722 | READ | (address) rank: 0 bankgroup: 1 bank: 1 row: 0 column: 13 addr: 0X9AA0[0m
[1;33m[1;36m [IssueCommand] cid: 0 clk: 99723 | ACTIVATE | (address) rank: 0 bankgroup: 1 bank: 1 row: 0 column: 13 addr: 0X9A80[0m
[1;33m[1;36m [IssueCommand] cid: 1 clk: 99723 | ACTIVATE | (address) rank: 0 bankgroup: 1 bank: 1 row: 0 column: 13 addr: 0X9AA0[0m
[1;33m[1;36m [IssueCommand] cid: 0 clk: 99742 | READ | (address) rank: 0 bankgroup: 1 bank: 1 row: 0 column: 13 addr: 0X9A80[0m
[1;33m[1;36m [IssueCommand] cid: 1 clk: 99742 | READ | (address) rank: 0 bankgroup: 1 bank: 1 row: 0 column: 13 addr: 0X9AA0[0m
[1;33m[1;35m [ReturnDoneRead] cid: 0 clk: 99767 | READ | addr: 0X9A80[0m
[1;33m[1;35m [ReturnDoneRead] cid: 1 clk: 99767 | READ | addr: 0X9AA0[0m
93481679: system.mem_ctrl: Read to address 39552 complete
93481679: system.mem_ctrl: Access for address 39552
93481679: system.mem_ctrl: Queuing response for address 39552
93489679: system.mem_ctrl: Attempting to send response
93489679: system.mem_ctrl: Have 0 read, 0 write, 0 responses outstanding
93538000: system.mem_ctrl: Enqueueing address 413824
[1;33m[1;35m [AddTransaction(RD)] cid: 0 clk: 99828 | READ | addr: 0X65080[0m
[1;33m[1;35m [AddTransaction(RD)] cid: 1 clk: 99828 | READ | addr: 0X650A0[0m
[1;33m[1;36m [AddCommand] cid: 0 clk: 99828 | READ | (address) rank: 1 bankgroup: 1 bank: 0 row: 1 column: 40 addr: 0X65080[0m
[1;33m[1;36m [AddCommand] cid: 1 clk: 99828 | READ | (address) rank: 1 bankgroup: 1 bank: 0 row: 1 column: 40 addr: 0X650A0[0m
[1;33m[1;36m [IssueCommand] cid: 0 clk: 99829 | ACTIVATE | (address) rank: 1 bankgroup: 1 bank: 0 row: 1 column: 40 addr: 0X65080[0m
[1;33m[1;36m [IssueCommand] cid: 1 clk: 99829 | ACTIVATE | (address) rank: 1 bankgroup: 1 bank: 0 row: 1 column: 40 addr: 0X650A0[0m
[1;33m[1;36m [IssueCommand] cid: 0 clk: 99848 | READ | (address) rank: 1 bankgroup: 1 bank: 0 row: 1 column: 40 addr: 0X65080[0m
[1;33m[1;36m [IssueCommand] cid: 1 clk: 99848 | READ | (address) rank: 1 bankgroup: 1 bank: 0 row: 1 column: 40 addr: 0X650A0[0m
[1;33m[1;35m [ReturnDoneRead] cid: 0 clk: 99873 | READ | addr: 0X65080[0m
[1;33m[1;35m [ReturnDoneRead] cid: 1 clk: 99873 | READ | addr: 0X650A0[0m
93581001: system.mem_ctrl: Read to address 413824 complete
93581001: system.mem_ctrl: Access for address 413824
93581001: system.mem_ctrl: Queuing response for address 413824
93589001: system.mem_ctrl: Attempting to send response
93589001: system.mem_ctrl: Have 0 read, 0 write, 0 responses outstanding
[1;33m[1;36m [IssueCommand] cid: 0 clk: 99984 | PRECHARGE | (address) rank: 1 bankgroup: 0 bank: 1 row: -1 column: -1 addr: 0XFFFFFFFFFFFFFFFF[0m
[1;33m[1;36m [IssueCommand] cid: 1 clk: 99984 | PRECHARGE | (address) rank: 1 bankgroup: 0 bank: 1 row: -1 column: -1 addr: 0XFFFFFFFFFFFFFFFF[0m
[1;33m[1;36m [IssueCommand] cid: 2 clk: 99984 | PRECHARGE | (address) rank: 1 bankgroup: 0 bank: 0 row: -1 column: -1 addr: 0XFFFFFFFFFFFFFFFF[0m
[1;33m[1;36m [IssueCommand] cid: 3 clk: 99984 | PRECHARGE | (address) rank: 1 bankgroup: 0 bank: 0 row: -1 column: -1 addr: 0XFFFFFFFFFFFFFFFF[0m
[1;33m[1;36m [IssueCommand] cid: 0 clk: 99985 | PRECHARGE | (address) rank: 1 bankgroup: 1 bank: 0 row: -1 column: -1 addr: 0XFFFFFFFFFFFFFFFF[0m
[1;33m[1;36m [IssueCommand] cid: 1 clk: 99985 | PRECHARGE | (address) rank: 1 bankgroup: 1 bank: 0 row: -1 column: -1 addr: 0XFFFFFFFFFFFFFFFF[0m
[1;33m[1;36m [IssueCommand] cid: 2 clk: 99985 | PRECHARGE | (address) rank: 1 bankgroup: 0 bank: 1 row: -1 column: -1 addr: 0XFFFFFFFFFFFFFFFF[0m
[1;33m[1;36m [IssueCommand] cid: 3 clk: 99985 | PRECHARGE | (address) rank: 1 bankgroup: 0 bank: 1 row: -1 column: -1 addr: 0XFFFFFFFFFFFFFFFF[0m
[1;33m[1;36m [IssueCommand] cid: 0 clk: 99986 | PRECHARGE | (address) rank: 1 bankgroup: 1 bank: 1 row: -1 column: -1 addr: 0XFFFFFFFFFFFFFFFF[0m
[1;33m[1;36m [IssueCommand] cid: 1 clk: 99986 | PRECHARGE | (address) rank: 1 bankgroup: 1 bank: 1 row: -1 column: -1 addr: 0XFFFFFFFFFFFFFFFF[0m
[1;33m[1;36m [IssueCommand] cid: 2 clk: 99986 | PRECHARGE | (address) rank: 1 bankgroup: 1 bank: 0 row: -1 column: -1 addr: 0XFFFFFFFFFFFFFFFF[0m
[1;33m[1;36m [IssueCommand] cid: 3 clk: 99986 | PRECHARGE | (address) rank: 1 bankgroup: 1 bank: 0 row: -1 column: -1 addr: 0XFFFFFFFFFFFFFFFF[0m
[1;33m[1;36m [IssueCommand] cid: 0 clk: 99987 | PRECHARGE | (address) rank: 1 bankgroup: 3 bank: 1 row: -1 column: -1 addr: 0XFFFFFFFFFFFFFFFF[0m
[1;33m[1;36m [IssueCommand] cid: 1 clk: 99987 | PRECHARGE | (address) rank: 1 bankgroup: 3 bank: 1 row: -1 column: -1 addr: 0XFFFFFFFFFFFFFFFF[0m
[1;33m[1;36m [IssueCommand] cid: 2 clk: 99987 | PRECHARGE | (address) rank: 1 bankgroup: 3 bank: 1 row: -1 column: -1 addr: 0XFFFFFFFFFFFFFFFF[0m
[1;33m[1;36m [IssueCommand] cid: 3 clk: 99987 | PRECHARGE | (address) rank: 1 bankgroup: 3 bank: 1 row: -1 column: -1 addr: 0XFFFFFFFFFFFFFFFF[0m
[1;33m[1;36m [IssueCommand] cid: 0 clk: 100006 | REFRESH | (address) rank: 1 bankgroup: -1 bank: -1 row: -1 column: -1 addr: 0XFFFFFFFFFFFFFFFF[0m
[1;33m[1;36m [IssueCommand] cid: 1 clk: 100006 | REFRESH | (address) rank: 1 bankgroup: -1 bank: -1 row: -1 column: -1 addr: 0XFFFFFFFFFFFFFFFF[0m
[1;33m[1;36m [IssueCommand] cid: 2 clk: 100006 | REFRESH | (address) rank: 1 bankgroup: -1 bank: -1 row: -1 column: -1 addr: 0XFFFFFFFFFFFFFFFF[0m
[1;33m[1;36m [IssueCommand] cid: 3 clk: 100006 | REFRESH | (address) rank: 1 bankgroup: -1 bank: -1 row: -1 column: -1 addr: 0XFFFFFFFFFFFFFFFF[0m
93710000: system.mem_ctrl: Enqueueing address 449344
[1;33m[1;35m [AddTransaction(RD)] cid: 2 clk: 100011 | READ | addr: 0X6DB40[0m
[1;33m[1;35m [AddTransaction(RD)] cid: 3 clk: 100011 | READ | addr: 0X6DB60[0m
[1;33m[1;36m [AddCommand] cid: 2 clk: 100011 | READ | (address) rank: 1 bankgroup: 2 bank: 1 row: 1 column: 45 addr: 0X6DB40[0m
[1;33m[1;36m [AddCommand] cid: 3 clk: 100011 | READ | (address) rank: 1 bankgroup: 2 bank: 1 row: 1 column: 45 addr: 0X6DB60[0m
[1;33m[1;36m [IssueCommand] cid: 2 clk: 100305 | ACTIVATE | (address) rank: 1 bankgroup: 2 bank: 1 row: 1 column: 45 addr: 0X6DB40[0m
[1;33m[1;36m [IssueCommand] cid: 3 clk: 100305 | ACTIVATE | (address) rank: 1 bankgroup: 2 bank: 1 row: 1 column: 45 addr: 0X6DB60[0m
[1;33m[1;36m [IssueCommand] cid: 2 clk: 100324 | READ | (address) rank: 1 bankgroup: 2 bank: 1 row: 1 column: 45 addr: 0X6DB40[0m
[1;33m[1;36m [IssueCommand] cid: 3 clk: 100324 | READ | (address) rank: 1 bankgroup: 2 bank: 1 row: 1 column: 45 addr: 0X6DB60[0m
[1;33m[1;35m [ReturnDoneRead] cid: 2 clk: 100349 | READ | addr: 0X6DB40[0m
[1;33m[1;35m [ReturnDoneRead] cid: 3 clk: 100349 | READ | addr: 0X6DB60[0m
94027013: system.mem_ctrl: Read to address 449344 complete
94027013: system.mem_ctrl: Access for address 449344
94027013: system.mem_ctrl: Queuing response for address 449344
94035013: system.mem_ctrl: Attempting to send response
94035013: system.mem_ctrl: Have 0 read, 0 write, 0 responses outstanding
94190000: system.mem_ctrl: Enqueueing address 28864
[1;33m[1;35m [AddTransaction(RD)] cid: 2 clk: 100523 | READ | addr: 0X70C0[0m
[1;33m[1;35m [AddTransaction(RD)] cid: 3 clk: 100523 | READ | addr: 0X70E0[0m
[1;33m[1;36m [AddCommand] cid: 2 clk: 100523 | READ | (address) rank: 0 bankgroup: 1 bank: 0 row: 0 column: 56 addr: 0X70C0[0m
[1;33m[1;36m [AddCommand] cid: 3 clk: 100523 | READ | (address) rank: 0 bankgroup: 1 bank: 0 row: 0 column: 56 addr: 0X70E0[0m
[1;33m[1;36m [IssueCommand] cid: 2 clk: 100524 | ACTIVATE | (address) rank: 0 bankgroup: 1 bank: 0 row: 0 column: 56 addr: 0X70C0[0m
[1;33m[1;36m [IssueCommand] cid: 3 clk: 100524 | ACTIVATE | (address) rank: 0 bankgroup: 1 bank: 0 row: 0 column: 56 addr: 0X70E0[0m
[1;33m[1;36m [IssueCommand] cid: 2 clk: 100543 | READ | (address) rank: 0 bankgroup: 1 bank: 0 row: 0 column: 56 addr: 0X70C0[0m
[1;33m[1;36m [IssueCommand] cid: 3 clk: 100543 | READ | (address) rank: 0 bankgroup: 1 bank: 0 row: 0 column: 56 addr: 0X70E0[0m
[1;33m[1;35m [ReturnDoneRead] cid: 2 clk: 100568 | READ | addr: 0X70C0[0m
[1;33m[1;35m [ReturnDoneRead] cid: 3 clk: 100568 | READ | addr: 0X70E0[0m
94232216: system.mem_ctrl: Read to address 28864 complete
94232216: system.mem_ctrl: Access for address 28864
94232216: system.mem_ctrl: Queuing response for address 28864
94240216: system.mem_ctrl: Attempting to send response
94240216: system.mem_ctrl: Have 0 read, 0 write, 0 responses outstanding
94311000: system.mem_ctrl: Enqueueing address 28928
[1;33m[1;35m [AddTransaction(RD)] cid: 0 clk: 100653 | READ | addr: 0X7100[0m
[1;33m[1;35m [AddTransaction(RD)] cid: 1 clk: 100653 | READ | addr: 0X7120[0m
[1;33m[1;36m [AddCommand] cid: 0 clk: 100653 | READ | (address) rank: 0 bankgroup: 2 bank: 0 row: 0 column: 56 addr: 0X7100[0m
[1;33m[1;36m [AddCommand] cid: 1 clk: 100653 | READ | (address) rank: 0 bankgroup: 2 bank: 0 row: 0 column: 56 addr: 0X7120[0m
[1;33m[1;36m [IssueCommand] cid: 0 clk: 100654 | ACTIVATE | (address) rank: 0 bankgroup: 2 bank: 0 row: 0 column: 56 addr: 0X7100[0m
[1;33m[1;36m [IssueCommand] cid: 1 clk: 100654 | ACTIVATE | (address) rank: 0 bankgroup: 2 bank: 0 row: 0 column: 56 addr: 0X7120[0m
[1;33m[1;36m [IssueCommand] cid: 0 clk: 100673 | READ | (address) rank: 0 bankgroup: 2 bank: 0 row: 0 column: 56 addr: 0X7100[0m
[1;33m[1;36m [IssueCommand] cid: 1 clk: 100673 | READ | (address) rank: 0 bankgroup: 2 bank: 0 row: 0 column: 56 addr: 0X7120[0m
[1;33m[1;35m [ReturnDoneRead] cid: 0 clk: 100698 | READ | addr: 0X7100[0m
[1;33m[1;35m [ReturnDoneRead] cid: 1 clk: 100698 | READ | addr: 0X7120[0m
94354026: system.mem_ctrl: Read to address 28928 complete
94354026: system.mem_ctrl: Access for address 28928
94354026: system.mem_ctrl: Queuing response for address 28928
94362026: system.mem_ctrl: Attempting to send response
94362026: system.mem_ctrl: Have 0 read, 0 write, 0 responses outstanding
94451000: system.mem_ctrl: Enqueueing address 29056
[1;33m[1;35m [AddTransaction(RD)] cid: 0 clk: 100802 | READ | addr: 0X7180[0m
[1;33m[1;35m [AddTransaction(RD)] cid: 1 clk: 100802 | READ | addr: 0X71A0[0m
[1;33m[1;36m [AddCommand] cid: 0 clk: 100802 | READ | (address) rank: 0 bankgroup: 3 bank: 0 row: 0 column: 56 addr: 0X7180[0m
[1;33m[1;36m [AddCommand] cid: 1 clk: 100802 | READ | (address) rank: 0 bankgroup: 3 bank: 0 row: 0 column: 56 addr: 0X71A0[0m
[1;33m[1;36m [IssueCommand] cid: 0 clk: 100803 | ACTIVATE | (address) rank: 0 bankgroup: 3 bank: 0 row: 0 column: 56 addr: 0X7180[0m
[1;33m[1;36m [IssueCommand] cid: 1 clk: 100803 | ACTIVATE | (address) rank: 0 bankgroup: 3 bank: 0 row: 0 column: 56 addr: 0X71A0[0m
[1;33m[1;36m [IssueCommand] cid: 0 clk: 100822 | READ | (address) rank: 0 bankgroup: 3 bank: 0 row: 0 column: 56 addr: 0X7180[0m
[1;33m[1;36m [IssueCommand] cid: 1 clk: 100822 | READ | (address) rank: 0 bankgroup: 3 bank: 0 row: 0 column: 56 addr: 0X71A0[0m
[1;33m[1;35m [ReturnDoneRead] cid: 0 clk: 100847 | READ | addr: 0X7180[0m
[1;33m[1;35m [ReturnDoneRead] cid: 1 clk: 100847 | READ | addr: 0X71A0[0m
94493639: system.mem_ctrl: Read to address 29056 complete
94493639: system.mem_ctrl: Access for address 29056
94493639: system.mem_ctrl: Queuing response for address 29056
94501639: system.mem_ctrl: Attempting to send response
94501639: system.mem_ctrl: Have 0 read, 0 write, 0 responses outstanding
94604000: system.mem_ctrl: Enqueueing address 449280
[1;33m[1;35m [AddTransaction(RD)] cid: 0 clk: 100965 | READ | addr: 0X6DB00[0m
[1;33m[1;35m [AddTransaction(RD)] cid: 1 clk: 100965 | READ | addr: 0X6DB20[0m
[1;33m[1;36m [AddCommand] cid: 0 clk: 100965 | READ | (address) rank: 1 bankgroup: 2 bank: 1 row: 1 column: 45 addr: 0X6DB00[0m
[1;33m[1;36m [AddCommand] cid: 1 clk: 100965 | READ | (address) rank: 1 bankgroup: 2 bank: 1 row: 1 column: 45 addr: 0X6DB20[0m
[1;33m[1;36m [IssueCommand] cid: 0 clk: 100966 | ACTIVATE | (address) rank: 1 bankgroup: 2 bank: 1 row: 1 column: 45 addr: 0X6DB00[0m
[1;33m[1;36m [IssueCommand] cid: 1 clk: 100966 | ACTIVATE | (address) rank: 1 bankgroup: 2 bank: 1 row: 1 column: 45 addr: 0X6DB20[0m
[1;33m[1;36m [IssueCommand] cid: 0 clk: 100985 | READ | (address) rank: 1 bankgroup: 2 bank: 1 row: 1 column: 45 addr: 0X6DB00[0m
[1;33m[1;36m [IssueCommand] cid: 1 clk: 100985 | READ | (address) rank: 1 bankgroup: 2 bank: 1 row: 1 column: 45 addr: 0X6DB20[0m
[1;33m[1;35m [ReturnDoneRead] cid: 0 clk: 101010 | READ | addr: 0X6DB00[0m
[1;33m[1;35m [ReturnDoneRead] cid: 1 clk: 101010 | READ | addr: 0X6DB20[0m
94646370: system.mem_ctrl: Read to address 449280 complete
94646370: system.mem_ctrl: Access for address 449280
94646370: system.mem_ctrl: Queuing response for address 449280
94654370: system.mem_ctrl: Attempting to send response
94654370: system.mem_ctrl: Have 0 read, 0 write, 0 responses outstanding
94719000: system.mem_ctrl: Enqueueing address 31616
[1;33m[1;35m [AddTransaction(RD)] cid: 0 clk: 101088 | READ | addr: 0X7B80[0m
[1;33m[1;35m [AddTransaction(RD)] cid: 1 clk: 101088 | READ | addr: 0X7BA0[0m
[1;33m[1;36m [AddCommand] cid: 0 clk: 101088 | READ | (address) rank: 0 bankgroup: 3 bank: 0 row: 0 column: 61 addr: 0X7B80[0m
[1;33m[1;36m [AddCommand] cid: 1 clk: 101088 | READ | (address) rank: 0 bankgroup: 3 bank: 0 row: 0 column: 61 addr: 0X7BA0[0m
[1;33m[1;36m [IssueCommand] cid: 0 clk: 101089 | READ | (address) rank: 0 bankgroup: 3 bank: 0 row: 0 column: 61 addr: 0X7B80[0m
[1;33m[1;36m [IssueCommand] cid: 1 clk: 101089 | READ | (address) rank: 0 bankgroup: 3 bank: 0 row: 0 column: 61 addr: 0X7BA0[0m
[1;33m[1;35m [ReturnDoneRead] cid: 0 clk: 101114 | READ | addr: 0X7B80[0m
[1;33m[1;35m [ReturnDoneRead] cid: 1 clk: 101114 | READ | addr: 0X7BA0[0m
94743818: system.mem_ctrl: Read to address 31616 complete
94743818: system.mem_ctrl: Access for address 31616
94743818: system.mem_ctrl: Queuing response for address 31616
94751818: system.mem_ctrl: Attempting to send response
94751818: system.mem_ctrl: Have 0 read, 0 write, 0 responses outstanding
94828000: system.mem_ctrl: Enqueueing address 73024
[1;33m[1;35m [AddTransaction(RD)] cid: 2 clk: 101204 | READ | addr: 0X11D40[0m
[1;33m[1;35m [AddTransaction(RD)] cid: 3 clk: 101204 | READ | addr: 0X11D60[0m
[1;33m[1;36m [AddCommand] cid: 2 clk: 101204 | READ | (address) rank: 0 bankgroup: 2 bank: 2 row: 0 column: 14 addr: 0X11D40[0m
[1;33m[1;36m [AddCommand] cid: 3 clk: 101204 | READ | (address) rank: 0 bankgroup: 2 bank: 2 row: 0 column: 14 addr: 0X11D60[0m
[1;33m[1;36m [IssueCommand] cid: 2 clk: 101205 | ACTIVATE | (address) rank: 0 bankgroup: 2 bank: 2 row: 0 column: 14 addr: 0X11D40[0m
[1;33m[1;36m [IssueCommand] cid: 3 clk: 101205 | ACTIVATE | (address) rank: 0 bankgroup: 2 bank: 2 row: 0 column: 14 addr: 0X11D60[0m
[1;33m[1;36m [IssueCommand] cid: 2 clk: 101224 | READ | (address) rank: 0 bankgroup: 2 bank: 2 row: 0 column: 14 addr: 0X11D40[0m
[1;33m[1;36m [IssueCommand] cid: 3 clk: 101224 | READ | (address) rank: 0 bankgroup: 2 bank: 2 row: 0 column: 14 addr: 0X11D60[0m
[1;33m[1;35m [ReturnDoneRead] cid: 2 clk: 101249 | READ | addr: 0X11D40[0m
[1;33m[1;35m [ReturnDoneRead] cid: 3 clk: 101249 | READ | addr: 0X11D60[0m
94870313: system.mem_ctrl: Read to address 73024 complete
94870313: system.mem_ctrl: Access for address 73024
94870313: system.mem_ctrl: Queuing response for address 73024
94878313: system.mem_ctrl: Attempting to send response
94878313: system.mem_ctrl: Have 0 read, 0 write, 0 responses outstanding
94941000: system.mem_ctrl: Enqueueing address 449216
[1;33m[1;35m [AddTransaction(RD)] cid: 2 clk: 101325 | READ | addr: 0X6DAC0[0m
[1;33m[1;35m [AddTransaction(RD)] cid: 3 clk: 101325 | READ | addr: 0X6DAE0[0m
[1;33m[1;36m [AddCommand] cid: 2 clk: 101325 | READ | (address) rank: 1 bankgroup: 1 bank: 1 row: 1 column: 45 addr: 0X6DAC0[0m
[1;33m[1;36m [AddCommand] cid: 3 clk: 101325 | READ | (address) rank: 1 bankgroup: 1 bank: 1 row: 1 column: 45 addr: 0X6DAE0[0m
[1;33m[1;36m [IssueCommand] cid: 2 clk: 101326 | ACTIVATE | (address) rank: 1 bankgroup: 1 bank: 1 row: 1 column: 45 addr: 0X6DAC0[0m
[1;33m[1;36m [IssueCommand] cid: 3 clk: 101326 | ACTIVATE | (address) rank: 1 bankgroup: 1 bank: 1 row: 1 column: 45 addr: 0X6DAE0[0m
[1;33m[1;36m [IssueCommand] cid: 2 clk: 101345 | READ | (address) rank: 1 bankgroup: 1 bank: 1 row: 1 column: 45 addr: 0X6DAC0[0m
[1;33m[1;36m [IssueCommand] cid: 3 clk: 101345 | READ | (address) rank: 1 bankgroup: 1 bank: 1 row: 1 column: 45 addr: 0X6DAE0[0m
[1;33m[1;35m [ReturnDoneRead] cid: 2 clk: 101370 | READ | addr: 0X6DAC0[0m
[1;33m[1;35m [ReturnDoneRead] cid: 3 clk: 101370 | READ | addr: 0X6DAE0[0m
94983690: system.mem_ctrl: Read to address 449216 complete
94983690: system.mem_ctrl: Access for address 449216
94983690: system.mem_ctrl: Queuing response for address 449216
94991690: system.mem_ctrl: Attempting to send response
94991690: system.mem_ctrl: Have 0 read, 0 write, 0 responses outstanding
dispatched tokens 0 1 2 at 0x77400 0x77440 0x77480
waiting on token 0...
waiting on token 1...
waiting on token 2...
all three waits returned -- multi-dispatch PIM loop complete
95062000: system.mem_ctrl: Enqueueing address 73088
[1;33m[1;35m [AddTransaction(RD)] cid: 0 clk: 101454 | READ | addr: 0X11D80[0m
[1;33m[1;35m [AddTransaction(RD)] cid: 1 clk: 101454 | READ | addr: 0X11DA0[0m
[1;33m[1;36m [AddCommand] cid: 0 clk: 101454 | READ | (address) rank: 0 bankgroup: 3 bank: 2 row: 0 column: 14 addr: 0X11D80[0m
[1;33m[1;36m [AddCommand] cid: 1 clk: 101454 | READ | (address) rank: 0 bankgroup: 3 bank: 2 row: 0 column: 14 addr: 0X11DA0[0m
[1;33m[1;36m [IssueCommand] cid: 0 clk: 101455 | ACTIVATE | (address) rank: 0 bankgroup: 3 bank: 2 row: 0 column: 14 addr: 0X11D80[0m
[1;33m[1;36m [IssueCommand] cid: 1 clk: 101455 | ACTIVATE | (address) rank: 0 bankgroup: 3 bank: 2 row: 0 column: 14 addr: 0X11DA0[0m
[1;33m[1;36m [IssueCommand] cid: 0 clk: 101474 | READ | (address) rank: 0 bankgroup: 3 bank: 2 row: 0 column: 14 addr: 0X11D80[0m
[1;33m[1;36m [IssueCommand] cid: 1 clk: 101474 | READ | (address) rank: 0 bankgroup: 3 bank: 2 row: 0 column: 14 addr: 0X11DA0[0m
[1;33m[1;35m [ReturnDoneRead] cid: 0 clk: 101499 | READ | addr: 0X11D80[0m
[1;33m[1;35m [ReturnDoneRead] cid: 1 clk: 101499 | READ | addr: 0X11DA0[0m
95104563: system.mem_ctrl: Read to address 73088 complete
95104563: system.mem_ctrl: Access for address 73088
95104563: system.mem_ctrl: Queuing response for address 73088
95112563: system.mem_ctrl: Attempting to send response
95112563: system.mem_ctrl: Have 0 read, 0 write, 0 responses outstanding
95195000: system.mem_ctrl: Enqueueing address 31680
[1;33m[1;35m [AddTransaction(RD)] cid: 2 clk: 101596 | READ | addr: 0X7BC0[0m
[1;33m[1;35m [AddTransaction(RD)] cid: 3 clk: 101596 | READ | addr: 0X7BE0[0m
[1;33m[1;36m [AddCommand] cid: 2 clk: 101596 | READ | (address) rank: 0 bankgroup: 3 bank: 0 row: 0 column: 61 addr: 0X7BC0[0m
[1;33m[1;36m [AddCommand] cid: 3 clk: 101596 | READ | (address) rank: 0 bankgroup: 3 bank: 0 row: 0 column: 61 addr: 0X7BE0[0m
[1;33m[1;36m [IssueCommand] cid: 2 clk: 101597 | ACTIVATE | (address) rank: 0 bankgroup: 3 bank: 0 row: 0 column: 61 addr: 0X7BC0[0m
[1;33m[1;36m [IssueCommand] cid: 3 clk: 101597 | ACTIVATE | (address) rank: 0 bankgroup: 3 bank: 0 row: 0 column: 61 addr: 0X7BE0[0m
[1;33m[1;36m [IssueCommand] cid: 2 clk: 101616 | READ | (address) rank: 0 bankgroup: 3 bank: 0 row: 0 column: 61 addr: 0X7BC0[0m
[1;33m[1;36m [IssueCommand] cid: 3 clk: 101616 | READ | (address) rank: 0 bankgroup: 3 bank: 0 row: 0 column: 61 addr: 0X7BE0[0m
[1;33m[1;35m [ReturnDoneRead] cid: 2 clk: 101641 | READ | addr: 0X7BC0[0m
[1;33m[1;35m [ReturnDoneRead] cid: 3 clk: 101641 | READ | addr: 0X7BE0[0m
95237617: system.mem_ctrl: Read to address 31680 complete
95237617: system.mem_ctrl: Access for address 31680
95237617: system.mem_ctrl: Queuing response for address 31680
95245617: system.mem_ctrl: Attempting to send response
95245617: system.mem_ctrl: Have 0 read, 0 write, 0 responses outstanding
95312000: system.mem_ctrl: Enqueueing address 28992
[1;33m[1;35m [AddTransaction(RD)] cid: 2 clk: 101721 | READ | addr: 0X7140[0m
[1;33m[1;35m [AddTransaction(RD)] cid: 3 clk: 101721 | READ | addr: 0X7160[0m
[1;33m[1;36m [AddCommand] cid: 2 clk: 101721 | READ | (address) rank: 0 bankgroup: 2 bank: 0 row: 0 column: 56 addr: 0X7140[0m
[1;33m[1;36m [AddCommand] cid: 3 clk: 101721 | READ | (address) rank: 0 bankgroup: 2 bank: 0 row: 0 column: 56 addr: 0X7160[0m
[1;33m[1;36m [IssueCommand] cid: 2 clk: 101722 | ACTIVATE | (address) rank: 0 bankgroup: 2 bank: 0 row: 0 column: 56 addr: 0X7140[0m
[1;33m[1;36m [IssueCommand] cid: 3 clk: 101722 | ACTIVATE | (address) rank: 0 bankgroup: 2 bank: 0 row: 0 column: 56 addr: 0X7160[0m
[1;33m[1;36m [IssueCommand] cid: 2 clk: 101741 | READ | (address) rank: 0 bankgroup: 2 bank: 0 row: 0 column: 56 addr: 0X7140[0m
[1;33m[1;36m [IssueCommand] cid: 3 clk: 101741 | READ | (address) rank: 0 bankgroup: 2 bank: 0 row: 0 column: 56 addr: 0X7160[0m
[1;33m[1;35m [ReturnDoneRead] cid: 2 clk: 101766 | READ | addr: 0X7140[0m
[1;33m[1;35m [ReturnDoneRead] cid: 3 clk: 101766 | READ | addr: 0X7160[0m
95354742: system.mem_ctrl: Read to address 28992 complete
95354742: system.mem_ctrl: Access for address 28992
95354742: system.mem_ctrl: Queuing response for address 28992
95362742: system.mem_ctrl: Attempting to send response
95362742: system.mem_ctrl: Have 0 read, 0 write, 0 responses outstanding
95551000: system.mem_ctrl: Enqueueing address 414784
[1;33m[1;35m [AddTransaction(RD)] cid: 2 clk: 101976 | READ | addr: 0X65440[0m
[1;33m[1;35m [AddTransaction(RD)] cid: 3 clk: 101976 | READ | addr: 0X65460[0m
[1;33m[1;36m [AddCommand] cid: 2 clk: 101976 | READ | (address) rank: 1 bankgroup: 0 bank: 0 row: 1 column: 42 addr: 0X65440[0m
[1;33m[1;36m [AddCommand] cid: 3 clk: 101976 | READ | (address) rank: 1 bankgroup: 0 bank: 0 row: 1 column: 42 addr: 0X65460[0m
[1;33m[1;36m [IssueCommand] cid: 2 clk: 101977 | ACTIVATE | (address) rank: 1 bankgroup: 0 bank: 0 row: 1 column: 42 addr: 0X65440[0m
[1;33m[1;36m [IssueCommand] cid: 3 clk: 101977 | ACTIVATE | (address) rank: 1 bankgroup: 0 bank: 0 row: 1 column: 42 addr: 0X65460[0m
[1;33m[1;36m [IssueCommand] cid: 2 clk: 101996 | READ | (address) rank: 1 bankgroup: 0 bank: 0 row: 1 column: 42 addr: 0X65440[0m
[1;33m[1;36m [IssueCommand] cid: 3 clk: 101996 | READ | (address) rank: 1 bankgroup: 0 bank: 0 row: 1 column: 42 addr: 0X65460[0m
[1;33m[1;35m [ReturnDoneRead] cid: 2 clk: 102021 | READ | addr: 0X65440[0m
[1;33m[1;35m [ReturnDoneRead] cid: 3 clk: 102021 | READ | addr: 0X65460[0m
95593677: system.mem_ctrl: Read to address 414784 complete
95593677: system.mem_ctrl: Access for address 414784
95593677: system.mem_ctrl: Queuing response for address 414784
95601677: system.mem_ctrl: Attempting to send response
95601677: system.mem_ctrl: Have 0 read, 0 write, 0 responses outstanding
[1;33m[1;36m [IssueCommand] cid: 0 clk: 102067 | PRECHARGE | (address) rank: 0 bankgroup: 0 bank: 1 row: -1 column: -1 addr: 0XFFFFFFFFFFFFFFFF[0m
[1;33m[1;36m [IssueCommand] cid: 1 clk: 102067 | PRECHARGE | (address) rank: 0 bankgroup: 0 bank: 1 row: -1 column: -1 addr: 0XFFFFFFFFFFFFFFFF[0m
[1;33m[1;36m [IssueCommand] cid: 2 clk: 102067 | PRECHARGE | (address) rank: 0 bankgroup: 0 bank: 1 row: -1 column: -1 addr: 0XFFFFFFFFFFFFFFFF[0m
[1;33m[1;36m [IssueCommand] cid: 3 clk: 102067 | PRECHARGE | (address) rank: 0 bankgroup: 0 bank: 1 row: -1 column: -1 addr: 0XFFFFFFFFFFFFFFFF[0m
[1;33m[1;36m [IssueCommand] cid: 0 clk: 102068 | PRECHARGE | (address) rank: 0 bankgroup: 1 bank: 1 row: -1 column: -1 addr: 0XFFFFFFFFFFFFFFFF[0m
[1;33m[1;36m [IssueCommand] cid: 1 clk: 102068 | PRECHARGE | (address) rank: 0 bankgroup: 1 bank: 1 row: -1 column: -1 addr: 0XFFFFFFFFFFFFFFFF[0m
[1;33m[1;36m [IssueCommand] cid: 2 clk: 102068 | PRECHARGE | (address) rank: 0 bankgroup: 1 bank: 0 row: -1 column: -1 addr: 0XFFFFFFFFFFFFFFFF[0m
[1;33m[1;36m [IssueCommand] cid: 3 clk: 102068 | PRECHARGE | (address) rank: 0 bankgroup: 1 bank: 0 row: -1 column: -1 addr: 0XFFFFFFFFFFFFFFFF[0m
[1;33m[1;36m [IssueCommand] cid: 0 clk: 102069 | PRECHARGE | (address) rank: 0 bankgroup: 2 bank: 0 row: -1 column: -1 addr: 0XFFFFFFFFFFFFFFFF[0m
[1;33m[1;36m [IssueCommand] cid: 1 clk: 102069 | PRECHARGE | (address) rank: 0 bankgroup: 2 bank: 0 row: -1 column: -1 addr: 0XFFFFFFFFFFFFFFFF[0m
[1;33m[1;36m [IssueCommand] cid: 2 clk: 102069 | PRECHARGE | (address) rank: 0 bankgroup: 1 bank: 1 row: -1 column: -1 addr: 0XFFFFFFFFFFFFFFFF[0m
[1;33m[1;36m [IssueCommand] cid: 3 clk: 102069 | PRECHARGE | (address) rank: 0 bankgroup: 1 bank: 1 row: -1 column: -1 addr: 0XFFFFFFFFFFFFFFFF[0m
[1;33m[1;36m [IssueCommand] cid: 0 clk: 102070 | PRECHARGE | (address) rank: 0 bankgroup: 3 bank: 0 row: -1 column: -1 addr: 0XFFFFFFFFFFFFFFFF[0m
[1;33m[1;36m [IssueCommand] cid: 1 clk: 102070 | PRECHARGE | (address) rank: 0 bankgroup: 3 bank: 0 row: -1 column: -1 addr: 0XFFFFFFFFFFFFFFFF[0m
[1;33m[1;36m [IssueCommand] cid: 2 clk: 102070 | PRECHARGE | (address) rank: 0 bankgroup: 2 bank: 0 row: -1 column: -1 addr: 0XFFFFFFFFFFFFFFFF[0m
[1;33m[1;36m [IssueCommand] cid: 3 clk: 102070 | PRECHARGE | (address) rank: 0 bankgroup: 2 bank: 0 row: -1 column: -1 addr: 0XFFFFFFFFFFFFFFFF[0m
[1;33m[1;36m [IssueCommand] cid: 0 clk: 102071 | PRECHARGE | (address) rank: 0 bankgroup: 3 bank: 1 row: -1 column: -1 addr: 0XFFFFFFFFFFFFFFFF[0m
[1;33m[1;36m [IssueCommand] cid: 1 clk: 102071 | PRECHARGE | (address) rank: 0 bankgroup: 3 bank: 1 row: -1 column: -1 addr: 0XFFFFFFFFFFFFFFFF[0m
[1;33m[1;36m [IssueCommand] cid: 2 clk: 102071 | PRECHARGE | (address) rank: 0 bankgroup: 2 bank: 1 row: -1 column: -1 addr: 0XFFFFFFFFFFFFFFFF[0m
[1;33m[1;36m [IssueCommand] cid: 3 clk: 102071 | PRECHARGE | (address) rank: 0 bankgroup: 2 bank: 1 row: -1 column: -1 addr: 0XFFFFFFFFFFFFFFFF[0m
[1;33m[1;36m [IssueCommand] cid: 0 clk: 102072 | PRECHARGE | (address) rank: 0 bankgroup: 3 bank: 2 row: -1 column: -1 addr: 0XFFFFFFFFFFFFFFFF[0m
[1;33m[1;36m [IssueCommand] cid: 1 clk: 102072 | PRECHARGE | (address) rank: 0 bankgroup: 3 bank: 2 row: -1 column: -1 addr: 0XFFFFFFFFFFFFFFFF[0m
[1;33m[1;36m [IssueCommand] cid: 2 clk: 102072 | PRECHARGE | (address) rank: 0 bankgroup: 2 bank: 2 row: -1 column: -1 addr: 0XFFFFFFFFFFFFFFFF[0m
[1;33m[1;36m [IssueCommand] cid: 3 clk: 102072 | PRECHARGE | (address) rank: 0 bankgroup: 2 bank: 2 row: -1 column: -1 addr: 0XFFFFFFFFFFFFFFFF[0m
[1;33m[1;36m [IssueCommand] cid: 2 clk: 102073 | PRECHARGE | (address) rank: 0 bankgroup: 3 bank: 0 row: -1 column: -1 addr: 0XFFFFFFFFFFFFFFFF[0m
[1;33m[1;36m [IssueCommand] cid: 3 clk: 102073 | PRECHARGE | (address) rank: 0 bankgroup: 3 bank: 0 row: -1 column: -1 addr: 0XFFFFFFFFFFFFFFFF[0m
[1;33m[1;36m [IssueCommand] cid: 2 clk: 102074 | PRECHARGE | (address) rank: 0 bankgroup: 3 bank: 1 row: -1 column: -1 addr: 0XFFFFFFFFFFFFFFFF[0m
[1;33m[1;36m [IssueCommand] cid: 3 clk: 102074 | PRECHARGE | (address) rank: 0 bankgroup: 3 bank: 1 row: -1 column: -1 addr: 0XFFFFFFFFFFFFFFFF[0m
95654000: system.mem_ctrl: Enqueueing address 414656
[1;33m[1;35m [AddTransaction(RD)] cid: 2 clk: 102086 | READ | addr: 0X653C0[0m
[1;33m[1;35m [AddTransaction(RD)] cid: 3 clk: 102086 | READ | addr: 0X653E0[0m
[1;33m[1;36m [AddCommand] cid: 2 clk: 102086 | READ | (address) rank: 1 bankgroup: 3 bank: 0 row: 1 column: 41 addr: 0X653C0[0m
[1;33m[1;36m [AddCommand] cid: 3 clk: 102086 | READ | (address) rank: 1 bankgroup: 3 bank: 0 row: 1 column: 41 addr: 0X653E0[0m
[1;33m[1;36m [IssueCommand] cid: 0 clk: 102091 | REFRESH | (address) rank: 0 bankgroup: -1 bank: -1 row: -1 column: -1 addr: 0XFFFFFFFFFFFFFFFF[0m
[1;33m[1;36m [IssueCommand] cid: 1 clk: 102091 | REFRESH | (address) rank: 0 bankgroup: -1 bank: -1 row: -1 column: -1 addr: 0XFFFFFFFFFFFFFFFF[0m
[1;33m[1;36m [IssueCommand] cid: 2 clk: 102093 | REFRESH | (address) rank: 0 bankgroup: -1 bank: -1 row: -1 column: -1 addr: 0XFFFFFFFFFFFFFFFF[0m
[1;33m[1;36m [IssueCommand] cid: 3 clk: 102093 | REFRESH | (address) rank: 0 bankgroup: -1 bank: -1 row: -1 column: -1 addr: 0XFFFFFFFFFFFFFFFF[0m
[1;33m[1;36m [IssueCommand] cid: 2 clk: 102094 | ACTIVATE | (address) rank: 1 bankgroup: 3 bank: 0 row: 1 column: 41 addr: 0X653C0[0m
[1;33m[1;36m [IssueCommand] cid: 3 clk: 102094 | ACTIVATE | (address) rank: 1 bankgroup: 3 bank: 0 row: 1 column: 41 addr: 0X653E0[0m
[1;33m[1;36m [IssueCommand] cid: 2 clk: 102113 | READ | (address) rank: 1 bankgroup: 3 bank: 0 row: 1 column: 41 addr: 0X653C0[0m
[1;33m[1;36m [IssueCommand] cid: 3 clk: 102113 | READ | (address) rank: 1 bankgroup: 3 bank: 0 row: 1 column: 41 addr: 0X653E0[0m
[1;33m[1;35m [ReturnDoneRead] cid: 2 clk: 102138 | READ | addr: 0X653C0[0m
[1;33m[1;35m [ReturnDoneRead] cid: 3 clk: 102138 | READ | addr: 0X653E0[0m
95703306: system.mem_ctrl: Read to address 414656 complete
95703306: system.mem_ctrl: Access for address 414656
95703306: system.mem_ctrl: Queuing response for address 414656
95711306: system.mem_ctrl: Attempting to send response
95711306: system.mem_ctrl: Have 0 read, 0 write, 0 responses outstanding
95774000: system.mem_ctrl: Enqueueing address 414720
[1;33m[1;35m [AddTransaction(RD)] cid: 0 clk: 102214 | READ | addr: 0X65400[0m
[1;33m[1;35m [AddTransaction(RD)] cid: 1 clk: 102214 | READ | addr: 0X65420[0m
[1;33m[1;36m [AddCommand] cid: 0 clk: 102214 | READ | (address) rank: 1 bankgroup: 0 bank: 0 row: 1 column: 42 addr: 0X65400[0m
[1;33m[1;36m [AddCommand] cid: 1 clk: 102214 | READ | (address) rank: 1 bankgroup: 0 bank: 0 row: 1 column: 42 addr: 0X65420[0m
[1;33m[1;36m [IssueCommand] cid: 0 clk: 102215 | ACTIVATE | (address) rank: 1 bankgroup: 0 bank: 0 row: 1 column: 42 addr: 0X65400[0m
[1;33m[1;36m [IssueCommand] cid: 1 clk: 102215 | ACTIVATE | (address) rank: 1 bankgroup: 0 bank: 0 row: 1 column: 42 addr: 0X65420[0m
[1;33m[1;36m [IssueCommand] cid: 0 clk: 102234 | READ | (address) rank: 1 bankgroup: 0 bank: 0 row: 1 column: 42 addr: 0X65400[0m
[1;33m[1;36m [IssueCommand] cid: 1 clk: 102234 | READ | (address) rank: 1 bankgroup: 0 bank: 0 row: 1 column: 42 addr: 0X65420[0m
[1;33m[1;35m [ReturnDoneRead] cid: 0 clk: 102259 | READ | addr: 0X65400[0m
[1;33m[1;35m [ReturnDoneRead] cid: 1 clk: 102259 | READ | addr: 0X65420[0m
95816683: system.mem_ctrl: Read to address 414720 complete
95816683: system.mem_ctrl: Access for address 414720
95816683: system.mem_ctrl: Queuing response for address 414720
95824683: system.mem_ctrl: Attempting to send response
95824683: system.mem_ctrl: Have 0 read, 0 write, 0 responses outstanding
95897000: system.mem_ctrl: Enqueueing address 39680
[1;33m[1;35m [AddTransaction(RD)] cid: 0 clk: 102345 | READ | addr: 0X9B00[0m
[1;33m[1;35m [AddTransaction(RD)] cid: 1 clk: 102345 | READ | addr: 0X9B20[0m
[1;33m[1;36m [AddCommand] cid: 0 clk: 102345 | READ | (address) rank: 0 bankgroup: 2 bank: 1 row: 0 column: 13 addr: 0X9B00[0m
[1;33m[1;36m [AddCommand] cid: 1 clk: 102345 | READ | (address) rank: 0 bankgroup: 2 bank: 1 row: 0 column: 13 addr: 0X9B20[0m
[1;33m[1;36m [IssueCommand] cid: 0 clk: 102390 | ACTIVATE | (address) rank: 0 bankgroup: 2 bank: 1 row: 0 column: 13 addr: 0X9B00[0m
[1;33m[1;36m [IssueCommand] cid: 1 clk: 102390 | ACTIVATE | (address) rank: 0 bankgroup: 2 bank: 1 row: 0 column: 13 addr: 0X9B20[0m
[1;33m[1;36m [IssueCommand] cid: 0 clk: 102409 | READ | (address) rank: 0 bankgroup: 2 bank: 1 row: 0 column: 13 addr: 0X9B00[0m
[1;33m[1;36m [IssueCommand] cid: 1 clk: 102409 | READ | (address) rank: 0 bankgroup: 2 bank: 1 row: 0 column: 13 addr: 0X9B20[0m
[1;33m[1;35m [ReturnDoneRead] cid: 0 clk: 102434 | READ | addr: 0X9B00[0m
[1;33m[1;35m [ReturnDoneRead] cid: 1 clk: 102434 | READ | addr: 0X9B20[0m
95980658: system.mem_ctrl: Read to address 39680 complete
95980658: system.mem_ctrl: Access for address 39680
95980658: system.mem_ctrl: Queuing response for address 39680
95988658: system.mem_ctrl: Attempting to send response
95988658: system.mem_ctrl: Have 0 read, 0 write, 0 responses outstanding
96167000: system.mem_ctrl: Enqueueing address 39808
[1;33m[1;35m [AddTransaction(RD)] cid: 0 clk: 102633 | READ | addr: 0X9B80[0m
[1;33m[1;35m [AddTransaction(RD)] cid: 1 clk: 102633 | READ | addr: 0X9BA0[0m
[1;33m[1;36m [AddCommand] cid: 0 clk: 102633 | READ | (address) rank: 0 bankgroup: 3 bank: 1 row: 0 column: 13 addr: 0X9B80[0m
[1;33m[1;36m [AddCommand] cid: 1 clk: 102633 | READ | (address) rank: 0 bankgroup: 3 bank: 1 row: 0 column: 13 addr: 0X9BA0[0m
[1;33m[1;36m [IssueCommand] cid: 0 clk: 102634 | ACTIVATE | (address) rank: 0 bankgroup: 3 bank: 1 row: 0 column: 13 addr: 0X9B80[0m
[1;33m[1;36m [IssueCommand] cid: 1 clk: 102634 | ACTIVATE | (address) rank: 0 bankgroup: 3 bank: 1 row: 0 column: 13 addr: 0X9BA0[0m
[1;33m[1;36m [IssueCommand] cid: 0 clk: 102653 | READ | (address) rank: 0 bankgroup: 3 bank: 1 row: 0 column: 13 addr: 0X9B80[0m
[1;33m[1;36m [IssueCommand] cid: 1 clk: 102653 | READ | (address) rank: 0 bankgroup: 3 bank: 1 row: 0 column: 13 addr: 0X9BA0[0m
[1;33m[1;35m [ReturnDoneRead] cid: 0 clk: 102678 | READ | addr: 0X9B80[0m
[1;33m[1;35m [ReturnDoneRead] cid: 1 clk: 102678 | READ | addr: 0X9BA0[0m
96209286: system.mem_ctrl: Read to address 39808 complete
96209286: system.mem_ctrl: Access for address 39808
96209286: system.mem_ctrl: Queuing response for address 39808
96217286: system.mem_ctrl: Attempting to send response
96217286: system.mem_ctrl: Have 0 read, 0 write, 0 responses outstanding
96354000: system.mem_ctrl: Enqueueing address 39872
[1;33m[1;35m [AddTransaction(RD)] cid: 2 clk: 102833 | READ | addr: 0X9BC0[0m
[1;33m[1;35m [AddTransaction(RD)] cid: 3 clk: 102833 | READ | addr: 0X9BE0[0m
[1;33m[1;36m [AddCommand] cid: 2 clk: 102833 | READ | (address) rank: 0 bankgroup: 3 bank: 1 row: 0 column: 13 addr: 0X9BC0[0m
[1;33m[1;36m [AddCommand] cid: 3 clk: 102833 | READ | (address) rank: 0 bankgroup: 3 bank: 1 row: 0 column: 13 addr: 0X9BE0[0m
[1;33m[1;36m [IssueCommand] cid: 2 clk: 102834 | ACTIVATE | (address) rank: 0 bankgroup: 3 bank: 1 row: 0 column: 13 addr: 0X9BC0[0m
[1;33m[1;36m [IssueCommand] cid: 3 clk: 102834 | ACTIVATE | (address) rank: 0 bankgroup: 3 bank: 1 row: 0 column: 13 addr: 0X9BE0[0m
[1;33m[1;36m [IssueCommand] cid: 2 clk: 102853 | READ | (address) rank: 0 bankgroup: 3 bank: 1 row: 0 column: 13 addr: 0X9BC0[0m
[1;33m[1;36m [IssueCommand] cid: 3 clk: 102853 | READ | (address) rank: 0 bankgroup: 3 bank: 1 row: 0 column: 13 addr: 0X9BE0[0m
[1;33m[1;35m [ReturnDoneRead] cid: 2 clk: 102878 | READ | addr: 0X9BC0[0m
[1;33m[1;35m [ReturnDoneRead] cid: 3 clk: 102878 | READ | addr: 0X9BE0[0m
96396686: system.mem_ctrl: Read to address 39872 complete
96396686: system.mem_ctrl: Access for address 39872
96396686: system.mem_ctrl: Queuing response for address 39872
96404686: system.mem_ctrl: Attempting to send response
96404686: system.mem_ctrl: Have 0 read, 0 write, 0 responses outstanding
96509000: system.mem_ctrl: Enqueueing address 39936
[1;33m[1;35m [AddTransaction(RD)] cid: 0 clk: 102998 | READ | addr: 0X9C00[0m
[1;33m[1;35m [AddTransaction(RD)] cid: 1 clk: 102998 | READ | addr: 0X9C20[0m
[1;33m[1;36m [AddCommand] cid: 0 clk: 102998 | READ | (address) rank: 0 bankgroup: 0 bank: 1 row: 0 column: 14 addr: 0X9C00[0m
[1;33m[1;36m [AddCommand] cid: 1 clk: 102998 | READ | (address) rank: 0 bankgroup: 0 bank: 1 row: 0 column: 14 addr: 0X9C20[0m
[1;33m[1;36m [IssueCommand] cid: 0 clk: 102999 | ACTIVATE | (address) rank: 0 bankgroup: 0 bank: 1 row: 0 column: 14 addr: 0X9C00[0m
[1;33m[1;36m [IssueCommand] cid: 1 clk: 102999 | ACTIVATE | (address) rank: 0 bankgroup: 0 bank: 1 row: 0 column: 14 addr: 0X9C20[0m
[1;33m[1;36m [IssueCommand] cid: 0 clk: 103018 | READ | (address) rank: 0 bankgroup: 0 bank: 1 row: 0 column: 14 addr: 0X9C00[0m
[1;33m[1;36m [IssueCommand] cid: 1 clk: 103018 | READ | (address) rank: 0 bankgroup: 0 bank: 1 row: 0 column: 14 addr: 0X9C20[0m
[1;33m[1;35m [ReturnDoneRead] cid: 0 clk: 103043 | READ | addr: 0X9C00[0m
[1;33m[1;35m [ReturnDoneRead] cid: 1 clk: 103043 | READ | addr: 0X9C20[0m
96551291: system.mem_ctrl: Read to address 39936 complete
96551291: system.mem_ctrl: Access for address 39936
96551291: system.mem_ctrl: Queuing response for address 39936
96559291: system.mem_ctrl: Attempting to send response
96559291: system.mem_ctrl: Have 0 read, 0 write, 0 responses outstanding
96698000: system.mem_ctrl: Enqueueing address 40192
[1;33m[1;35m [AddTransaction(RD)] cid: 0 clk: 103200 | READ | addr: 0X9D00[0m
[1;33m[1;35m [AddTransaction(RD)] cid: 1 clk: 103200 | READ | addr: 0X9D20[0m
[1;33m[1;36m [AddCommand] cid: 0 clk: 103200 | READ | (address) rank: 0 bankgroup: 2 bank: 1 row: 0 column: 14 addr: 0X9D00[0m
[1;33m[1;36m [AddCommand] cid: 1 clk: 103200 | READ | (address) rank: 0 bankgroup: 2 bank: 1 row: 0 column: 14 addr: 0X9D20[0m
[1;33m[1;36m [IssueCommand] cid: 0 clk: 103201 | READ | (address) rank: 0 bankgroup: 2 bank: 1 row: 0 column: 14 addr: 0X9D00[0m
[1;33m[1;36m [IssueCommand] cid: 1 clk: 103201 | READ | (address) rank: 0 bankgroup: 2 bank: 1 row: 0 column: 14 addr: 0X9D20[0m
[1;33m[1;35m [ReturnDoneRead] cid: 0 clk: 103226 | READ | addr: 0X9D00[0m
[1;33m[1;35m [ReturnDoneRead] cid: 1 clk: 103226 | READ | addr: 0X9D20[0m
96722762: system.mem_ctrl: Read to address 40192 complete
96722762: system.mem_ctrl: Access for address 40192
96722762: system.mem_ctrl: Queuing response for address 40192
96730762: system.mem_ctrl: Attempting to send response
96730762: system.mem_ctrl: Have 0 read, 0 write, 0 responses outstanding
96817000: system.mem_ctrl: Enqueueing address 40000
[1;33m[1;35m [AddTransaction(RD)] cid: 2 clk: 103327 | READ | addr: 0X9C40[0m
[1;33m[1;35m [AddTransaction(RD)] cid: 3 clk: 103327 | READ | addr: 0X9C60[0m
[1;33m[1;36m [AddCommand] cid: 2 clk: 103327 | READ | (address) rank: 0 bankgroup: 0 bank: 1 row: 0 column: 14 addr: 0X9C40[0m
[1;33m[1;36m [AddCommand] cid: 3 clk: 103327 | READ | (address) rank: 0 bankgroup: 0 bank: 1 row: 0 column: 14 addr: 0X9C60[0m
[1;33m[1;36m [IssueCommand] cid: 2 clk: 103328 | ACTIVATE | (address) rank: 0 bankgroup: 0 bank: 1 row: 0 column: 14 addr: 0X9C40[0m
[1;33m[1;36m [IssueCommand] cid: 3 clk: 103328 | ACTIVATE | (address) rank: 0 bankgroup: 0 bank: 1 row: 0 column: 14 addr: 0X9C60[0m
[1;33m[1;36m [IssueCommand] cid: 2 clk: 103347 | READ | (address) rank: 0 bankgroup: 0 bank: 1 row: 0 column: 14 addr: 0X9C40[0m
[1;33m[1;36m [IssueCommand] cid: 3 clk: 103347 | READ | (address) rank: 0 bankgroup: 0 bank: 1 row: 0 column: 14 addr: 0X9C60[0m
[1;33m[1;35m [ReturnDoneRead] cid: 2 clk: 103372 | READ | addr: 0X9C40[0m
[1;33m[1;35m [ReturnDoneRead] cid: 3 clk: 103372 | READ | addr: 0X9C60[0m
96859564: system.mem_ctrl: Read to address 40000 complete
96859564: system.mem_ctrl: Access for address 40000
96859564: system.mem_ctrl: Queuing response for address 40000
96867564: system.mem_ctrl: Attempting to send response
96867564: system.mem_ctrl: Have 0 read, 0 write, 0 responses outstanding
96940000: system.mem_ctrl: Enqueueing address 38080
[1;33m[1;35m [AddTransaction(RD)] cid: 2 clk: 103458 | READ | addr: 0X94C0[0m
[1;33m[1;35m [AddTransaction(RD)] cid: 3 clk: 103458 | READ | addr: 0X94E0[0m
[1;33m[1;36m [AddCommand] cid: 2 clk: 103458 | READ | (address) rank: 0 bankgroup: 1 bank: 1 row: 0 column: 10 addr: 0X94C0[0m
[1;33m[1;36m [AddCommand] cid: 3 clk: 103458 | READ | (address) rank: 0 bankgroup: 1 bank: 1 row: 0 column: 10 addr: 0X94E0[0m
[1;33m[1;36m [IssueCommand] cid: 2 clk: 103459 | ACTIVATE | (address) rank: 0 bankgroup: 1 bank: 1 row: 0 column: 10 addr: 0X94C0[0m
[1;33m[1;36m [IssueCommand] cid: 3 clk: 103459 | ACTIVATE | (address) rank: 0 bankgroup: 1 bank: 1 row: 0 column: 10 addr: 0X94E0[0m
[1;33m[1;36m [IssueCommand] cid: 2 clk: 103478 | READ | (address) rank: 0 bankgroup: 1 bank: 1 row: 0 column: 10 addr: 0X94C0[0m
[1;33m[1;36m [IssueCommand] cid: 3 clk: 103478 | READ | (address) rank: 0 bankgroup: 1 bank: 1 row: 0 column: 10 addr: 0X94E0[0m
[1;33m[1;35m [ReturnDoneRead] cid: 2 clk: 103503 | READ | addr: 0X94C0[0m
[1;33m[1;35m [ReturnDoneRead] cid: 3 clk: 103503 | READ | addr: 0X94E0[0m
96982311: system.mem_ctrl: Read to address 38080 complete
96982311: system.mem_ctrl: Access for address 38080
96982311: system.mem_ctrl: Queuing response for address 38080
96990311: system.mem_ctrl: Attempting to send response
96990311: system.mem_ctrl: Have 0 read, 0 write, 0 responses outstanding
97097000: system.mem_ctrl: Enqueueing address 38144
[1;33m[1;35m [AddTransaction(RD)] cid: 0 clk: 103626 | READ | addr: 0X9500[0m
[1;33m[1;35m [AddTransaction(RD)] cid: 1 clk: 103626 | READ | addr: 0X9520[0m
[1;33m[1;36m [AddCommand] cid: 0 clk: 103626 | READ | (address) rank: 0 bankgroup: 2 bank: 1 row: 0 column: 10 addr: 0X9500[0m
[1;33m[1;36m [AddCommand] cid: 1 clk: 103626 | READ | (address) rank: 0 bankgroup: 2 bank: 1 row: 0 column: 10 addr: 0X9520[0m
[1;33m[1;36m [IssueCommand] cid: 0 clk: 103627 | READ | (address) rank: 0 bankgroup: 2 bank: 1 row: 0 column: 10 addr: 0X9500[0m
[1;33m[1;36m [IssueCommand] cid: 1 clk: 103627 | READ | (address) rank: 0 bankgroup: 2 bank: 1 row: 0 column: 10 addr: 0X9520[0m
[1;33m[1;35m [ReturnDoneRead] cid: 0 clk: 103652 | READ | addr: 0X9500[0m
[1;33m[1;35m [ReturnDoneRead] cid: 1 clk: 103652 | READ | addr: 0X9520[0m
97121924: system.mem_ctrl: Read to address 38144 complete
97121924: system.mem_ctrl: Access for address 38144
97121924: system.mem_ctrl: Queuing response for address 38144
97129924: system.mem_ctrl: Attempting to send response
97129924: system.mem_ctrl: Have 0 read, 0 write, 0 responses outstanding
97188000: system.mem_ctrl: Enqueueing address 35072
[1;33m[1;35m [AddTransaction(RD)] cid: 0 clk: 103723 | READ | addr: 0X8900[0m
[1;33m[1;35m [AddTransaction(RD)] cid: 1 clk: 103723 | READ | addr: 0X8920[0m
[1;33m[1;36m [AddCommand] cid: 0 clk: 103723 | READ | (address) rank: 0 bankgroup: 2 bank: 1 row: 0 column: 4 addr: 0X8900[0m
[1;33m[1;36m [AddCommand] cid: 1 clk: 103723 | READ | (address) rank: 0 bankgroup: 2 bank: 1 row: 0 column: 4 addr: 0X8920[0m
[1;33m[1;36m [IssueCommand] cid: 0 clk: 103724 | READ | (address) rank: 0 bankgroup: 2 bank: 1 row: 0 column: 4 addr: 0X8900[0m
[1;33m[1;36m [IssueCommand] cid: 1 clk: 103724 | READ | (address) rank: 0 bankgroup: 2 bank: 1 row: 0 column: 4 addr: 0X8920[0m
[1;33m[1;35m [ReturnDoneRead] cid: 0 clk: 103749 | READ | addr: 0X8900[0m
[1;33m[1;35m [ReturnDoneRead] cid: 1 clk: 103749 | READ | addr: 0X8920[0m
97212813: system.mem_ctrl: Read to address 35072 complete
97212813: system.mem_ctrl: Access for address 35072
97212813: system.mem_ctrl: Queuing response for address 35072
97220813: system.mem_ctrl: Attempting to send response
97220813: system.mem_ctrl: Have 0 read, 0 write, 0 responses outstanding
97277000: system.mem_ctrl: Enqueueing address 35136
[1;33m[1;35m [AddTransaction(RD)] cid: 2 clk: 103818 | READ | addr: 0X8940[0m
[1;33m[1;35m [AddTransaction(RD)] cid: 3 clk: 103818 | READ | addr: 0X8960[0m
[1;33m[1;36m [AddCommand] cid: 2 clk: 103818 | READ | (address) rank: 0 bankgroup: 2 bank: 1 row: 0 column: 4 addr: 0X8940[0m
[1;33m[1;36m [AddCommand] cid: 3 clk: 103818 | READ | (address) rank: 0 bankgroup: 2 bank: 1 row: 0 column: 4 addr: 0X8960[0m
[1;33m[1;36m [IssueCommand] cid: 2 clk: 103819 | ACTIVATE | (address) rank: 0 bankgroup: 2 bank: 1 row: 0 column: 4 addr: 0X8940[0m
[1;33m[1;36m [IssueCommand] cid: 3 clk: 103819 | ACTIVATE | (address) rank: 0 bankgroup: 2 bank: 1 row: 0 column: 4 addr: 0X8960[0m
[1;33m[1;36m [IssueCommand] cid: 2 clk: 103838 | READ | (address) rank: 0 bankgroup: 2 bank: 1 row: 0 column: 4 addr: 0X8940[0m
[1;33m[1;36m [IssueCommand] cid: 3 clk: 103838 | READ | (address) rank: 0 bankgroup: 2 bank: 1 row: 0 column: 4 addr: 0X8960[0m
[1;33m[1;35m [ReturnDoneRead] cid: 2 clk: 103863 | READ | addr: 0X8940[0m
[1;33m[1;35m [ReturnDoneRead] cid: 3 clk: 103863 | READ | addr: 0X8960[0m
97319631: system.mem_ctrl: Read to address 35136 complete
97319631: system.mem_ctrl: Access for address 35136
97319631: system.mem_ctrl: Queuing response for address 35136
97327631: system.mem_ctrl: Attempting to send response
97327631: system.mem_ctrl: Have 0 read, 0 write, 0 responses outstanding
97402000: system.mem_ctrl: Enqueueing address 35200
[1;33m[1;35m [AddTransaction(RD)] cid: 0 clk: 103951 | READ | addr: 0X8980[0m
[1;33m[1;35m [AddTransaction(RD)] cid: 1 clk: 103951 | READ | addr: 0X89A0[0m
[1;33m[1;36m [AddCommand] cid: 0 clk: 103951 | READ | (address) rank: 0 bankgroup: 3 bank: 1 row: 0 column: 4 addr: 0X8980[0m
[1;33m[1;36m [AddCommand] cid: 1 clk: 103951 | READ | (address) rank: 0 bankgroup: 3 bank: 1 row: 0 column: 4 addr: 0X89A0[0m
[1;33m[1;36m [IssueCommand] cid: 0 clk: 103952 | READ | (address) rank: 0 bankgroup: 3 bank: 1 row: 0 column: 4 addr: 0X8980[0m
[1;33m[1;36m [IssueCommand] cid: 1 clk: 103952 | READ | (address) rank: 0 bankgroup: 3 bank: 1 row: 0 column: 4 addr: 0X89A0[0m
[1;33m[1;35m [ReturnDoneRead] cid: 0 clk: 103977 | READ | addr: 0X8980[0m
[1;33m[1;35m [ReturnDoneRead] cid: 1 clk: 103977 | READ | addr: 0X89A0[0m
97426449: system.mem_ctrl: Read to address 35200 complete
97426449: system.mem_ctrl: Access for address 35200
97426449: system.mem_ctrl: Queuing response for address 35200
97434449: system.mem_ctrl: Attempting to send response
97434449: system.mem_ctrl: Have 0 read, 0 write, 0 responses outstanding
97563000: system.mem_ctrl: Enqueueing address 38208
[1;33m[1;35m [AddTransaction(RD)] cid: 2 clk: 104123 | READ | addr: 0X9540[0m
[1;33m[1;35m [AddTransaction(RD)] cid: 3 clk: 104123 | READ | addr: 0X9560[0m
[1;33m[1;36m [AddCommand] cid: 2 clk: 104123 | READ | (address) rank: 0 bankgroup: 2 bank: 1 row: 0 column: 10 addr: 0X9540[0m
[1;33m[1;36m [AddCommand] cid: 3 clk: 104123 | READ | (address) rank: 0 bankgroup: 2 bank: 1 row: 0 column: 10 addr: 0X9560[0m
[1;33m[1;36m [IssueCommand] cid: 2 clk: 104124 | READ | (address) rank: 0 bankgroup: 2 bank: 1 row: 0 column: 10 addr: 0X9540[0m
[1;33m[1;36m [IssueCommand] cid: 3 clk: 104124 | READ | (address) rank: 0 bankgroup: 2 bank: 1 row: 0 column: 10 addr: 0X9560[0m
[1;33m[1;35m [ReturnDoneRead] cid: 2 clk: 104149 | READ | addr: 0X9540[0m
[1;33m[1;35m [ReturnDoneRead] cid: 3 clk: 104149 | READ | addr: 0X9560[0m
97587613: system.mem_ctrl: Read to address 38208 complete
97587613: system.mem_ctrl: Access for address 38208
97587613: system.mem_ctrl: Queuing response for address 38208
[1;33m[1;36m [IssueCommand] cid: 0 clk: 104150 | PRECHARGE | (address) rank: 1 bankgroup: 0 bank: 0 row: -1 column: -1 addr: 0XFFFFFFFFFFFFFFFF[0m
[1;33m[1;36m [IssueCommand] cid: 1 clk: 104150 | PRECHARGE | (address) rank: 1 bankgroup: 0 bank: 0 row: -1 column: -1 addr: 0XFFFFFFFFFFFFFFFF[0m
[1;33m[1;36m [IssueCommand] cid: 2 clk: 104150 | PRECHARGE | (address) rank: 1 bankgroup: 0 bank: 0 row: -1 column: -1 addr: 0XFFFFFFFFFFFFFFFF[0m
[1;33m[1;36m [IssueCommand] cid: 3 clk: 104150 | PRECHARGE | (address) rank: 1 bankgroup: 0 bank: 0 row: -1 column: -1 addr: 0XFFFFFFFFFFFFFFFF[0m
[1;33m[1;36m [IssueCommand] cid: 0 clk: 104151 | PRECHARGE | (address) rank: 1 bankgroup: 2 bank: 1 row: -1 column: -1 addr: 0XFFFFFFFFFFFFFFFF[0m
[1;33m[1;36m [IssueCommand] cid: 1 clk: 104151 | PRECHARGE | (address) rank: 1 bankgroup: 2 bank: 1 row: -1 column: -1 addr: 0XFFFFFFFFFFFFFFFF[0m
[1;33m[1;36m [IssueCommand] cid: 2 clk: 104151 | PRECHARGE | (address) rank: 1 bankgroup: 1 bank: 1 row: -1 column: -1 addr: 0XFFFFFFFFFFFFFFFF[0m
[1;33m[1;36m [IssueCommand] cid: 3 clk: 104151 | PRECHARGE | (address) rank: 1 bankgroup: 1 bank: 1 row: -1 column: -1 addr: 0XFFFFFFFFFFFFFFFF[0m
[1;33m[1;36m [IssueCommand] cid: 2 clk: 104152 | PRECHARGE | (address) rank: 1 bankgroup: 2 bank: 1 row: -1 column: -1 addr: 0XFFFFFFFFFFFFFFFF[0m
[1;33m[1;36m [IssueCommand] cid: 3 clk: 104152 | PRECHARGE | (address) rank: 1 bankgroup: 2 bank: 1 row: -1 column: -1 addr: 0XFFFFFFFFFFFFFFFF[0m
[1;33m[1;36m [IssueCommand] cid: 2 clk: 104153 | PRECHARGE | (address) rank: 1 bankgroup: 3 bank: 0 row: -1 column: -1 addr: 0XFFFFFFFFFFFFFFFF[0m
[1;33m[1;36m [IssueCommand] cid: 3 clk: 104153 | PRECHARGE | (address) rank: 1 bankgroup: 3 bank: 0 row: -1 column: -1 addr: 0XFFFFFFFFFFFFFFFF[0m
97595613: system.mem_ctrl: Attempting to send response
97595613: system.mem_ctrl: Have 0 read, 0 write, 0 responses outstanding
[1;33m[1;36m [IssueCommand] cid: 0 clk: 104170 | REFRESH | (address) rank: 1 bankgroup: -1 bank: -1 row: -1 column: -1 addr: 0XFFFFFFFFFFFFFFFF[0m
[1;33m[1;36m [IssueCommand] cid: 1 clk: 104170 | REFRESH | (address) rank: 1 bankgroup: -1 bank: -1 row: -1 column: -1 addr: 0XFFFFFFFFFFFFFFFF[0m
[1;33m[1;36m [IssueCommand] cid: 2 clk: 104172 | REFRESH | (address) rank: 1 bankgroup: -1 bank: -1 row: -1 column: -1 addr: 0XFFFFFFFFFFFFFFFF[0m
[1;33m[1;36m [IssueCommand] cid: 3 clk: 104172 | REFRESH | (address) rank: 1 bankgroup: -1 bank: -1 row: -1 column: -1 addr: 0XFFFFFFFFFFFFFFFF[0m
97806000: system.mem_ctrl: Enqueueing address 414592
[1;33m[1;35m [AddTransaction(RD)] cid: 0 clk: 104383 | READ | addr: 0X65380[0m
[1;33m[1;35m [AddTransaction(RD)] cid: 1 clk: 104383 | READ | addr: 0X653A0[0m
[1;33m[1;36m [AddCommand] cid: 0 clk: 104383 | READ | (address) rank: 1 bankgroup: 3 bank: 0 row: 1 column: 41 addr: 0X65380[0m
[1;33m[1;36m [AddCommand] cid: 1 clk: 104383 | READ | (address) rank: 1 bankgroup: 3 bank: 0 row: 1 column: 41 addr: 0X653A0[0m
[1;33m[1;36m [IssueCommand] cid: 0 clk: 104469 | ACTIVATE | (address) rank: 1 bankgroup: 3 bank: 0 row: 1 column: 41 addr: 0X65380[0m
[1;33m[1;36m [IssueCommand] cid: 1 clk: 104469 | ACTIVATE | (address) rank: 1 bankgroup: 3 bank: 0 row: 1 column: 41 addr: 0X653A0[0m
[1;33m[1;36m [IssueCommand] cid: 0 clk: 104488 | READ | (address) rank: 1 bankgroup: 3 bank: 0 row: 1 column: 41 addr: 0X65380[0m
[1;33m[1;36m [IssueCommand] cid: 1 clk: 104488 | READ | (address) rank: 1 bankgroup: 3 bank: 0 row: 1 column: 41 addr: 0X653A0[0m
[1;33m[1;35m [ReturnDoneRead] cid: 0 clk: 104513 | READ | addr: 0X65380[0m
[1;33m[1;35m [ReturnDoneRead] cid: 1 clk: 104513 | READ | addr: 0X653A0[0m
97928681: system.mem_ctrl: Read to address 414592 complete
97928681: system.mem_ctrl: Access for address 414592
97928681: system.mem_ctrl: Queuing response for address 414592
97936681: system.mem_ctrl: Attempting to send response
97936681: system.mem_ctrl: Have 0 read, 0 write, 0 responses outstanding
98007000: system.mem_ctrl: Enqueueing address 40064
[1;33m[1;35m [AddTransaction(RD)] cid: 0 clk: 104597 | READ | addr: 0X9C80[0m
[1;33m[1;35m [AddTransaction(RD)] cid: 1 clk: 104597 | READ | addr: 0X9CA0[0m
[1;33m[1;36m [AddCommand] cid: 0 clk: 104597 | READ | (address) rank: 0 bankgroup: 1 bank: 1 row: 0 column: 14 addr: 0X9C80[0m
[1;33m[1;36m [AddCommand] cid: 1 clk: 104597 | READ | (address) rank: 0 bankgroup: 1 bank: 1 row: 0 column: 14 addr: 0X9CA0[0m
[1;33m[1;36m [IssueCommand] cid: 0 clk: 104598 | ACTIVATE | (address) rank: 0 bankgroup: 1 bank: 1 row: 0 column: 14 addr: 0X9C80[0m
[1;33m[1;36m [IssueCommand] cid: 1 clk: 104598 | ACTIVATE | (address) rank: 0 bankgroup: 1 bank: 1 row: 0 column: 14 addr: 0X9CA0[0m
[1;33m[1;36m [IssueCommand] cid: 0 clk: 104617 | READ | (address) rank: 0 bankgroup: 1 bank: 1 row: 0 column: 14 addr: 0X9C80[0m
[1;33m[1;36m [IssueCommand] cid: 1 clk: 104617 | READ | (address) rank: 0 bankgroup: 1 bank: 1 row: 0 column: 14 addr: 0X9CA0[0m
[1;33m[1;35m [ReturnDoneRead] cid: 0 clk: 104642 | READ | addr: 0X9C80[0m
[1;33m[1;35m [ReturnDoneRead] cid: 1 clk: 104642 | READ | addr: 0X9CA0[0m
98049554: system.mem_ctrl: Read to address 40064 complete
98049554: system.mem_ctrl: Access for address 40064
98049554: system.mem_ctrl: Queuing response for address 40064
98057554: system.mem_ctrl: Attempting to send response
98057554: system.mem_ctrl: Have 0 read, 0 write, 0 responses outstanding
98142000: system.mem_ctrl: Enqueueing address 40256
[1;33m[1;35m [AddTransaction(RD)] cid: 2 clk: 104741 | READ | addr: 0X9D40[0m
[1;33m[1;35m [AddTransaction(RD)] cid: 3 clk: 104741 | READ | addr: 0X9D60[0m
[1;33m[1;36m [AddCommand] cid: 2 clk: 104741 | READ | (address) rank: 0 bankgroup: 2 bank: 1 row: 0 column: 14 addr: 0X9D40[0m
[1;33m[1;36m [AddCommand] cid: 3 clk: 104741 | READ | (address) rank: 0 bankgroup: 2 bank: 1 row: 0 column: 14 addr: 0X9D60[0m
[1;33m[1;36m [IssueCommand] cid: 2 clk: 104742 | READ | (address) rank: 0 bankgroup: 2 bank: 1 row: 0 column: 14 addr: 0X9D40[0m
[1;33m[1;36m [IssueCommand] cid: 3 clk: 104742 | READ | (address) rank: 0 bankgroup: 2 bank: 1 row: 0 column: 14 addr: 0X9D60[0m
[1;33m[1;35m [ReturnDoneRead] cid: 2 clk: 104767 | READ | addr: 0X9D40[0m
[1;33m[1;35m [ReturnDoneRead] cid: 3 clk: 104767 | READ | addr: 0X9D60[0m
98166679: system.mem_ctrl: Read to address 40256 complete
98166679: system.mem_ctrl: Access for address 40256
98166679: system.mem_ctrl: Queuing response for address 40256
98174679: system.mem_ctrl: Attempting to send response
98174679: system.mem_ctrl: Have 0 read, 0 write, 0 responses outstanding
98325000: system.mem_ctrl: Enqueueing address 40128
[1;33m[1;35m [AddTransaction(RD)] cid: 2 clk: 104936 | READ | addr: 0X9CC0[0m
[1;33m[1;35m [AddTransaction(RD)] cid: 3 clk: 104936 | READ | addr: 0X9CE0[0m
[1;33m[1;36m [AddCommand] cid: 2 clk: 104936 | READ | (address) rank: 0 bankgroup: 1 bank: 1 row: 0 column: 14 addr: 0X9CC0[0m
[1;33m[1;36m [AddCommand] cid: 3 clk: 104936 | READ | (address) rank: 0 bankgroup: 1 bank: 1 row: 0 column: 14 addr: 0X9CE0[0m
[1;33m[1;36m [IssueCommand] cid: 2 clk: 104937 | READ | (address) rank: 0 bankgroup: 1 bank: 1 row: 0 column: 14 addr: 0X9CC0[0m
[1;33m[1;36m [IssueCommand] cid: 3 clk: 104937 | READ | (address) rank: 0 bankgroup: 1 bank: 1 row: 0 column: 14 addr: 0X9CE0[0m
[1;33m[1;35m [ReturnDoneRead] cid: 2 clk: 104962 | READ | addr: 0X9CC0[0m
[1;33m[1;35m [ReturnDoneRead] cid: 3 clk: 104962 | READ | addr: 0X9CE0[0m
98349394: system.mem_ctrl: Read to address 40128 complete
98349394: system.mem_ctrl: Access for address 40128
98349394: system.mem_ctrl: Queuing response for address 40128
98357394: system.mem_ctrl: Attempting to send response
98357394: system.mem_ctrl: Have 0 read, 0 write, 0 responses outstanding
98420000: system.mem_ctrl: Enqueueing address 71104
[1;33m[1;35m [AddTransaction(RD)] cid: 2 clk: 105038 | READ | addr: 0X115C0[0m
[1;33m[1;35m [AddTransaction(RD)] cid: 3 clk: 105038 | READ | addr: 0X115E0[0m
[1;33m[1;36m [AddCommand] cid: 2 clk: 105038 | READ | (address) rank: 0 bankgroup: 3 bank: 2 row: 0 column: 10 addr: 0X115C0[0m
[1;33m[1;36m [AddCommand] cid: 3 clk: 105038 | READ | (address) rank: 0 bankgroup: 3 bank: 2 row: 0 column: 10 addr: 0X115E0[0m
[1;33m[1;36m [IssueCommand] cid: 2 clk: 105039 | ACTIVATE | (address) rank: 0 bankgroup: 3 bank: 2 row: 0 column: 10 addr: 0X115C0[0m
[1;33m[1;36m [IssueCommand] cid: 3 clk: 105039 | ACTIVATE | (address) rank: 0 bankgroup: 3 bank: 2 row: 0 column: 10 addr: 0X115E0[0m
[1;33m[1;36m [IssueCommand] cid: 2 clk: 105058 | READ | (address) rank: 0 bankgroup: 3 bank: 2 row: 0 column: 10 addr: 0X115C0[0m
[1;33m[1;36m [IssueCommand] cid: 3 clk: 105058 | READ | (address) rank: 0 bankgroup: 3 bank: 2 row: 0 column: 10 addr: 0X115E0[0m
[1;33m[1;35m [ReturnDoneRead] cid: 2 clk: 105083 | READ | addr: 0X115C0[0m
[1;33m[1;35m [ReturnDoneRead] cid: 3 clk: 105083 | READ | addr: 0X115E0[0m
98462771: system.mem_ctrl: Read to address 71104 complete
98462771: system.mem_ctrl: Access for address 71104
98462771: system.mem_ctrl: Queuing response for address 71104
98470771: system.mem_ctrl: Attempting to send response
98470771: system.mem_ctrl: Have 0 read, 0 write, 0 responses outstanding
[2026-06-18 19:51:40.886] [info] DRAM CH[0]: AVG BW Util 0.00%
[2026-06-18 19:51:40.887] [info] DRAM CH[1]: AVG BW Util 0.00%
[2026-06-18 19:51:40.887] [info] DRAM CH[2]: AVG BW Util 0.00%
[2026-06-18 19:51:40.887] [info] DRAM CH[3]: AVG BW Util 0.00%
[2026-06-18 19:51:40.887] [info] DRAM: AVG BW Util 0.00%
[2026-06-18 19:51:40.887] [info] DRAM total cycles: 105128
[2026-06-18 19:51:40.887] [info] DRAM total processed memory requests: 1122
[1;34mTotal energy breakdown[0m
[1;34mact_energy 614284[0m
[1;34mread_energy 133594[0m
[1;34mwrite_energy 0[0m
[1;34mref_energy 4.18002e+06[0m
[1;34mrefb_energy -0[0m
[1;34mgwrite_energy 0[0m
[1;34mgact_energy 0[0m
[1;34mcomp_energy 60211.2[0m
[1;34mreadres_energy 0[0m
[1;34mbackground_energy 1.08207e+07[0m
[1;34mTotal energy breakdown[0m
[1;34mact_energy 591637[0m
[1;34mread_energy 133594[0m
[1;34mwrite_energy 0[0m
[1;34mref_energy 4.18002e+06[0m
[1;34mrefb_energy -0[0m
[1;34mgwrite_energy 0[0m
[1;34mgact_energy 0[0m
[1;34mcomp_energy 0[0m
[1;34mreadres_energy 0[0m
[1;34mbackground_energy 1.08207e+07[0m
[1;34mTotal energy breakdown[0m
[1;34mact_energy 608622[0m
[1;34mread_energy 130301[0m
[1;34mwrite_energy 0[0m
[1;34mref_energy 4.18002e+06[0m
[1;34mrefb_energy -0[0m
[1;34mgwrite_energy 0[0m
[1;34mgact_energy 0[0m
[1;34mcomp_energy 30105.6[0m
[1;34mreadres_energy 0[0m
[1;34mbackground_energy 1.08718e+07[0m
[1;34mTotal energy breakdown[0m
[1;34mact_energy 597299[0m
[1;34mread_energy 130301[0m
[1;34mwrite_energy 0[0m
[1;34mref_energy 4.18002e+06[0m
[1;34mrefb_energy -0[0m
[1;34mgwrite_energy 0[0m
[1;34mgact_energy 0[0m
[1;34mcomp_energy 0[0m
[1;34mreadres_energy 0[0m
[1;34mbackground_energy 1.08717e+07[0m
Exiting @ tick 98504000 because exiting with last active thread context
